2026-01-29T16:21:43: Error: Cannot find module 'express'
2026-01-29T16:21:43: Require stack:
2026-01-29T16:21:43: - C:\Users\00106\Desktop\IMPLEMENTAÇÃO\backend\src\app.js
2026-01-29T16:21:43: - C:\Users\00106\Desktop\IMPLEMENTAÇÃO\backend\src\server.js
2026-01-29T16:21:43:     at Module._resolveFilename (node:internal/modules/cjs/loader:1421:15)
2026-01-29T16:21:43:     at Hook._require.Module.require (C:\Users\00106\AppData\Roaming\npm\node_modules\pm2\node_modules\require-in-the-middle\index.js:81:25)
2026-01-29T16:21:43:     at require (node:internal/modules/helpers:152:16)
2026-01-29T16:21:43:     at Object.<anonymous> (C:\Users\00106\Desktop\IMPLEMENTAÇÃO\backend\src\app.js:1:17)
2026-01-29T16:21:43:     at Module._compile (node:internal/modules/cjs/loader:1761:14)
2026-01-29T16:21:43:     at Object..js (node:internal/modules/cjs/loader:1893:10)
2026-01-29T16:21:43:     at Module.load (node:internal/modules/cjs/loader:1481:32)
2026-01-29T16:21:43:     at Module._load (node:internal/modules/cjs/loader:1300:12)
2026-01-29T16:21:43:     at TracingChannel.traceSync (node:diagnostics_channel:328:14)
2026-01-29T16:21:43:     at wrapModuleLoad (node:internal/modules/cjs/loader:245:24) {
2026-01-29T16:21:43:   code: 'MODULE_NOT_FOUND',
2026-01-29T16:21:43:   requireStack: [
2026-01-29T16:21:43:     'C:\\Users\\00106\\Desktop\\IMPLEMENTAÇÃO\\backend\\src\\app.js',
2026-01-29T16:21:43:     'C:\\Users\\00106\\Desktop\\IMPLEMENTAÇÃO\\backend\\src\\server.js'
2026-01-29T16:21:43:   ]
2026-01-29T16:21:43: }
2026-01-29T16:21:44: Error: Cannot find module 'express'
2026-01-29T16:21:44: Require stack:
2026-01-29T16:21:44: - C:\Users\00106\Desktop\IMPLEMENTAÇÃO\backend\src\app.js
2026-01-29T16:21:44: - C:\Users\00106\Desktop\IMPLEMENTAÇÃO\backend\src\server.js
2026-01-29T16:21:44:     at Module._resolveFilename (node:internal/modules/cjs/loader:1421:15)
2026-01-29T16:21:44:     at Hook._require.Module.require (C:\Users\00106\AppData\Roaming\npm\node_modules\pm2\node_modules\require-in-the-middle\index.js:81:25)
2026-01-29T16:21:44:     at require (node:internal/modules/helpers:152:16)
2026-01-29T16:21:44:     at Object.<anonymous> (C:\Users\00106\Desktop\IMPLEMENTAÇÃO\backend\src\app.js:1:17)
2026-01-29T16:21:44:     at Module._compile (node:internal/modules/cjs/loader:1761:14)
2026-01-29T16:21:44:     at Object..js (node:internal/modules/cjs/loader:1893:10)
2026-01-29T16:21:44:     at Module.load (node:internal/modules/cjs/loader:1481:32)
2026-01-29T16:21:44:     at Module._load (node:internal/modules/cjs/loader:1300:12)
2026-01-29T16:21:44:     at TracingChannel.traceSync (node:diagnostics_channel:328:14)
2026-01-29T16:21:44:     at wrapModuleLoad (node:internal/modules/cjs/loader:245:24) {
2026-01-29T16:21:44:   code: 'MODULE_NOT_FOUND',
2026-01-29T16:21:44:   requireStack: [
2026-01-29T16:21:44:     'C:\\Users\\00106\\Desktop\\IMPLEMENTAÇÃO\\backend\\src\\app.js',
2026-01-29T16:21:44:     'C:\\Users\\00106\\Desktop\\IMPLEMENTAÇÃO\\backend\\src\\server.js'
2026-01-29T16:21:44:   ]
2026-01-29T16:21:44: }
2026-01-29T16:21:44: Error: Cannot find module 'express'
2026-01-29T16:21:44: Require stack:
2026-01-29T16:21:44: - C:\Users\00106\Desktop\IMPLEMENTAÇÃO\backend\src\app.js
2026-01-29T16:21:44: - C:\Users\00106\Desktop\IMPLEMENTAÇÃO\backend\src\server.js
2026-01-29T16:21:44:     at Module._resolveFilename (node:internal/modules/cjs/loader:1421:15)
2026-01-29T16:21:44:     at Hook._require.Module.require (C:\Users\00106\AppData\Roaming\npm\node_modules\pm2\node_modules\require-in-the-middle\index.js:81:25)
2026-01-29T16:21:44:     at require (node:internal/modules/helpers:152:16)
2026-01-29T16:21:44:     at Object.<anonymous> (C:\Users\00106\Desktop\IMPLEMENTAÇÃO\backend\src\app.js:1:17)
2026-01-29T16:21:44:     at Module._compile (node:internal/modules/cjs/loader:1761:14)
2026-01-29T16:21:44:     at Object..js (node:internal/modules/cjs/loader:1893:10)
2026-01-29T16:21:44:     at Module.load (node:internal/modules/cjs/loader:1481:32)
2026-01-29T16:21:44:     at Module._load (node:internal/modules/cjs/loader:1300:12)
2026-01-29T16:21:44:     at TracingChannel.traceSync (node:diagnostics_channel:328:14)
2026-01-29T16:21:44:     at wrapModuleLoad (node:internal/modules/cjs/loader:245:24) {
2026-01-29T16:21:44:   code: 'MODULE_NOT_FOUND',
2026-01-29T16:21:44:   requireStack: [
2026-01-29T16:21:44:     'C:\\Users\\00106\\Desktop\\IMPLEMENTAÇÃO\\backend\\src\\app.js',
2026-01-29T16:21:44:     'C:\\Users\\00106\\Desktop\\IMPLEMENTAÇÃO\\backend\\src\\server.js'
2026-01-29T16:21:44:   ]
2026-01-29T16:21:44: }
2026-01-29T16:21:44: Error: Cannot find module 'express'
2026-01-29T16:21:44: Require stack:
2026-01-29T16:21:44: - C:\Users\00106\Desktop\IMPLEMENTAÇÃO\backend\src\app.js
2026-01-29T16:21:44: - C:\Users\00106\Desktop\IMPLEMENTAÇÃO\backend\src\server.js
2026-01-29T16:21:44:     at Module._resolveFilename (node:internal/modules/cjs/loader:1421:15)
2026-01-29T16:21:44:     at Hook._require.Module.require (C:\Users\00106\AppData\Roaming\npm\node_modules\pm2\node_modules\require-in-the-middle\index.js:81:25)
2026-01-29T16:21:44:     at require (node:internal/modules/helpers:152:16)
2026-01-29T16:21:44:     at Object.<anonymous> (C:\Users\00106\Desktop\IMPLEMENTAÇÃO\backend\src\app.js:1:17)
2026-01-29T16:21:44:     at Module._compile (node:internal/modules/cjs/loader:1761:14)
2026-01-29T16:21:44:     at Object..js (node:internal/modules/cjs/loader:1893:10)
2026-01-29T16:21:44:     at Module.load (node:internal/modules/cjs/loader:1481:32)
2026-01-29T16:21:44:     at Module._load (node:internal/modules/cjs/loader:1300:12)
2026-01-29T16:21:44:     at TracingChannel.traceSync (node:diagnostics_channel:328:14)
2026-01-29T16:21:44:     at wrapModuleLoad (node:internal/modules/cjs/loader:245:24) {
2026-01-29T16:21:44:   code: 'MODULE_NOT_FOUND',
2026-01-29T16:21:44:   requireStack: [
2026-01-29T16:21:44:     'C:\\Users\\00106\\Desktop\\IMPLEMENTAÇÃO\\backend\\src\\app.js',
2026-01-29T16:21:44:     'C:\\Users\\00106\\Desktop\\IMPLEMENTAÇÃO\\backend\\src\\server.js'
2026-01-29T16:21:44:   ]
2026-01-29T16:21:44: }
2026-01-29T16:21:45: Error: Cannot find module 'express'
2026-01-29T16:21:45: Require stack:
2026-01-29T16:21:45: - C:\Users\00106\Desktop\IMPLEMENTAÇÃO\backend\src\app.js
2026-01-29T16:21:45: - C:\Users\00106\Desktop\IMPLEMENTAÇÃO\backend\src\server.js
2026-01-29T16:21:45:     at Module._resolveFilename (node:internal/modules/cjs/loader:1421:15)
2026-01-29T16:21:45:     at Hook._require.Module.require (C:\Users\00106\AppData\Roaming\npm\node_modules\pm2\node_modules\require-in-the-middle\index.js:81:25)
2026-01-29T16:21:45:     at require (node:internal/modules/helpers:152:16)
2026-01-29T16:21:45:     at Object.<anonymous> (C:\Users\00106\Desktop\IMPLEMENTAÇÃO\backend\src\app.js:1:17)
2026-01-29T16:21:45:     at Module._compile (node:internal/modules/cjs/loader:1761:14)
2026-01-29T16:21:45:     at Object..js (node:internal/modules/cjs/loader:1893:10)
2026-01-29T16:21:45:     at Module.load (node:internal/modules/cjs/loader:1481:32)
2026-01-29T16:21:45:     at Module._load (node:internal/modules/cjs/loader:1300:12)
2026-01-29T16:21:45:     at TracingChannel.traceSync (node:diagnostics_channel:328:14)
2026-01-29T16:21:45:     at wrapModuleLoad (node:internal/modules/cjs/loader:245:24) {
2026-01-29T16:21:45:   code: 'MODULE_NOT_FOUND',
2026-01-29T16:21:45:   requireStack: [
2026-01-29T16:21:45:     'C:\\Users\\00106\\Desktop\\IMPLEMENTAÇÃO\\backend\\src\\app.js',
2026-01-29T16:21:45:     'C:\\Users\\00106\\Desktop\\IMPLEMENTAÇÃO\\backend\\src\\server.js'
2026-01-29T16:21:45:   ]
2026-01-29T16:21:45: }
2026-01-29T16:21:45: Error: Cannot find module 'express'
2026-01-29T16:21:45: Require stack:
2026-01-29T16:21:45: - C:\Users\00106\Desktop\IMPLEMENTAÇÃO\backend\src\app.js
2026-01-29T16:21:45: - C:\Users\00106\Desktop\IMPLEMENTAÇÃO\backend\src\server.js
2026-01-29T16:21:45:     at Module._resolveFilename (node:internal/modules/cjs/loader:1421:15)
2026-01-29T16:21:45:     at Hook._require.Module.require (C:\Users\00106\AppData\Roaming\npm\node_modules\pm2\node_modules\require-in-the-middle\index.js:81:25)
2026-01-29T16:21:45:     at require (node:internal/modules/helpers:152:16)
2026-01-29T16:21:45:     at Object.<anonymous> (C:\Users\00106\Desktop\IMPLEMENTAÇÃO\backend\src\app.js:1:17)
2026-01-29T16:21:45:     at Module._compile (node:internal/modules/cjs/loader:1761:14)
2026-01-29T16:21:45:     at Object..js (node:internal/modules/cjs/loader:1893:10)
2026-01-29T16:21:45:     at Module.load (node:internal/modules/cjs/loader:1481:32)
2026-01-29T16:21:45:     at Module._load (node:internal/modules/cjs/loader:1300:12)
2026-01-29T16:21:45:     at TracingChannel.traceSync (node:diagnostics_channel:328:14)
2026-01-29T16:21:45:     at wrapModuleLoad (node:internal/modules/cjs/loader:245:24) {
2026-01-29T16:21:45:   code: 'MODULE_NOT_FOUND',
2026-01-29T16:21:45:   requireStack: [
2026-01-29T16:21:45:     'C:\\Users\\00106\\Desktop\\IMPLEMENTAÇÃO\\backend\\src\\app.js',
2026-01-29T16:21:45:     'C:\\Users\\00106\\Desktop\\IMPLEMENTAÇÃO\\backend\\src\\server.js'
2026-01-29T16:21:45:   ]
2026-01-29T16:21:45: }
2026-01-29T16:21:45: Error: Cannot find module 'express'
2026-01-29T16:21:45: Require stack:
2026-01-29T16:21:45: - C:\Users\00106\Desktop\IMPLEMENTAÇÃO\backend\src\app.js
2026-01-29T16:21:45: - C:\Users\00106\Desktop\IMPLEMENTAÇÃO\backend\src\server.js
2026-01-29T16:21:45:     at Module._resolveFilename (node:internal/modules/cjs/loader:1421:15)
2026-01-29T16:21:45:     at Hook._require.Module.require (C:\Users\00106\AppData\Roaming\npm\node_modules\pm2\node_modules\require-in-the-middle\index.js:81:25)
2026-01-29T16:21:45:     at require (node:internal/modules/helpers:152:16)
2026-01-29T16:21:45:     at Object.<anonymous> (C:\Users\00106\Desktop\IMPLEMENTAÇÃO\backend\src\app.js:1:17)
2026-01-29T16:21:45:     at Module._compile (node:internal/modules/cjs/loader:1761:14)
2026-01-29T16:21:45:     at Object..js (node:internal/modules/cjs/loader:1893:10)
2026-01-29T16:21:45:     at Module.load (node:internal/modules/cjs/loader:1481:32)
2026-01-29T16:21:45:     at Module._load (node:internal/modules/cjs/loader:1300:12)
2026-01-29T16:21:45:     at TracingChannel.traceSync (node:diagnostics_channel:328:14)
2026-01-29T16:21:45:     at wrapModuleLoad (node:internal/modules/cjs/loader:245:24) {
2026-01-29T16:21:45:   code: 'MODULE_NOT_FOUND',
2026-01-29T16:21:45:   requireStack: [
2026-01-29T16:21:45:     'C:\\Users\\00106\\Desktop\\IMPLEMENTAÇÃO\\backend\\src\\app.js',
2026-01-29T16:21:45:     'C:\\Users\\00106\\Desktop\\IMPLEMENTAÇÃO\\backend\\src\\server.js'
2026-01-29T16:21:45:   ]
2026-01-29T16:21:45: }
2026-01-29T16:21:46: Error: Cannot find module 'express'
2026-01-29T16:21:46: Require stack:
2026-01-29T16:21:46: - C:\Users\00106\Desktop\IMPLEMENTAÇÃO\backend\src\app.js
2026-01-29T16:21:46: - C:\Users\00106\Desktop\IMPLEMENTAÇÃO\backend\src\server.js
2026-01-29T16:21:46:     at Module._resolveFilename (node:internal/modules/cjs/loader:1421:15)
2026-01-29T16:21:46:     at Hook._require.Module.require (C:\Users\00106\AppData\Roaming\npm\node_modules\pm2\node_modules\require-in-the-middle\index.js:81:25)
2026-01-29T16:21:46:     at require (node:internal/modules/helpers:152:16)
2026-01-29T16:21:46:     at Object.<anonymous> (C:\Users\00106\Desktop\IMPLEMENTAÇÃO\backend\src\app.js:1:17)
2026-01-29T16:21:46:     at Module._compile (node:internal/modules/cjs/loader:1761:14)
2026-01-29T16:21:46:     at Object..js (node:internal/modules/cjs/loader:1893:10)
2026-01-29T16:21:46:     at Module.load (node:internal/modules/cjs/loader:1481:32)
2026-01-29T16:21:46:     at Module._load (node:internal/modules/cjs/loader:1300:12)
2026-01-29T16:21:46:     at TracingChannel.traceSync (node:diagnostics_channel:328:14)
2026-01-29T16:21:46:     at wrapModuleLoad (node:internal/modules/cjs/loader:245:24) {
2026-01-29T16:21:46:   code: 'MODULE_NOT_FOUND',
2026-01-29T16:21:46:   requireStack: [
2026-01-29T16:21:46:     'C:\\Users\\00106\\Desktop\\IMPLEMENTAÇÃO\\backend\\src\\app.js',
2026-01-29T16:21:46:     'C:\\Users\\00106\\Desktop\\IMPLEMENTAÇÃO\\backend\\src\\server.js'
2026-01-29T16:21:46:   ]
2026-01-29T16:21:46: }
2026-01-29T16:21:46: Error: Cannot find module 'express'
2026-01-29T16:21:46: Require stack:
2026-01-29T16:21:46: - C:\Users\00106\Desktop\IMPLEMENTAÇÃO\backend\src\app.js
2026-01-29T16:21:46: - C:\Users\00106\Desktop\IMPLEMENTAÇÃO\backend\src\server.js
2026-01-29T16:21:46:     at Module._resolveFilename (node:internal/modules/cjs/loader:1421:15)
2026-01-29T16:21:46:     at Hook._require.Module.require (C:\Users\00106\AppData\Roaming\npm\node_modules\pm2\node_modules\require-in-the-middle\index.js:81:25)
2026-01-29T16:21:46:     at require (node:internal/modules/helpers:152:16)
2026-01-29T16:21:46:     at Object.<anonymous> (C:\Users\00106\Desktop\IMPLEMENTAÇÃO\backend\src\app.js:1:17)
2026-01-29T16:21:46:     at Module._compile (node:internal/modules/cjs/loader:1761:14)
2026-01-29T16:21:46:     at Object..js (node:internal/modules/cjs/loader:1893:10)
2026-01-29T16:21:46:     at Module.load (node:internal/modules/cjs/loader:1481:32)
2026-01-29T16:21:46:     at Module._load (node:internal/modules/cjs/loader:1300:12)
2026-01-29T16:21:46:     at TracingChannel.traceSync (node:diagnostics_channel:328:14)
2026-01-29T16:21:46:     at wrapModuleLoad (node:internal/modules/cjs/loader:245:24) {
2026-01-29T16:21:46:   code: 'MODULE_NOT_FOUND',
2026-01-29T16:21:46:   requireStack: [
2026-01-29T16:21:46:     'C:\\Users\\00106\\Desktop\\IMPLEMENTAÇÃO\\backend\\src\\app.js',
2026-01-29T16:21:46:     'C:\\Users\\00106\\Desktop\\IMPLEMENTAÇÃO\\backend\\src\\server.js'
2026-01-29T16:21:46:   ]
2026-01-29T16:21:46: }
2026-01-29T16:21:46: Error: Cannot find module 'express'
2026-01-29T16:21:46: Require stack:
2026-01-29T16:21:46: - C:\Users\00106\Desktop\IMPLEMENTAÇÃO\backend\src\app.js
2026-01-29T16:21:46: - C:\Users\00106\Desktop\IMPLEMENTAÇÃO\backend\src\server.js
2026-01-29T16:21:46:     at Module._resolveFilename (node:internal/modules/cjs/loader:1421:15)
2026-01-29T16:21:46:     at Hook._require.Module.require (C:\Users\00106\AppData\Roaming\npm\node_modules\pm2\node_modules\require-in-the-middle\index.js:81:25)
2026-01-29T16:21:46:     at require (node:internal/modules/helpers:152:16)
2026-01-29T16:21:46:     at Object.<anonymous> (C:\Users\00106\Desktop\IMPLEMENTAÇÃO\backend\src\app.js:1:17)
2026-01-29T16:21:46:     at Module._compile (node:internal/modules/cjs/loader:1761:14)
2026-01-29T16:21:46:     at Object..js (node:internal/modules/cjs/loader:1893:10)
2026-01-29T16:21:46:     at Module.load (node:internal/modules/cjs/loader:1481:32)
2026-01-29T16:21:46:     at Module._load (node:internal/modules/cjs/loader:1300:12)
2026-01-29T16:21:46:     at TracingChannel.traceSync (node:diagnostics_channel:328:14)
2026-01-29T16:21:46:     at wrapModuleLoad (node:internal/modules/cjs/loader:245:24) {
2026-01-29T16:21:46:   code: 'MODULE_NOT_FOUND',
2026-01-29T16:21:46:   requireStack: [
2026-01-29T16:21:46:     'C:\\Users\\00106\\Desktop\\IMPLEMENTAÇÃO\\backend\\src\\app.js',
2026-01-29T16:21:46:     'C:\\Users\\00106\\Desktop\\IMPLEMENTAÇÃO\\backend\\src\\server.js'
2026-01-29T16:21:46:   ]
2026-01-29T16:21:46: }
2026-01-29T16:21:47: Error: Cannot find module 'express'
2026-01-29T16:21:47: Require stack:
2026-01-29T16:21:47: - C:\Users\00106\Desktop\IMPLEMENTAÇÃO\backend\src\app.js
2026-01-29T16:21:47: - C:\Users\00106\Desktop\IMPLEMENTAÇÃO\backend\src\server.js
2026-01-29T16:21:47:     at Module._resolveFilename (node:internal/modules/cjs/loader:1421:15)
2026-01-29T16:21:47:     at Hook._require.Module.require (C:\Users\00106\AppData\Roaming\npm\node_modules\pm2\node_modules\require-in-the-middle\index.js:81:25)
2026-01-29T16:21:47:     at require (node:internal/modules/helpers:152:16)
2026-01-29T16:21:47:     at Object.<anonymous> (C:\Users\00106\Desktop\IMPLEMENTAÇÃO\backend\src\app.js:1:17)
2026-01-29T16:21:47:     at Module._compile (node:internal/modules/cjs/loader:1761:14)
2026-01-29T16:21:47:     at Object..js (node:internal/modules/cjs/loader:1893:10)
2026-01-29T16:21:47:     at Module.load (node:internal/modules/cjs/loader:1481:32)
2026-01-29T16:21:47:     at Module._load (node:internal/modules/cjs/loader:1300:12)
2026-01-29T16:21:47:     at TracingChannel.traceSync (node:diagnostics_channel:328:14)
2026-01-29T16:21:47:     at wrapModuleLoad (node:internal/modules/cjs/loader:245:24) {
2026-01-29T16:21:47:   code: 'MODULE_NOT_FOUND',
2026-01-29T16:21:47:   requireStack: [
2026-01-29T16:21:47:     'C:\\Users\\00106\\Desktop\\IMPLEMENTAÇÃO\\backend\\src\\app.js',
2026-01-29T16:21:47:     'C:\\Users\\00106\\Desktop\\IMPLEMENTAÇÃO\\backend\\src\\server.js'
2026-01-29T16:21:47:   ]
2026-01-29T16:21:47: }
2026-01-29T16:21:47: Error: Cannot find module 'express'
2026-01-29T16:21:47: Require stack:
2026-01-29T16:21:47: - C:\Users\00106\Desktop\IMPLEMENTAÇÃO\backend\src\app.js
2026-01-29T16:21:47: - C:\Users\00106\Desktop\IMPLEMENTAÇÃO\backend\src\server.js
2026-01-29T16:21:47:     at Module._resolveFilename (node:internal/modules/cjs/loader:1421:15)
2026-01-29T16:21:47:     at Hook._require.Module.require (C:\Users\00106\AppData\Roaming\npm\node_modules\pm2\node_modules\require-in-the-middle\index.js:81:25)
2026-01-29T16:21:47:     at require (node:internal/modules/helpers:152:16)
2026-01-29T16:21:47:     at Object.<anonymous> (C:\Users\00106\Desktop\IMPLEMENTAÇÃO\backend\src\app.js:1:17)
2026-01-29T16:21:47:     at Module._compile (node:internal/modules/cjs/loader:1761:14)
2026-01-29T16:21:47:     at Object..js (node:internal/modules/cjs/loader:1893:10)
2026-01-29T16:21:47:     at Module.load (node:internal/modules/cjs/loader:1481:32)
2026-01-29T16:21:47:     at Module._load (node:internal/modules/cjs/loader:1300:12)
2026-01-29T16:21:47:     at TracingChannel.traceSync (node:diagnostics_channel:328:14)
2026-01-29T16:21:47:     at wrapModuleLoad (node:internal/modules/cjs/loader:245:24) {
2026-01-29T16:21:47:   code: 'MODULE_NOT_FOUND',
2026-01-29T16:21:47:   requireStack: [
2026-01-29T16:21:47:     'C:\\Users\\00106\\Desktop\\IMPLEMENTAÇÃO\\backend\\src\\app.js',
2026-01-29T16:21:47:     'C:\\Users\\00106\\Desktop\\IMPLEMENTAÇÃO\\backend\\src\\server.js'
2026-01-29T16:21:47:   ]
2026-01-29T16:21:47: }
2026-01-29T16:21:47: Error: Cannot find module 'express'
2026-01-29T16:21:47: Require stack:
2026-01-29T16:21:47: - C:\Users\00106\Desktop\IMPLEMENTAÇÃO\backend\src\app.js
2026-01-29T16:21:47: - C:\Users\00106\Desktop\IMPLEMENTAÇÃO\backend\src\server.js
2026-01-29T16:21:47:     at Module._resolveFilename (node:internal/modules/cjs/loader:1421:15)
2026-01-29T16:21:47:     at Hook._require.Module.require (C:\Users\00106\AppData\Roaming\npm\node_modules\pm2\node_modules\require-in-the-middle\index.js:81:25)
2026-01-29T16:21:47:     at require (node:internal/modules/helpers:152:16)
2026-01-29T16:21:47:     at Object.<anonymous> (C:\Users\00106\Desktop\IMPLEMENTAÇÃO\backend\src\app.js:1:17)
2026-01-29T16:21:47:     at Module._compile (node:internal/modules/cjs/loader:1761:14)
2026-01-29T16:21:47:     at Object..js (node:internal/modules/cjs/loader:1893:10)
2026-01-29T16:21:47:     at Module.load (node:internal/modules/cjs/loader:1481:32)
2026-01-29T16:21:47:     at Module._load (node:internal/modules/cjs/loader:1300:12)
2026-01-29T16:21:47:     at TracingChannel.traceSync (node:diagnostics_channel:328:14)
2026-01-29T16:21:47:     at wrapModuleLoad (node:internal/modules/cjs/loader:245:24) {
2026-01-29T16:21:47:   code: 'MODULE_NOT_FOUND',
2026-01-29T16:21:47:   requireStack: [
2026-01-29T16:21:47:     'C:\\Users\\00106\\Desktop\\IMPLEMENTAÇÃO\\backend\\src\\app.js',
2026-01-29T16:21:47:     'C:\\Users\\00106\\Desktop\\IMPLEMENTAÇÃO\\backend\\src\\server.js'
2026-01-29T16:21:47:   ]
2026-01-29T16:21:47: }
2026-01-29T16:21:48: Error: Cannot find module 'express'
2026-01-29T16:21:48: Require stack:
2026-01-29T16:21:48: - C:\Users\00106\Desktop\IMPLEMENTAÇÃO\backend\src\app.js
2026-01-29T16:21:48: - C:\Users\00106\Desktop\IMPLEMENTAÇÃO\backend\src\server.js
2026-01-29T16:21:48:     at Module._resolveFilename (node:internal/modules/cjs/loader:1421:15)
2026-01-29T16:21:48:     at Hook._require.Module.require (C:\Users\00106\AppData\Roaming\npm\node_modules\pm2\node_modules\require-in-the-middle\index.js:81:25)
2026-01-29T16:21:48:     at require (node:internal/modules/helpers:152:16)
2026-01-29T16:21:48:     at Object.<anonymous> (C:\Users\00106\Desktop\IMPLEMENTAÇÃO\backend\src\app.js:1:17)
2026-01-29T16:21:48:     at Module._compile (node:internal/modules/cjs/loader:1761:14)
2026-01-29T16:21:48:     at Object..js (node:internal/modules/cjs/loader:1893:10)
2026-01-29T16:21:48:     at Module.load (node:internal/modules/cjs/loader:1481:32)
2026-01-29T16:21:48:     at Module._load (node:internal/modules/cjs/loader:1300:12)
2026-01-29T16:21:48:     at TracingChannel.traceSync (node:diagnostics_channel:328:14)
2026-01-29T16:21:48:     at wrapModuleLoad (node:internal/modules/cjs/loader:245:24) {
2026-01-29T16:21:48:   code: 'MODULE_NOT_FOUND',
2026-01-29T16:21:48:   requireStack: [
2026-01-29T16:21:48:     'C:\\Users\\00106\\Desktop\\IMPLEMENTAÇÃO\\backend\\src\\app.js',
2026-01-29T16:21:48:     'C:\\Users\\00106\\Desktop\\IMPLEMENTAÇÃO\\backend\\src\\server.js'
2026-01-29T16:21:48:   ]
2026-01-29T16:21:48: }
2026-01-29T16:21:48: Error: Cannot find module 'express'
2026-01-29T16:21:48: Require stack:
2026-01-29T16:21:48: - C:\Users\00106\Desktop\IMPLEMENTAÇÃO\backend\src\app.js
2026-01-29T16:21:48: - C:\Users\00106\Desktop\IMPLEMENTAÇÃO\backend\src\server.js
2026-01-29T16:21:48:     at Module._resolveFilename (node:internal/modules/cjs/loader:1421:15)
2026-01-29T16:21:48:     at Hook._require.Module.require (C:\Users\00106\AppData\Roaming\npm\node_modules\pm2\node_modules\require-in-the-middle\index.js:81:25)
2026-01-29T16:21:48:     at require (node:internal/modules/helpers:152:16)
2026-01-29T16:21:48:     at Object.<anonymous> (C:\Users\00106\Desktop\IMPLEMENTAÇÃO\backend\src\app.js:1:17)
2026-01-29T16:21:48:     at Module._compile (node:internal/modules/cjs/loader:1761:14)
2026-01-29T16:21:48:     at Object..js (node:internal/modules/cjs/loader:1893:10)
2026-01-29T16:21:48:     at Module.load (node:internal/modules/cjs/loader:1481:32)
2026-01-29T16:21:48:     at Module._load (node:internal/modules/cjs/loader:1300:12)
2026-01-29T16:21:48:     at TracingChannel.traceSync (node:diagnostics_channel:328:14)
2026-01-29T16:21:48:     at wrapModuleLoad (node:internal/modules/cjs/loader:245:24) {
2026-01-29T16:21:48:   code: 'MODULE_NOT_FOUND',
2026-01-29T16:21:48:   requireStack: [
2026-01-29T16:21:48:     'C:\\Users\\00106\\Desktop\\IMPLEMENTAÇÃO\\backend\\src\\app.js',
2026-01-29T16:21:48:     'C:\\Users\\00106\\Desktop\\IMPLEMENTAÇÃO\\backend\\src\\server.js'
2026-01-29T16:21:48:   ]
2026-01-29T16:21:48: }
2026-01-29T16:21:49: Error: Cannot find module 'express'
2026-01-29T16:21:49: Require stack:
2026-01-29T16:21:49: - C:\Users\00106\Desktop\IMPLEMENTAÇÃO\backend\src\app.js
2026-01-29T16:21:49: - C:\Users\00106\Desktop\IMPLEMENTAÇÃO\backend\src\server.js
2026-01-29T16:21:49:     at Module._resolveFilename (node:internal/modules/cjs/loader:1421:15)
2026-01-29T16:21:49:     at Hook._require.Module.require (C:\Users\00106\AppData\Roaming\npm\node_modules\pm2\node_modules\require-in-the-middle\index.js:81:25)
2026-01-29T16:21:49:     at require (node:internal/modules/helpers:152:16)
2026-01-29T16:21:49:     at Object.<anonymous> (C:\Users\00106\Desktop\IMPLEMENTAÇÃO\backend\src\app.js:1:17)
2026-01-29T16:21:49:     at Module._compile (node:internal/modules/cjs/loader:1761:14)
2026-01-29T16:21:49:     at Object..js (node:internal/modules/cjs/loader:1893:10)
2026-01-29T16:21:49:     at Module.load (node:internal/modules/cjs/loader:1481:32)
2026-01-29T16:21:49:     at Module._load (node:internal/modules/cjs/loader:1300:12)
2026-01-29T16:21:49:     at TracingChannel.traceSync (node:diagnostics_channel:328:14)
2026-01-29T16:21:49:     at wrapModuleLoad (node:internal/modules/cjs/loader:245:24) {
2026-01-29T16:21:49:   code: 'MODULE_NOT_FOUND',
2026-01-29T16:21:49:   requireStack: [
2026-01-29T16:21:49:     'C:\\Users\\00106\\Desktop\\IMPLEMENTAÇÃO\\backend\\src\\app.js',
2026-01-29T16:21:49:     'C:\\Users\\00106\\Desktop\\IMPLEMENTAÇÃO\\backend\\src\\server.js'
2026-01-29T16:21:49:   ]
2026-01-29T16:21:49: }
2026-01-29T16:22:12: Error: Cannot find module 'express'
2026-01-29T16:22:12: Require stack:
2026-01-29T16:22:12: - C:\Users\00106\Desktop\IMPLEMENTAÇÃO\backend\src\app.js
2026-01-29T16:22:12: - C:\Users\00106\Desktop\IMPLEMENTAÇÃO\backend\src\server.js
2026-01-29T16:22:12:     at Module._resolveFilename (node:internal/modules/cjs/loader:1421:15)
2026-01-29T16:22:12:     at Hook._require.Module.require (C:\Users\00106\AppData\Roaming\npm\node_modules\pm2\node_modules\require-in-the-middle\index.js:81:25)
2026-01-29T16:22:12:     at require (node:internal/modules/helpers:152:16)
2026-01-29T16:22:12:     at Object.<anonymous> (C:\Users\00106\Desktop\IMPLEMENTAÇÃO\backend\src\app.js:1:17)
2026-01-29T16:22:12:     at Module._compile (node:internal/modules/cjs/loader:1761:14)
2026-01-29T16:22:12:     at Object..js (node:internal/modules/cjs/loader:1893:10)
2026-01-29T16:22:12:     at Module.load (node:internal/modules/cjs/loader:1481:32)
2026-01-29T16:22:12:     at Module._load (node:internal/modules/cjs/loader:1300:12)
2026-01-29T16:22:12:     at TracingChannel.traceSync (node:diagnostics_channel:328:14)
2026-01-29T16:22:12:     at wrapModuleLoad (node:internal/modules/cjs/loader:245:24) {
2026-01-29T16:22:12:   code: 'MODULE_NOT_FOUND',
2026-01-29T16:22:12:   requireStack: [
2026-01-29T16:22:12:     'C:\\Users\\00106\\Desktop\\IMPLEMENTAÇÃO\\backend\\src\\app.js',
2026-01-29T16:22:12:     'C:\\Users\\00106\\Desktop\\IMPLEMENTAÇÃO\\backend\\src\\server.js'
2026-01-29T16:22:12:   ]
2026-01-29T16:22:12: }
2026-01-29T16:22:13: Error: Cannot find module 'express'
2026-01-29T16:22:13: Require stack:
2026-01-29T16:22:13: - C:\Users\00106\Desktop\IMPLEMENTAÇÃO\backend\src\app.js
2026-01-29T16:22:13: - C:\Users\00106\Desktop\IMPLEMENTAÇÃO\backend\src\server.js
2026-01-29T16:22:13:     at Module._resolveFilename (node:internal/modules/cjs/loader:1421:15)
2026-01-29T16:22:13:     at Hook._require.Module.require (C:\Users\00106\AppData\Roaming\npm\node_modules\pm2\node_modules\require-in-the-middle\index.js:81:25)
2026-01-29T16:22:13:     at require (node:internal/modules/helpers:152:16)
2026-01-29T16:22:13:     at Object.<anonymous> (C:\Users\00106\Desktop\IMPLEMENTAÇÃO\backend\src\app.js:1:17)
2026-01-29T16:22:13:     at Module._compile (node:internal/modules/cjs/loader:1761:14)
2026-01-29T16:22:13:     at Object..js (node:internal/modules/cjs/loader:1893:10)
2026-01-29T16:22:13:     at Module.load (node:internal/modules/cjs/loader:1481:32)
2026-01-29T16:22:13:     at Module._load (node:internal/modules/cjs/loader:1300:12)
2026-01-29T16:22:13:     at TracingChannel.traceSync (node:diagnostics_channel:328:14)
2026-01-29T16:22:13:     at wrapModuleLoad (node:internal/modules/cjs/loader:245:24) {
2026-01-29T16:22:13:   code: 'MODULE_NOT_FOUND',
2026-01-29T16:22:13:   requireStack: [
2026-01-29T16:22:13:     'C:\\Users\\00106\\Desktop\\IMPLEMENTAÇÃO\\backend\\src\\app.js',
2026-01-29T16:22:13:     'C:\\Users\\00106\\Desktop\\IMPLEMENTAÇÃO\\backend\\src\\server.js'
2026-01-29T16:22:13:   ]
2026-01-29T16:22:13: }
2026-01-29T16:22:13: Error: Cannot find module 'express'
2026-01-29T16:22:13: Require stack:
2026-01-29T16:22:13: - C:\Users\00106\Desktop\IMPLEMENTAÇÃO\backend\src\app.js
2026-01-29T16:22:13: - C:\Users\00106\Desktop\IMPLEMENTAÇÃO\backend\src\server.js
2026-01-29T16:22:13:     at Module._resolveFilename (node:internal/modules/cjs/loader:1421:15)
2026-01-29T16:22:13:     at Hook._require.Module.require (C:\Users\00106\AppData\Roaming\npm\node_modules\pm2\node_modules\require-in-the-middle\index.js:81:25)
2026-01-29T16:22:13:     at require (node:internal/modules/helpers:152:16)
2026-01-29T16:22:13:     at Object.<anonymous> (C:\Users\00106\Desktop\IMPLEMENTAÇÃO\backend\src\app.js:1:17)
2026-01-29T16:22:13:     at Module._compile (node:internal/modules/cjs/loader:1761:14)
2026-01-29T16:22:13:     at Object..js (node:internal/modules/cjs/loader:1893:10)
2026-01-29T16:22:13:     at Module.load (node:internal/modules/cjs/loader:1481:32)
2026-01-29T16:22:13:     at Module._load (node:internal/modules/cjs/loader:1300:12)
2026-01-29T16:22:13:     at TracingChannel.traceSync (node:diagnostics_channel:328:14)
2026-01-29T16:22:13:     at wrapModuleLoad (node:internal/modules/cjs/loader:245:24) {
2026-01-29T16:22:13:   code: 'MODULE_NOT_FOUND',
2026-01-29T16:22:13:   requireStack: [
2026-01-29T16:22:13:     'C:\\Users\\00106\\Desktop\\IMPLEMENTAÇÃO\\backend\\src\\app.js',
2026-01-29T16:22:13:     'C:\\Users\\00106\\Desktop\\IMPLEMENTAÇÃO\\backend\\src\\server.js'
2026-01-29T16:22:13:   ]
2026-01-29T16:22:13: }
2026-01-29T16:22:13: Error: Cannot find module 'express'
2026-01-29T16:22:13: Require stack:
2026-01-29T16:22:13: - C:\Users\00106\Desktop\IMPLEMENTAÇÃO\backend\src\app.js
2026-01-29T16:22:13: - C:\Users\00106\Desktop\IMPLEMENTAÇÃO\backend\src\server.js
2026-01-29T16:22:13:     at Module._resolveFilename (node:internal/modules/cjs/loader:1421:15)
2026-01-29T16:22:13:     at Hook._require.Module.require (C:\Users\00106\AppData\Roaming\npm\node_modules\pm2\node_modules\require-in-the-middle\index.js:81:25)
2026-01-29T16:22:13:     at require (node:internal/modules/helpers:152:16)
2026-01-29T16:22:13:     at Object.<anonymous> (C:\Users\00106\Desktop\IMPLEMENTAÇÃO\backend\src\app.js:1:17)
2026-01-29T16:22:13:     at Module._compile (node:internal/modules/cjs/loader:1761:14)
2026-01-29T16:22:13:     at Object..js (node:internal/modules/cjs/loader:1893:10)
2026-01-29T16:22:13:     at Module.load (node:internal/modules/cjs/loader:1481:32)
2026-01-29T16:22:13:     at Module._load (node:internal/modules/cjs/loader:1300:12)
2026-01-29T16:22:13:     at TracingChannel.traceSync (node:diagnostics_channel:328:14)
2026-01-29T16:22:13:     at wrapModuleLoad (node:internal/modules/cjs/loader:245:24) {
2026-01-29T16:22:13:   code: 'MODULE_NOT_FOUND',
2026-01-29T16:22:13:   requireStack: [
2026-01-29T16:22:13:     'C:\\Users\\00106\\Desktop\\IMPLEMENTAÇÃO\\backend\\src\\app.js',
2026-01-29T16:22:13:     'C:\\Users\\00106\\Desktop\\IMPLEMENTAÇÃO\\backend\\src\\server.js'
2026-01-29T16:22:13:   ]
2026-01-29T16:22:13: }
2026-01-29T16:22:14: Error: Cannot find module 'express'
2026-01-29T16:22:14: Require stack:
2026-01-29T16:22:14: - C:\Users\00106\Desktop\IMPLEMENTAÇÃO\backend\src\app.js
2026-01-29T16:22:14: - C:\Users\00106\Desktop\IMPLEMENTAÇÃO\backend\src\server.js
2026-01-29T16:22:14:     at Module._resolveFilename (node:internal/modules/cjs/loader:1421:15)
2026-01-29T16:22:14:     at Hook._require.Module.require (C:\Users\00106\AppData\Roaming\npm\node_modules\pm2\node_modules\require-in-the-middle\index.js:81:25)
2026-01-29T16:22:14:     at require (node:internal/modules/helpers:152:16)
2026-01-29T16:22:14:     at Object.<anonymous> (C:\Users\00106\Desktop\IMPLEMENTAÇÃO\backend\src\app.js:1:17)
2026-01-29T16:22:14:     at Module._compile (node:internal/modules/cjs/loader:1761:14)
2026-01-29T16:22:14:     at Object..js (node:internal/modules/cjs/loader:1893:10)
2026-01-29T16:22:14:     at Module.load (node:internal/modules/cjs/loader:1481:32)
2026-01-29T16:22:14:     at Module._load (node:internal/modules/cjs/loader:1300:12)
2026-01-29T16:22:14:     at TracingChannel.traceSync (node:diagnostics_channel:328:14)
2026-01-29T16:22:14:     at wrapModuleLoad (node:internal/modules/cjs/loader:245:24) {
2026-01-29T16:22:14:   code: 'MODULE_NOT_FOUND',
2026-01-29T16:22:14:   requireStack: [
2026-01-29T16:22:14:     'C:\\Users\\00106\\Desktop\\IMPLEMENTAÇÃO\\backend\\src\\app.js',
2026-01-29T16:22:14:     'C:\\Users\\00106\\Desktop\\IMPLEMENTAÇÃO\\backend\\src\\server.js'
2026-01-29T16:22:14:   ]
2026-01-29T16:22:14: }
2026-01-29T16:22:14: Error: Cannot find module 'express'
2026-01-29T16:22:14: Require stack:
2026-01-29T16:22:14: - C:\Users\00106\Desktop\IMPLEMENTAÇÃO\backend\src\app.js
2026-01-29T16:22:14: - C:\Users\00106\Desktop\IMPLEMENTAÇÃO\backend\src\server.js
2026-01-29T16:22:14:     at Module._resolveFilename (node:internal/modules/cjs/loader:1421:15)
2026-01-29T16:22:14:     at Hook._require.Module.require (C:\Users\00106\AppData\Roaming\npm\node_modules\pm2\node_modules\require-in-the-middle\index.js:81:25)
2026-01-29T16:22:14:     at require (node:internal/modules/helpers:152:16)
2026-01-29T16:22:14:     at Object.<anonymous> (C:\Users\00106\Desktop\IMPLEMENTAÇÃO\backend\src\app.js:1:17)
2026-01-29T16:22:14:     at Module._compile (node:internal/modules/cjs/loader:1761:14)
2026-01-29T16:22:14:     at Object..js (node:internal/modules/cjs/loader:1893:10)
2026-01-29T16:22:14:     at Module.load (node:internal/modules/cjs/loader:1481:32)
2026-01-29T16:22:14:     at Module._load (node:internal/modules/cjs/loader:1300:12)
2026-01-29T16:22:14:     at TracingChannel.traceSync (node:diagnostics_channel:328:14)
2026-01-29T16:22:14:     at wrapModuleLoad (node:internal/modules/cjs/loader:245:24) {
2026-01-29T16:22:14:   code: 'MODULE_NOT_FOUND',
2026-01-29T16:22:14:   requireStack: [
2026-01-29T16:22:14:     'C:\\Users\\00106\\Desktop\\IMPLEMENTAÇÃO\\backend\\src\\app.js',
2026-01-29T16:22:14:     'C:\\Users\\00106\\Desktop\\IMPLEMENTAÇÃO\\backend\\src\\server.js'
2026-01-29T16:22:14:   ]
2026-01-29T16:22:14: }
2026-01-29T16:22:14: Error: Cannot find module 'express'
2026-01-29T16:22:14: Require stack:
2026-01-29T16:22:14: - C:\Users\00106\Desktop\IMPLEMENTAÇÃO\backend\src\app.js
2026-01-29T16:22:14: - C:\Users\00106\Desktop\IMPLEMENTAÇÃO\backend\src\server.js
2026-01-29T16:22:14:     at Module._resolveFilename (node:internal/modules/cjs/loader:1421:15)
2026-01-29T16:22:14:     at Hook._require.Module.require (C:\Users\00106\AppData\Roaming\npm\node_modules\pm2\node_modules\require-in-the-middle\index.js:81:25)
2026-01-29T16:22:14:     at require (node:internal/modules/helpers:152:16)
2026-01-29T16:22:14:     at Object.<anonymous> (C:\Users\00106\Desktop\IMPLEMENTAÇÃO\backend\src\app.js:1:17)
2026-01-29T16:22:14:     at Module._compile (node:internal/modules/cjs/loader:1761:14)
2026-01-29T16:22:14:     at Object..js (node:internal/modules/cjs/loader:1893:10)
2026-01-29T16:22:14:     at Module.load (node:internal/modules/cjs/loader:1481:32)
2026-01-29T16:22:14:     at Module._load (node:internal/modules/cjs/loader:1300:12)
2026-01-29T16:22:14:     at TracingChannel.traceSync (node:diagnostics_channel:328:14)
2026-01-29T16:22:14:     at wrapModuleLoad (node:internal/modules/cjs/loader:245:24) {
2026-01-29T16:22:14:   code: 'MODULE_NOT_FOUND',
2026-01-29T16:22:14:   requireStack: [
2026-01-29T16:22:14:     'C:\\Users\\00106\\Desktop\\IMPLEMENTAÇÃO\\backend\\src\\app.js',
2026-01-29T16:22:14:     'C:\\Users\\00106\\Desktop\\IMPLEMENTAÇÃO\\backend\\src\\server.js'
2026-01-29T16:22:14:   ]
2026-01-29T16:22:14: }
2026-01-29T16:22:15: Error: Cannot find module 'express'
2026-01-29T16:22:15: Require stack:
2026-01-29T16:22:15: - C:\Users\00106\Desktop\IMPLEMENTAÇÃO\backend\src\app.js
2026-01-29T16:22:15: - C:\Users\00106\Desktop\IMPLEMENTAÇÃO\backend\src\server.js
2026-01-29T16:22:15:     at Module._resolveFilename (node:internal/modules/cjs/loader:1421:15)
2026-01-29T16:22:15:     at Hook._require.Module.require (C:\Users\00106\AppData\Roaming\npm\node_modules\pm2\node_modules\require-in-the-middle\index.js:81:25)
2026-01-29T16:22:15:     at require (node:internal/modules/helpers:152:16)
2026-01-29T16:22:15:     at Object.<anonymous> (C:\Users\00106\Desktop\IMPLEMENTAÇÃO\backend\src\app.js:1:17)
2026-01-29T16:22:15:     at Module._compile (node:internal/modules/cjs/loader:1761:14)
2026-01-29T16:22:15:     at Object..js (node:internal/modules/cjs/loader:1893:10)
2026-01-29T16:22:15:     at Module.load (node:internal/modules/cjs/loader:1481:32)
2026-01-29T16:22:15:     at Module._load (node:internal/modules/cjs/loader:1300:12)
2026-01-29T16:22:15:     at TracingChannel.traceSync (node:diagnostics_channel:328:14)
2026-01-29T16:22:15:     at wrapModuleLoad (node:internal/modules/cjs/loader:245:24) {
2026-01-29T16:22:15:   code: 'MODULE_NOT_FOUND',
2026-01-29T16:22:15:   requireStack: [
2026-01-29T16:22:15:     'C:\\Users\\00106\\Desktop\\IMPLEMENTAÇÃO\\backend\\src\\app.js',
2026-01-29T16:22:15:     'C:\\Users\\00106\\Desktop\\IMPLEMENTAÇÃO\\backend\\src\\server.js'
2026-01-29T16:22:15:   ]
2026-01-29T16:22:15: }
2026-01-29T16:22:15: Error: Cannot find module 'express'
2026-01-29T16:22:15: Require stack:
2026-01-29T16:22:15: - C:\Users\00106\Desktop\IMPLEMENTAÇÃO\backend\src\app.js
2026-01-29T16:22:15: - C:\Users\00106\Desktop\IMPLEMENTAÇÃO\backend\src\server.js
2026-01-29T16:22:15:     at Module._resolveFilename (node:internal/modules/cjs/loader:1421:15)
2026-01-29T16:22:15:     at Hook._require.Module.require (C:\Users\00106\AppData\Roaming\npm\node_modules\pm2\node_modules\require-in-the-middle\index.js:81:25)
2026-01-29T16:22:15:     at require (node:internal/modules/helpers:152:16)
2026-01-29T16:22:15:     at Object.<anonymous> (C:\Users\00106\Desktop\IMPLEMENTAÇÃO\backend\src\app.js:1:17)
2026-01-29T16:22:15:     at Module._compile (node:internal/modules/cjs/loader:1761:14)
2026-01-29T16:22:15:     at Object..js (node:internal/modules/cjs/loader:1893:10)
2026-01-29T16:22:15:     at Module.load (node:internal/modules/cjs/loader:1481:32)
2026-01-29T16:22:15:     at Module._load (node:internal/modules/cjs/loader:1300:12)
2026-01-29T16:22:15:     at TracingChannel.traceSync (node:diagnostics_channel:328:14)
2026-01-29T16:22:15:     at wrapModuleLoad (node:internal/modules/cjs/loader:245:24) {
2026-01-29T16:22:15:   code: 'MODULE_NOT_FOUND',
2026-01-29T16:22:15:   requireStack: [
2026-01-29T16:22:15:     'C:\\Users\\00106\\Desktop\\IMPLEMENTAÇÃO\\backend\\src\\app.js',
2026-01-29T16:22:15:     'C:\\Users\\00106\\Desktop\\IMPLEMENTAÇÃO\\backend\\src\\server.js'
2026-01-29T16:22:15:   ]
2026-01-29T16:22:15: }
2026-01-29T16:22:15: Error: Cannot find module 'express'
2026-01-29T16:22:15: Require stack:
2026-01-29T16:22:15: - C:\Users\00106\Desktop\IMPLEMENTAÇÃO\backend\src\app.js
2026-01-29T16:22:15: - C:\Users\00106\Desktop\IMPLEMENTAÇÃO\backend\src\server.js
2026-01-29T16:22:15:     at Module._resolveFilename (node:internal/modules/cjs/loader:1421:15)
2026-01-29T16:22:15:     at Hook._require.Module.require (C:\Users\00106\AppData\Roaming\npm\node_modules\pm2\node_modules\require-in-the-middle\index.js:81:25)
2026-01-29T16:22:15:     at require (node:internal/modules/helpers:152:16)
2026-01-29T16:22:15:     at Object.<anonymous> (C:\Users\00106\Desktop\IMPLEMENTAÇÃO\backend\src\app.js:1:17)
2026-01-29T16:22:15:     at Module._compile (node:internal/modules/cjs/loader:1761:14)
2026-01-29T16:22:15:     at Object..js (node:internal/modules/cjs/loader:1893:10)
2026-01-29T16:22:15:     at Module.load (node:internal/modules/cjs/loader:1481:32)
2026-01-29T16:22:15:     at Module._load (node:internal/modules/cjs/loader:1300:12)
2026-01-29T16:22:15:     at TracingChannel.traceSync (node:diagnostics_channel:328:14)
2026-01-29T16:22:15:     at wrapModuleLoad (node:internal/modules/cjs/loader:245:24) {
2026-01-29T16:22:15:   code: 'MODULE_NOT_FOUND',
2026-01-29T16:22:15:   requireStack: [
2026-01-29T16:22:15:     'C:\\Users\\00106\\Desktop\\IMPLEMENTAÇÃO\\backend\\src\\app.js',
2026-01-29T16:22:15:     'C:\\Users\\00106\\Desktop\\IMPLEMENTAÇÃO\\backend\\src\\server.js'
2026-01-29T16:22:15:   ]
2026-01-29T16:22:15: }
2026-01-29T16:22:16: Error: Cannot find module 'express'
2026-01-29T16:22:16: Require stack:
2026-01-29T16:22:16: - C:\Users\00106\Desktop\IMPLEMENTAÇÃO\backend\src\app.js
2026-01-29T16:22:16: - C:\Users\00106\Desktop\IMPLEMENTAÇÃO\backend\src\server.js
2026-01-29T16:22:16:     at Module._resolveFilename (node:internal/modules/cjs/loader:1421:15)
2026-01-29T16:22:16:     at Hook._require.Module.require (C:\Users\00106\AppData\Roaming\npm\node_modules\pm2\node_modules\require-in-the-middle\index.js:81:25)
2026-01-29T16:22:16:     at require (node:internal/modules/helpers:152:16)
2026-01-29T16:22:16:     at Object.<anonymous> (C:\Users\00106\Desktop\IMPLEMENTAÇÃO\backend\src\app.js:1:17)
2026-01-29T16:22:16:     at Module._compile (node:internal/modules/cjs/loader:1761:14)
2026-01-29T16:22:16:     at Object..js (node:internal/modules/cjs/loader:1893:10)
2026-01-29T16:22:16:     at Module.load (node:internal/modules/cjs/loader:1481:32)
2026-01-29T16:22:16:     at Module._load (node:internal/modules/cjs/loader:1300:12)
2026-01-29T16:22:16:     at TracingChannel.traceSync (node:diagnostics_channel:328:14)
2026-01-29T16:22:16:     at wrapModuleLoad (node:internal/modules/cjs/loader:245:24) {
2026-01-29T16:22:16:   code: 'MODULE_NOT_FOUND',
2026-01-29T16:22:16:   requireStack: [
2026-01-29T16:22:16:     'C:\\Users\\00106\\Desktop\\IMPLEMENTAÇÃO\\backend\\src\\app.js',
2026-01-29T16:22:16:     'C:\\Users\\00106\\Desktop\\IMPLEMENTAÇÃO\\backend\\src\\server.js'
2026-01-29T16:22:16:   ]
2026-01-29T16:22:16: }
2026-01-29T16:22:16: Error: Cannot find module 'express'
2026-01-29T16:22:16: Require stack:
2026-01-29T16:22:16: - C:\Users\00106\Desktop\IMPLEMENTAÇÃO\backend\src\app.js
2026-01-29T16:22:16: - C:\Users\00106\Desktop\IMPLEMENTAÇÃO\backend\src\server.js
2026-01-29T16:22:16:     at Module._resolveFilename (node:internal/modules/cjs/loader:1421:15)
2026-01-29T16:22:16:     at Hook._require.Module.require (C:\Users\00106\AppData\Roaming\npm\node_modules\pm2\node_modules\require-in-the-middle\index.js:81:25)
2026-01-29T16:22:16:     at require (node:internal/modules/helpers:152:16)
2026-01-29T16:22:16:     at Object.<anonymous> (C:\Users\00106\Desktop\IMPLEMENTAÇÃO\backend\src\app.js:1:17)
2026-01-29T16:22:16:     at Module._compile (node:internal/modules/cjs/loader:1761:14)
2026-01-29T16:22:16:     at Object..js (node:internal/modules/cjs/loader:1893:10)
2026-01-29T16:22:16:     at Module.load (node:internal/modules/cjs/loader:1481:32)
2026-01-29T16:22:16:     at Module._load (node:internal/modules/cjs/loader:1300:12)
2026-01-29T16:22:16:     at TracingChannel.traceSync (node:diagnostics_channel:328:14)
2026-01-29T16:22:16:     at wrapModuleLoad (node:internal/modules/cjs/loader:245:24) {
2026-01-29T16:22:16:   code: 'MODULE_NOT_FOUND',
2026-01-29T16:22:16:   requireStack: [
2026-01-29T16:22:16:     'C:\\Users\\00106\\Desktop\\IMPLEMENTAÇÃO\\backend\\src\\app.js',
2026-01-29T16:22:16:     'C:\\Users\\00106\\Desktop\\IMPLEMENTAÇÃO\\backend\\src\\server.js'
2026-01-29T16:22:16:   ]
2026-01-29T16:22:16: }
2026-01-29T16:22:17: Error: Cannot find module 'express'
2026-01-29T16:22:17: Require stack:
2026-01-29T16:22:17: - C:\Users\00106\Desktop\IMPLEMENTAÇÃO\backend\src\app.js
2026-01-29T16:22:17: - C:\Users\00106\Desktop\IMPLEMENTAÇÃO\backend\src\server.js
2026-01-29T16:22:17:     at Module._resolveFilename (node:internal/modules/cjs/loader:1421:15)
2026-01-29T16:22:17:     at Hook._require.Module.require (C:\Users\00106\AppData\Roaming\npm\node_modules\pm2\node_modules\require-in-the-middle\index.js:81:25)
2026-01-29T16:22:17:     at require (node:internal/modules/helpers:152:16)
2026-01-29T16:22:17:     at Object.<anonymous> (C:\Users\00106\Desktop\IMPLEMENTAÇÃO\backend\src\app.js:1:17)
2026-01-29T16:22:17:     at Module._compile (node:internal/modules/cjs/loader:1761:14)
2026-01-29T16:22:17:     at Object..js (node:internal/modules/cjs/loader:1893:10)
2026-01-29T16:22:17:     at Module.load (node:internal/modules/cjs/loader:1481:32)
2026-01-29T16:22:17:     at Module._load (node:internal/modules/cjs/loader:1300:12)
2026-01-29T16:22:17:     at TracingChannel.traceSync (node:diagnostics_channel:328:14)
2026-01-29T16:22:17:     at wrapModuleLoad (node:internal/modules/cjs/loader:245:24) {
2026-01-29T16:22:17:   code: 'MODULE_NOT_FOUND',
2026-01-29T16:22:17:   requireStack: [
2026-01-29T16:22:17:     'C:\\Users\\00106\\Desktop\\IMPLEMENTAÇÃO\\backend\\src\\app.js',
2026-01-29T16:22:17:     'C:\\Users\\00106\\Desktop\\IMPLEMENTAÇÃO\\backend\\src\\server.js'
2026-01-29T16:22:17:   ]
2026-01-29T16:22:17: }
2026-01-29T16:22:17: Error: Cannot find module 'express'
2026-01-29T16:22:17: Require stack:
2026-01-29T16:22:17: - C:\Users\00106\Desktop\IMPLEMENTAÇÃO\backend\src\app.js
2026-01-29T16:22:17: - C:\Users\00106\Desktop\IMPLEMENTAÇÃO\backend\src\server.js
2026-01-29T16:22:17:     at Module._resolveFilename (node:internal/modules/cjs/loader:1421:15)
2026-01-29T16:22:17:     at Hook._require.Module.require (C:\Users\00106\AppData\Roaming\npm\node_modules\pm2\node_modules\require-in-the-middle\index.js:81:25)
2026-01-29T16:22:17:     at require (node:internal/modules/helpers:152:16)
2026-01-29T16:22:17:     at Object.<anonymous> (C:\Users\00106\Desktop\IMPLEMENTAÇÃO\backend\src\app.js:1:17)
2026-01-29T16:22:17:     at Module._compile (node:internal/modules/cjs/loader:1761:14)
2026-01-29T16:22:17:     at Object..js (node:internal/modules/cjs/loader:1893:10)
2026-01-29T16:22:17:     at Module.load (node:internal/modules/cjs/loader:1481:32)
2026-01-29T16:22:17:     at Module._load (node:internal/modules/cjs/loader:1300:12)
2026-01-29T16:22:17:     at TracingChannel.traceSync (node:diagnostics_channel:328:14)
2026-01-29T16:22:17:     at wrapModuleLoad (node:internal/modules/cjs/loader:245:24) {
2026-01-29T16:22:17:   code: 'MODULE_NOT_FOUND',
2026-01-29T16:22:17:   requireStack: [
2026-01-29T16:22:17:     'C:\\Users\\00106\\Desktop\\IMPLEMENTAÇÃO\\backend\\src\\app.js',
2026-01-29T16:22:17:     'C:\\Users\\00106\\Desktop\\IMPLEMENTAÇÃO\\backend\\src\\server.js'
2026-01-29T16:22:17:   ]
2026-01-29T16:22:17: }
2026-01-29T16:22:18: Error: Cannot find module 'express'
2026-01-29T16:22:18: Require stack:
2026-01-29T16:22:18: - C:\Users\00106\Desktop\IMPLEMENTAÇÃO\backend\src\app.js
2026-01-29T16:22:18: - C:\Users\00106\Desktop\IMPLEMENTAÇÃO\backend\src\server.js
2026-01-29T16:22:18:     at Module._resolveFilename (node:internal/modules/cjs/loader:1421:15)
2026-01-29T16:22:18:     at Hook._require.Module.require (C:\Users\00106\AppData\Roaming\npm\node_modules\pm2\node_modules\require-in-the-middle\index.js:81:25)
2026-01-29T16:22:18:     at require (node:internal/modules/helpers:152:16)
2026-01-29T16:22:18:     at Object.<anonymous> (C:\Users\00106\Desktop\IMPLEMENTAÇÃO\backend\src\app.js:1:17)
2026-01-29T16:22:18:     at Module._compile (node:internal/modules/cjs/loader:1761:14)
2026-01-29T16:22:18:     at Object..js (node:internal/modules/cjs/loader:1893:10)
2026-01-29T16:22:18:     at Module.load (node:internal/modules/cjs/loader:1481:32)
2026-01-29T16:22:18:     at Module._load (node:internal/modules/cjs/loader:1300:12)
2026-01-29T16:22:18:     at TracingChannel.traceSync (node:diagnostics_channel:328:14)
2026-01-29T16:22:18:     at wrapModuleLoad (node:internal/modules/cjs/loader:245:24) {
2026-01-29T16:22:18:   code: 'MODULE_NOT_FOUND',
2026-01-29T16:22:18:   requireStack: [
2026-01-29T16:22:18:     'C:\\Users\\00106\\Desktop\\IMPLEMENTAÇÃO\\backend\\src\\app.js',
2026-01-29T16:22:18:     'C:\\Users\\00106\\Desktop\\IMPLEMENTAÇÃO\\backend\\src\\server.js'
2026-01-29T16:22:18:   ]
2026-01-29T16:22:18: }
2026-01-29T16:22:18: Error: Cannot find module 'express'
2026-01-29T16:22:18: Require stack:
2026-01-29T16:22:18: - C:\Users\00106\Desktop\IMPLEMENTAÇÃO\backend\src\app.js
2026-01-29T16:22:18: - C:\Users\00106\Desktop\IMPLEMENTAÇÃO\backend\src\server.js
2026-01-29T16:22:18:     at Module._resolveFilename (node:internal/modules/cjs/loader:1421:15)
2026-01-29T16:22:18:     at Hook._require.Module.require (C:\Users\00106\AppData\Roaming\npm\node_modules\pm2\node_modules\require-in-the-middle\index.js:81:25)
2026-01-29T16:22:18:     at require (node:internal/modules/helpers:152:16)
2026-01-29T16:22:18:     at Object.<anonymous> (C:\Users\00106\Desktop\IMPLEMENTAÇÃO\backend\src\app.js:1:17)
2026-01-29T16:22:18:     at Module._compile (node:internal/modules/cjs/loader:1761:14)
2026-01-29T16:22:18:     at Object..js (node:internal/modules/cjs/loader:1893:10)
2026-01-29T16:22:18:     at Module.load (node:internal/modules/cjs/loader:1481:32)
2026-01-29T16:22:18:     at Module._load (node:internal/modules/cjs/loader:1300:12)
2026-01-29T16:22:18:     at TracingChannel.traceSync (node:diagnostics_channel:328:14)
2026-01-29T16:22:18:     at wrapModuleLoad (node:internal/modules/cjs/loader:245:24) {
2026-01-29T16:22:18:   code: 'MODULE_NOT_FOUND',
2026-01-29T16:22:18:   requireStack: [
2026-01-29T16:22:18:     'C:\\Users\\00106\\Desktop\\IMPLEMENTAÇÃO\\backend\\src\\app.js',
2026-01-29T16:22:18:     'C:\\Users\\00106\\Desktop\\IMPLEMENTAÇÃO\\backend\\src\\server.js'
2026-01-29T16:22:18:   ]
2026-01-29T16:22:18: }
2026-01-29T16:32:28: Error: Cannot find module 'express'
2026-01-29T16:32:28: Require stack:
2026-01-29T16:32:28: - C:\Users\00106\Desktop\IMPLEMENTAÇÃO\backend\src\app.js
2026-01-29T16:32:28: - C:\Users\00106\Desktop\IMPLEMENTAÇÃO\backend\src\server.js
2026-01-29T16:32:28:     at Module._resolveFilename (node:internal/modules/cjs/loader:1421:15)
2026-01-29T16:32:28:     at Hook._require.Module.require (C:\Users\00106\AppData\Roaming\npm\node_modules\pm2\node_modules\require-in-the-middle\index.js:81:25)
2026-01-29T16:32:28:     at require (node:internal/modules/helpers:152:16)
2026-01-29T16:32:28:     at Object.<anonymous> (C:\Users\00106\Desktop\IMPLEMENTAÇÃO\backend\src\app.js:1:17)
2026-01-29T16:32:28:     at Module._compile (node:internal/modules/cjs/loader:1761:14)
2026-01-29T16:32:28:     at Object..js (node:internal/modules/cjs/loader:1893:10)
2026-01-29T16:32:28:     at Module.load (node:internal/modules/cjs/loader:1481:32)
2026-01-29T16:32:28:     at Module._load (node:internal/modules/cjs/loader:1300:12)
2026-01-29T16:32:28:     at TracingChannel.traceSync (node:diagnostics_channel:328:14)
2026-01-29T16:32:28:     at wrapModuleLoad (node:internal/modules/cjs/loader:245:24) {
2026-01-29T16:32:28:   code: 'MODULE_NOT_FOUND',
2026-01-29T16:32:28:   requireStack: [
2026-01-29T16:32:28:     'C:\\Users\\00106\\Desktop\\IMPLEMENTAÇÃO\\backend\\src\\app.js',
2026-01-29T16:32:28:     'C:\\Users\\00106\\Desktop\\IMPLEMENTAÇÃO\\backend\\src\\server.js'
2026-01-29T16:32:28:   ]
2026-01-29T16:32:28: }
2026-01-29T16:32:28: Error: Cannot find module 'express'
2026-01-29T16:32:28: Require stack:
2026-01-29T16:32:28: - C:\Users\00106\Desktop\IMPLEMENTAÇÃO\backend\src\app.js
2026-01-29T16:32:28: - C:\Users\00106\Desktop\IMPLEMENTAÇÃO\backend\src\server.js
2026-01-29T16:32:28:     at Module._resolveFilename (node:internal/modules/cjs/loader:1421:15)
2026-01-29T16:32:28:     at Hook._require.Module.require (C:\Users\00106\AppData\Roaming\npm\node_modules\pm2\node_modules\require-in-the-middle\index.js:81:25)
2026-01-29T16:32:28:     at require (node:internal/modules/helpers:152:16)
2026-01-29T16:32:28:     at Object.<anonymous> (C:\Users\00106\Desktop\IMPLEMENTAÇÃO\backend\src\app.js:1:17)
2026-01-29T16:32:28:     at Module._compile (node:internal/modules/cjs/loader:1761:14)
2026-01-29T16:32:28:     at Object..js (node:internal/modules/cjs/loader:1893:10)
2026-01-29T16:32:28:     at Module.load (node:internal/modules/cjs/loader:1481:32)
2026-01-29T16:32:28:     at Module._load (node:internal/modules/cjs/loader:1300:12)
2026-01-29T16:32:28:     at TracingChannel.traceSync (node:diagnostics_channel:328:14)
2026-01-29T16:32:28:     at wrapModuleLoad (node:internal/modules/cjs/loader:245:24) {
2026-01-29T16:32:28:   code: 'MODULE_NOT_FOUND',
2026-01-29T16:32:28:   requireStack: [
2026-01-29T16:32:28:     'C:\\Users\\00106\\Desktop\\IMPLEMENTAÇÃO\\backend\\src\\app.js',
2026-01-29T16:32:28:     'C:\\Users\\00106\\Desktop\\IMPLEMENTAÇÃO\\backend\\src\\server.js'
2026-01-29T16:32:28:   ]
2026-01-29T16:32:28: }
2026-01-29T16:32:29: Error: Cannot find module 'express'
2026-01-29T16:32:29: Require stack:
2026-01-29T16:32:29: - C:\Users\00106\Desktop\IMPLEMENTAÇÃO\backend\src\app.js
2026-01-29T16:32:29: - C:\Users\00106\Desktop\IMPLEMENTAÇÃO\backend\src\server.js
2026-01-29T16:32:29:     at Module._resolveFilename (node:internal/modules/cjs/loader:1421:15)
2026-01-29T16:32:29:     at Hook._require.Module.require (C:\Users\00106\AppData\Roaming\npm\node_modules\pm2\node_modules\require-in-the-middle\index.js:81:25)
2026-01-29T16:32:29:     at require (node:internal/modules/helpers:152:16)
2026-01-29T16:32:29:     at Object.<anonymous> (C:\Users\00106\Desktop\IMPLEMENTAÇÃO\backend\src\app.js:1:17)
2026-01-29T16:32:29:     at Module._compile (node:internal/modules/cjs/loader:1761:14)
2026-01-29T16:32:29:     at Object..js (node:internal/modules/cjs/loader:1893:10)
2026-01-29T16:32:29:     at Module.load (node:internal/modules/cjs/loader:1481:32)
2026-01-29T16:32:29:     at Module._load (node:internal/modules/cjs/loader:1300:12)
2026-01-29T16:32:29:     at TracingChannel.traceSync (node:diagnostics_channel:328:14)
2026-01-29T16:32:29:     at wrapModuleLoad (node:internal/modules/cjs/loader:245:24) {
2026-01-29T16:32:29:   code: 'MODULE_NOT_FOUND',
2026-01-29T16:32:29:   requireStack: [
2026-01-29T16:32:29:     'C:\\Users\\00106\\Desktop\\IMPLEMENTAÇÃO\\backend\\src\\app.js',
2026-01-29T16:32:29:     'C:\\Users\\00106\\Desktop\\IMPLEMENTAÇÃO\\backend\\src\\server.js'
2026-01-29T16:32:29:   ]
2026-01-29T16:32:29: }
2026-01-29T16:32:29: Error: Cannot find module 'express'
2026-01-29T16:32:29: Require stack:
2026-01-29T16:32:29: - C:\Users\00106\Desktop\IMPLEMENTAÇÃO\backend\src\app.js
2026-01-29T16:32:29: - C:\Users\00106\Desktop\IMPLEMENTAÇÃO\backend\src\server.js
2026-01-29T16:32:29:     at Module._resolveFilename (node:internal/modules/cjs/loader:1421:15)
2026-01-29T16:32:29:     at Hook._require.Module.require (C:\Users\00106\AppData\Roaming\npm\node_modules\pm2\node_modules\require-in-the-middle\index.js:81:25)
2026-01-29T16:32:29:     at require (node:internal/modules/helpers:152:16)
2026-01-29T16:32:29:     at Object.<anonymous> (C:\Users\00106\Desktop\IMPLEMENTAÇÃO\backend\src\app.js:1:17)
2026-01-29T16:32:29:     at Module._compile (node:internal/modules/cjs/loader:1761:14)
2026-01-29T16:32:29:     at Object..js (node:internal/modules/cjs/loader:1893:10)
2026-01-29T16:32:29:     at Module.load (node:internal/modules/cjs/loader:1481:32)
2026-01-29T16:32:29:     at Module._load (node:internal/modules/cjs/loader:1300:12)
2026-01-29T16:32:29:     at TracingChannel.traceSync (node:diagnostics_channel:328:14)
2026-01-29T16:32:29:     at wrapModuleLoad (node:internal/modules/cjs/loader:245:24) {
2026-01-29T16:32:29:   code: 'MODULE_NOT_FOUND',
2026-01-29T16:32:29:   requireStack: [
2026-01-29T16:32:29:     'C:\\Users\\00106\\Desktop\\IMPLEMENTAÇÃO\\backend\\src\\app.js',
2026-01-29T16:32:29:     'C:\\Users\\00106\\Desktop\\IMPLEMENTAÇÃO\\backend\\src\\server.js'
2026-01-29T16:32:29:   ]
2026-01-29T16:32:29: }
2026-01-29T16:32:29: Error: Cannot find module 'express'
2026-01-29T16:32:29: Require stack:
2026-01-29T16:32:29: - C:\Users\00106\Desktop\IMPLEMENTAÇÃO\backend\src\app.js
2026-01-29T16:32:29: - C:\Users\00106\Desktop\IMPLEMENTAÇÃO\backend\src\server.js
2026-01-29T16:32:29:     at Module._resolveFilename (node:internal/modules/cjs/loader:1421:15)
2026-01-29T16:32:29:     at Hook._require.Module.require (C:\Users\00106\AppData\Roaming\npm\node_modules\pm2\node_modules\require-in-the-middle\index.js:81:25)
2026-01-29T16:32:29:     at require (node:internal/modules/helpers:152:16)
2026-01-29T16:32:29:     at Object.<anonymous> (C:\Users\00106\Desktop\IMPLEMENTAÇÃO\backend\src\app.js:1:17)
2026-01-29T16:32:29:     at Module._compile (node:internal/modules/cjs/loader:1761:14)
2026-01-29T16:32:29:     at Object..js (node:internal/modules/cjs/loader:1893:10)
2026-01-29T16:32:29:     at Module.load (node:internal/modules/cjs/loader:1481:32)
2026-01-29T16:32:29:     at Module._load (node:internal/modules/cjs/loader:1300:12)
2026-01-29T16:32:29:     at TracingChannel.traceSync (node:diagnostics_channel:328:14)
2026-01-29T16:32:29:     at wrapModuleLoad (node:internal/modules/cjs/loader:245:24) {
2026-01-29T16:32:29:   code: 'MODULE_NOT_FOUND',
2026-01-29T16:32:29:   requireStack: [
2026-01-29T16:32:29:     'C:\\Users\\00106\\Desktop\\IMPLEMENTAÇÃO\\backend\\src\\app.js',
2026-01-29T16:32:29:     'C:\\Users\\00106\\Desktop\\IMPLEMENTAÇÃO\\backend\\src\\server.js'
2026-01-29T16:32:29:   ]
2026-01-29T16:32:29: }
2026-01-29T16:32:30: Error: Cannot find module 'express'
2026-01-29T16:32:30: Require stack:
2026-01-29T16:32:30: - C:\Users\00106\Desktop\IMPLEMENTAÇÃO\backend\src\app.js
2026-01-29T16:32:30: - C:\Users\00106\Desktop\IMPLEMENTAÇÃO\backend\src\server.js
2026-01-29T16:32:30:     at Module._resolveFilename (node:internal/modules/cjs/loader:1421:15)
2026-01-29T16:32:30:     at Hook._require.Module.require (C:\Users\00106\AppData\Roaming\npm\node_modules\pm2\node_modules\require-in-the-middle\index.js:81:25)
2026-01-29T16:32:30:     at require (node:internal/modules/helpers:152:16)
2026-01-29T16:32:30:     at Object.<anonymous> (C:\Users\00106\Desktop\IMPLEMENTAÇÃO\backend\src\app.js:1:17)
2026-01-29T16:32:30:     at Module._compile (node:internal/modules/cjs/loader:1761:14)
2026-01-29T16:32:30:     at Object..js (node:internal/modules/cjs/loader:1893:10)
2026-01-29T16:32:30:     at Module.load (node:internal/modules/cjs/loader:1481:32)
2026-01-29T16:32:30:     at Module._load (node:internal/modules/cjs/loader:1300:12)
2026-01-29T16:32:30:     at TracingChannel.traceSync (node:diagnostics_channel:328:14)
2026-01-29T16:32:30:     at wrapModuleLoad (node:internal/modules/cjs/loader:245:24) {
2026-01-29T16:32:30:   code: 'MODULE_NOT_FOUND',
2026-01-29T16:32:30:   requireStack: [
2026-01-29T16:32:30:     'C:\\Users\\00106\\Desktop\\IMPLEMENTAÇÃO\\backend\\src\\app.js',
2026-01-29T16:32:30:     'C:\\Users\\00106\\Desktop\\IMPLEMENTAÇÃO\\backend\\src\\server.js'
2026-01-29T16:32:30:   ]
2026-01-29T16:32:30: }
2026-01-29T16:32:30: Error: Cannot find module 'express'
2026-01-29T16:32:30: Require stack:
2026-01-29T16:32:30: - C:\Users\00106\Desktop\IMPLEMENTAÇÃO\backend\src\app.js
2026-01-29T16:32:30: - C:\Users\00106\Desktop\IMPLEMENTAÇÃO\backend\src\server.js
2026-01-29T16:32:30:     at Module._resolveFilename (node:internal/modules/cjs/loader:1421:15)
2026-01-29T16:32:30:     at Hook._require.Module.require (C:\Users\00106\AppData\Roaming\npm\node_modules\pm2\node_modules\require-in-the-middle\index.js:81:25)
2026-01-29T16:32:30:     at require (node:internal/modules/helpers:152:16)
2026-01-29T16:32:30:     at Object.<anonymous> (C:\Users\00106\Desktop\IMPLEMENTAÇÃO\backend\src\app.js:1:17)
2026-01-29T16:32:30:     at Module._compile (node:internal/modules/cjs/loader:1761:14)
2026-01-29T16:32:30:     at Object..js (node:internal/modules/cjs/loader:1893:10)
2026-01-29T16:32:30:     at Module.load (node:internal/modules/cjs/loader:1481:32)
2026-01-29T16:32:30:     at Module._load (node:internal/modules/cjs/loader:1300:12)
2026-01-29T16:32:30:     at TracingChannel.traceSync (node:diagnostics_channel:328:14)
2026-01-29T16:32:30:     at wrapModuleLoad (node:internal/modules/cjs/loader:245:24) {
2026-01-29T16:32:30:   code: 'MODULE_NOT_FOUND',
2026-01-29T16:32:30:   requireStack: [
2026-01-29T16:32:30:     'C:\\Users\\00106\\Desktop\\IMPLEMENTAÇÃO\\backend\\src\\app.js',
2026-01-29T16:32:30:     'C:\\Users\\00106\\Desktop\\IMPLEMENTAÇÃO\\backend\\src\\server.js'
2026-01-29T16:32:30:   ]
2026-01-29T16:32:30: }
2026-01-29T16:32:30: Error: Cannot find module 'express'
2026-01-29T16:32:30: Require stack:
2026-01-29T16:32:30: - C:\Users\00106\Desktop\IMPLEMENTAÇÃO\backend\src\app.js
2026-01-29T16:32:30: - C:\Users\00106\Desktop\IMPLEMENTAÇÃO\backend\src\server.js
2026-01-29T16:32:30:     at Module._resolveFilename (node:internal/modules/cjs/loader:1421:15)
2026-01-29T16:32:30:     at Hook._require.Module.require (C:\Users\00106\AppData\Roaming\npm\node_modules\pm2\node_modules\require-in-the-middle\index.js:81:25)
2026-01-29T16:32:30:     at require (node:internal/modules/helpers:152:16)
2026-01-29T16:32:30:     at Object.<anonymous> (C:\Users\00106\Desktop\IMPLEMENTAÇÃO\backend\src\app.js:1:17)
2026-01-29T16:32:30:     at Module._compile (node:internal/modules/cjs/loader:1761:14)
2026-01-29T16:32:30:     at Object..js (node:internal/modules/cjs/loader:1893:10)
2026-01-29T16:32:30:     at Module.load (node:internal/modules/cjs/loader:1481:32)
2026-01-29T16:32:30:     at Module._load (node:internal/modules/cjs/loader:1300:12)
2026-01-29T16:32:30:     at TracingChannel.traceSync (node:diagnostics_channel:328:14)
2026-01-29T16:32:30:     at wrapModuleLoad (node:internal/modules/cjs/loader:245:24) {
2026-01-29T16:32:30:   code: 'MODULE_NOT_FOUND',
2026-01-29T16:32:30:   requireStack: [
2026-01-29T16:32:30:     'C:\\Users\\00106\\Desktop\\IMPLEMENTAÇÃO\\backend\\src\\app.js',
2026-01-29T16:32:30:     'C:\\Users\\00106\\Desktop\\IMPLEMENTAÇÃO\\backend\\src\\server.js'
2026-01-29T16:32:30:   ]
2026-01-29T16:32:30: }
2026-01-29T16:32:31: Error: Cannot find module 'express'
2026-01-29T16:32:31: Require stack:
2026-01-29T16:32:31: - C:\Users\00106\Desktop\IMPLEMENTAÇÃO\backend\src\app.js
2026-01-29T16:32:31: - C:\Users\00106\Desktop\IMPLEMENTAÇÃO\backend\src\server.js
2026-01-29T16:32:31:     at Module._resolveFilename (node:internal/modules/cjs/loader:1421:15)
2026-01-29T16:32:31:     at Hook._require.Module.require (C:\Users\00106\AppData\Roaming\npm\node_modules\pm2\node_modules\require-in-the-middle\index.js:81:25)
2026-01-29T16:32:31:     at require (node:internal/modules/helpers:152:16)
2026-01-29T16:32:31:     at Object.<anonymous> (C:\Users\00106\Desktop\IMPLEMENTAÇÃO\backend\src\app.js:1:17)
2026-01-29T16:32:31:     at Module._compile (node:internal/modules/cjs/loader:1761:14)
2026-01-29T16:32:31:     at Object..js (node:internal/modules/cjs/loader:1893:10)
2026-01-29T16:32:31:     at Module.load (node:internal/modules/cjs/loader:1481:32)
2026-01-29T16:32:31:     at Module._load (node:internal/modules/cjs/loader:1300:12)
2026-01-29T16:32:31:     at TracingChannel.traceSync (node:diagnostics_channel:328:14)
2026-01-29T16:32:31:     at wrapModuleLoad (node:internal/modules/cjs/loader:245:24) {
2026-01-29T16:32:31:   code: 'MODULE_NOT_FOUND',
2026-01-29T16:32:31:   requireStack: [
2026-01-29T16:32:31:     'C:\\Users\\00106\\Desktop\\IMPLEMENTAÇÃO\\backend\\src\\app.js',
2026-01-29T16:32:31:     'C:\\Users\\00106\\Desktop\\IMPLEMENTAÇÃO\\backend\\src\\server.js'
2026-01-29T16:32:31:   ]
2026-01-29T16:32:31: }
2026-01-29T16:32:31: Error: Cannot find module 'express'
2026-01-29T16:32:31: Require stack:
2026-01-29T16:32:31: - C:\Users\00106\Desktop\IMPLEMENTAÇÃO\backend\src\app.js
2026-01-29T16:32:31: - C:\Users\00106\Desktop\IMPLEMENTAÇÃO\backend\src\server.js
2026-01-29T16:32:31:     at Module._resolveFilename (node:internal/modules/cjs/loader:1421:15)
2026-01-29T16:32:31:     at Hook._require.Module.require (C:\Users\00106\AppData\Roaming\npm\node_modules\pm2\node_modules\require-in-the-middle\index.js:81:25)
2026-01-29T16:32:31:     at require (node:internal/modules/helpers:152:16)
2026-01-29T16:32:31:     at Object.<anonymous> (C:\Users\00106\Desktop\IMPLEMENTAÇÃO\backend\src\app.js:1:17)
2026-01-29T16:32:31:     at Module._compile (node:internal/modules/cjs/loader:1761:14)
2026-01-29T16:32:31:     at Object..js (node:internal/modules/cjs/loader:1893:10)
2026-01-29T16:32:31:     at Module.load (node:internal/modules/cjs/loader:1481:32)
2026-01-29T16:32:31:     at Module._load (node:internal/modules/cjs/loader:1300:12)
2026-01-29T16:32:31:     at TracingChannel.traceSync (node:diagnostics_channel:328:14)
2026-01-29T16:32:31:     at wrapModuleLoad (node:internal/modules/cjs/loader:245:24) {
2026-01-29T16:32:31:   code: 'MODULE_NOT_FOUND',
2026-01-29T16:32:31:   requireStack: [
2026-01-29T16:32:31:     'C:\\Users\\00106\\Desktop\\IMPLEMENTAÇÃO\\backend\\src\\app.js',
2026-01-29T16:32:31:     'C:\\Users\\00106\\Desktop\\IMPLEMENTAÇÃO\\backend\\src\\server.js'
2026-01-29T16:32:31:   ]
2026-01-29T16:32:31: }
2026-01-29T16:32:31: Error: Cannot find module 'express'
2026-01-29T16:32:31: Require stack:
2026-01-29T16:32:31: - C:\Users\00106\Desktop\IMPLEMENTAÇÃO\backend\src\app.js
2026-01-29T16:32:31: - C:\Users\00106\Desktop\IMPLEMENTAÇÃO\backend\src\server.js
2026-01-29T16:32:31:     at Module._resolveFilename (node:internal/modules/cjs/loader:1421:15)
2026-01-29T16:32:31:     at Hook._require.Module.require (C:\Users\00106\AppData\Roaming\npm\node_modules\pm2\node_modules\require-in-the-middle\index.js:81:25)
2026-01-29T16:32:31:     at require (node:internal/modules/helpers:152:16)
2026-01-29T16:32:31:     at Object.<anonymous> (C:\Users\00106\Desktop\IMPLEMENTAÇÃO\backend\src\app.js:1:17)
2026-01-29T16:32:31:     at Module._compile (node:internal/modules/cjs/loader:1761:14)
2026-01-29T16:32:31:     at Object..js (node:internal/modules/cjs/loader:1893:10)
2026-01-29T16:32:31:     at Module.load (node:internal/modules/cjs/loader:1481:32)
2026-01-29T16:32:31:     at Module._load (node:internal/modules/cjs/loader:1300:12)
2026-01-29T16:32:31:     at TracingChannel.traceSync (node:diagnostics_channel:328:14)
2026-01-29T16:32:31:     at wrapModuleLoad (node:internal/modules/cjs/loader:245:24) {
2026-01-29T16:32:31:   code: 'MODULE_NOT_FOUND',
2026-01-29T16:32:31:   requireStack: [
2026-01-29T16:32:31:     'C:\\Users\\00106\\Desktop\\IMPLEMENTAÇÃO\\backend\\src\\app.js',
2026-01-29T16:32:31:     'C:\\Users\\00106\\Desktop\\IMPLEMENTAÇÃO\\backend\\src\\server.js'
2026-01-29T16:32:31:   ]
2026-01-29T16:32:31: }
2026-01-29T16:32:32: Error: Cannot find module 'express'
2026-01-29T16:32:32: Require stack:
2026-01-29T16:32:32: - C:\Users\00106\Desktop\IMPLEMENTAÇÃO\backend\src\app.js
2026-01-29T16:32:32: - C:\Users\00106\Desktop\IMPLEMENTAÇÃO\backend\src\server.js
2026-01-29T16:32:32:     at Module._resolveFilename (node:internal/modules/cjs/loader:1421:15)
2026-01-29T16:32:32:     at Hook._require.Module.require (C:\Users\00106\AppData\Roaming\npm\node_modules\pm2\node_modules\require-in-the-middle\index.js:81:25)
2026-01-29T16:32:32:     at require (node:internal/modules/helpers:152:16)
2026-01-29T16:32:32:     at Object.<anonymous> (C:\Users\00106\Desktop\IMPLEMENTAÇÃO\backend\src\app.js:1:17)
2026-01-29T16:32:32:     at Module._compile (node:internal/modules/cjs/loader:1761:14)
2026-01-29T16:32:32:     at Object..js (node:internal/modules/cjs/loader:1893:10)
2026-01-29T16:32:32:     at Module.load (node:internal/modules/cjs/loader:1481:32)
2026-01-29T16:32:32:     at Module._load (node:internal/modules/cjs/loader:1300:12)
2026-01-29T16:32:32:     at TracingChannel.traceSync (node:diagnostics_channel:328:14)
2026-01-29T16:32:32:     at wrapModuleLoad (node:internal/modules/cjs/loader:245:24) {
2026-01-29T16:32:32:   code: 'MODULE_NOT_FOUND',
2026-01-29T16:32:32:   requireStack: [
2026-01-29T16:32:32:     'C:\\Users\\00106\\Desktop\\IMPLEMENTAÇÃO\\backend\\src\\app.js',
2026-01-29T16:32:32:     'C:\\Users\\00106\\Desktop\\IMPLEMENTAÇÃO\\backend\\src\\server.js'
2026-01-29T16:32:32:   ]
2026-01-29T16:32:32: }
2026-01-29T16:32:32: Error: Cannot find module 'express'
2026-01-29T16:32:32: Require stack:
2026-01-29T16:32:32: - C:\Users\00106\Desktop\IMPLEMENTAÇÃO\backend\src\app.js
2026-01-29T16:32:32: - C:\Users\00106\Desktop\IMPLEMENTAÇÃO\backend\src\server.js
2026-01-29T16:32:32:     at Module._resolveFilename (node:internal/modules/cjs/loader:1421:15)
2026-01-29T16:32:32:     at Hook._require.Module.require (C:\Users\00106\AppData\Roaming\npm\node_modules\pm2\node_modules\require-in-the-middle\index.js:81:25)
2026-01-29T16:32:32:     at require (node:internal/modules/helpers:152:16)
2026-01-29T16:32:32:     at Object.<anonymous> (C:\Users\00106\Desktop\IMPLEMENTAÇÃO\backend\src\app.js:1:17)
2026-01-29T16:32:32:     at Module._compile (node:internal/modules/cjs/loader:1761:14)
2026-01-29T16:32:32:     at Object..js (node:internal/modules/cjs/loader:1893:10)
2026-01-29T16:32:32:     at Module.load (node:internal/modules/cjs/loader:1481:32)
2026-01-29T16:32:32:     at Module._load (node:internal/modules/cjs/loader:1300:12)
2026-01-29T16:32:32:     at TracingChannel.traceSync (node:diagnostics_channel:328:14)
2026-01-29T16:32:32:     at wrapModuleLoad (node:internal/modules/cjs/loader:245:24) {
2026-01-29T16:32:32:   code: 'MODULE_NOT_FOUND',
2026-01-29T16:32:32:   requireStack: [
2026-01-29T16:32:32:     'C:\\Users\\00106\\Desktop\\IMPLEMENTAÇÃO\\backend\\src\\app.js',
2026-01-29T16:32:32:     'C:\\Users\\00106\\Desktop\\IMPLEMENTAÇÃO\\backend\\src\\server.js'
2026-01-29T16:32:32:   ]
2026-01-29T16:32:32: }
2026-01-29T16:32:33: Error: Cannot find module 'express'
2026-01-29T16:32:33: Require stack:
2026-01-29T16:32:33: - C:\Users\00106\Desktop\IMPLEMENTAÇÃO\backend\src\app.js
2026-01-29T16:32:33: - C:\Users\00106\Desktop\IMPLEMENTAÇÃO\backend\src\server.js
2026-01-29T16:32:33:     at Module._resolveFilename (node:internal/modules/cjs/loader:1421:15)
2026-01-29T16:32:33:     at Hook._require.Module.require (C:\Users\00106\AppData\Roaming\npm\node_modules\pm2\node_modules\require-in-the-middle\index.js:81:25)
2026-01-29T16:32:33:     at require (node:internal/modules/helpers:152:16)
2026-01-29T16:32:33:     at Object.<anonymous> (C:\Users\00106\Desktop\IMPLEMENTAÇÃO\backend\src\app.js:1:17)
2026-01-29T16:32:33:     at Module._compile (node:internal/modules/cjs/loader:1761:14)
2026-01-29T16:32:33:     at Object..js (node:internal/modules/cjs/loader:1893:10)
2026-01-29T16:32:33:     at Module.load (node:internal/modules/cjs/loader:1481:32)
2026-01-29T16:32:33:     at Module._load (node:internal/modules/cjs/loader:1300:12)
2026-01-29T16:32:33:     at TracingChannel.traceSync (node:diagnostics_channel:328:14)
2026-01-29T16:32:33:     at wrapModuleLoad (node:internal/modules/cjs/loader:245:24) {
2026-01-29T16:32:33:   code: 'MODULE_NOT_FOUND',
2026-01-29T16:32:33:   requireStack: [
2026-01-29T16:32:33:     'C:\\Users\\00106\\Desktop\\IMPLEMENTAÇÃO\\backend\\src\\app.js',
2026-01-29T16:32:33:     'C:\\Users\\00106\\Desktop\\IMPLEMENTAÇÃO\\backend\\src\\server.js'
2026-01-29T16:32:33:   ]
2026-01-29T16:32:33: }
2026-01-29T16:32:33: Error: Cannot find module 'express'
2026-01-29T16:32:33: Require stack:
2026-01-29T16:32:33: - C:\Users\00106\Desktop\IMPLEMENTAÇÃO\backend\src\app.js
2026-01-29T16:32:33: - C:\Users\00106\Desktop\IMPLEMENTAÇÃO\backend\src\server.js
2026-01-29T16:32:33:     at Module._resolveFilename (node:internal/modules/cjs/loader:1421:15)
2026-01-29T16:32:33:     at Hook._require.Module.require (C:\Users\00106\AppData\Roaming\npm\node_modules\pm2\node_modules\require-in-the-middle\index.js:81:25)
2026-01-29T16:32:33:     at require (node:internal/modules/helpers:152:16)
2026-01-29T16:32:33:     at Object.<anonymous> (C:\Users\00106\Desktop\IMPLEMENTAÇÃO\backend\src\app.js:1:17)
2026-01-29T16:32:33:     at Module._compile (node:internal/modules/cjs/loader:1761:14)
2026-01-29T16:32:33:     at Object..js (node:internal/modules/cjs/loader:1893:10)
2026-01-29T16:32:33:     at Module.load (node:internal/modules/cjs/loader:1481:32)
2026-01-29T16:32:33:     at Module._load (node:internal/modules/cjs/loader:1300:12)
2026-01-29T16:32:33:     at TracingChannel.traceSync (node:diagnostics_channel:328:14)
2026-01-29T16:32:33:     at wrapModuleLoad (node:internal/modules/cjs/loader:245:24) {
2026-01-29T16:32:33:   code: 'MODULE_NOT_FOUND',
2026-01-29T16:32:33:   requireStack: [
2026-01-29T16:32:33:     'C:\\Users\\00106\\Desktop\\IMPLEMENTAÇÃO\\backend\\src\\app.js',
2026-01-29T16:32:33:     'C:\\Users\\00106\\Desktop\\IMPLEMENTAÇÃO\\backend\\src\\server.js'
2026-01-29T16:32:33:   ]
2026-01-29T16:32:33: }
2026-01-29T16:32:34: Error: Cannot find module 'express'
2026-01-29T16:32:34: Require stack:
2026-01-29T16:32:34: - C:\Users\00106\Desktop\IMPLEMENTAÇÃO\backend\src\app.js
2026-01-29T16:32:34: - C:\Users\00106\Desktop\IMPLEMENTAÇÃO\backend\src\server.js
2026-01-29T16:32:34:     at Module._resolveFilename (node:internal/modules/cjs/loader:1421:15)
2026-01-29T16:32:34:     at Hook._require.Module.require (C:\Users\00106\AppData\Roaming\npm\node_modules\pm2\node_modules\require-in-the-middle\index.js:81:25)
2026-01-29T16:32:34:     at require (node:internal/modules/helpers:152:16)
2026-01-29T16:32:34:     at Object.<anonymous> (C:\Users\00106\Desktop\IMPLEMENTAÇÃO\backend\src\app.js:1:17)
2026-01-29T16:32:34:     at Module._compile (node:internal/modules/cjs/loader:1761:14)
2026-01-29T16:32:34:     at Object..js (node:internal/modules/cjs/loader:1893:10)
2026-01-29T16:32:34:     at Module.load (node:internal/modules/cjs/loader:1481:32)
2026-01-29T16:32:34:     at Module._load (node:internal/modules/cjs/loader:1300:12)
2026-01-29T16:32:34:     at TracingChannel.traceSync (node:diagnostics_channel:328:14)
2026-01-29T16:32:34:     at wrapModuleLoad (node:internal/modules/cjs/loader:245:24) {
2026-01-29T16:32:34:   code: 'MODULE_NOT_FOUND',
2026-01-29T16:32:34:   requireStack: [
2026-01-29T16:32:34:     'C:\\Users\\00106\\Desktop\\IMPLEMENTAÇÃO\\backend\\src\\app.js',
2026-01-29T16:32:34:     'C:\\Users\\00106\\Desktop\\IMPLEMENTAÇÃO\\backend\\src\\server.js'
2026-01-29T16:32:34:   ]
2026-01-29T16:32:34: }
2026-01-30T08:30:56: TypeError: chalk.green is not a function
2026-01-30T08:30:56:     at Object.success (C:\Users\00106\Desktop\IMPLEMENTAÇÃO\backend\src\utils\logger.js:13:23)
2026-01-30T08:30:56:     at Server.<anonymous> (C:\Users\00106\Desktop\IMPLEMENTAÇÃO\backend\src\server.js:7:10)
2026-01-30T08:30:56:     at Server.f (C:\Users\00106\Desktop\IMPLEMENTAÇÃO\backend\node_modules\once\once.js:25:25)
2026-01-30T08:30:56:     at Object.onceWrapper (node:events:622:28)
2026-01-30T08:30:56:     at Server.emit (node:events:520:35)
2026-01-30T08:30:56:     at Server.<anonymous> (C:\Users\00106\AppData\Roaming\npm\node_modules\pm2\node_modules\@pm2\io\build\main\metrics\httpMetrics.js:153:37)
2026-01-30T08:30:56:     at emitListeningNT (node:net:1983:10)
2026-01-30T08:30:56:     at process.processTicksAndRejections (node:internal/process/task_queues:88:21)
2026-01-30T08:30:56: C:\Users\00106\Desktop\IMPLEMENTAÇÃO\backend\src\utils\logger.js:21
2026-01-30T08:30:56:     console.log(chalk.red(`[ERROR ${now()}]`), msg);
2026-01-30T08:30:56:                       ^
2026-01-30T08:30:56: 
2026-01-30T08:30:56: TypeError: chalk.red is not a function
2026-01-30T08:30:56:     at Object.error (C:\Users\00106\Desktop\IMPLEMENTAÇÃO\backend\src\utils\logger.js:21:23)
2026-01-30T08:30:56:     at process.<anonymous> (C:\Users\00106\Desktop\IMPLEMENTAÇÃO\backend\src\server.js:12:10)
2026-01-30T08:30:56:     at process.emit (node:events:520:35)
2026-01-30T08:30:56:     at process._fatalException (node:internal/process/execution:159:25)
2026-01-30T08:30:56: 
2026-01-30T08:30:56: Node.js v24.12.0
2026-01-30T08:30:57: TypeError: chalk.green is not a function
2026-01-30T08:30:57:     at Object.success (C:\Users\00106\Desktop\IMPLEMENTAÇÃO\backend\src\utils\logger.js:13:23)
2026-01-30T08:30:57:     at Server.<anonymous> (C:\Users\00106\Desktop\IMPLEMENTAÇÃO\backend\src\server.js:7:10)
2026-01-30T08:30:57:     at Server.f (C:\Users\00106\Desktop\IMPLEMENTAÇÃO\backend\node_modules\once\once.js:25:25)
2026-01-30T08:30:57:     at Object.onceWrapper (node:events:622:28)
2026-01-30T08:30:57:     at Server.emit (node:events:520:35)
2026-01-30T08:30:57:     at Server.<anonymous> (C:\Users\00106\AppData\Roaming\npm\node_modules\pm2\node_modules\@pm2\io\build\main\metrics\httpMetrics.js:153:37)
2026-01-30T08:30:57:     at emitListeningNT (node:net:1983:10)
2026-01-30T08:30:57:     at process.processTicksAndRejections (node:internal/process/task_queues:88:21)
2026-01-30T08:30:57: C:\Users\00106\Desktop\IMPLEMENTAÇÃO\backend\src\utils\logger.js:21
2026-01-30T08:30:57:     console.log(chalk.red(`[ERROR ${now()}]`), msg);
2026-01-30T08:30:57:                       ^
2026-01-30T08:30:57: 
2026-01-30T08:30:57: TypeError: chalk.red is not a function
2026-01-30T08:30:57:     at Object.error (C:\Users\00106\Desktop\IMPLEMENTAÇÃO\backend\src\utils\logger.js:21:23)
2026-01-30T08:30:57:     at process.<anonymous> (C:\Users\00106\Desktop\IMPLEMENTAÇÃO\backend\src\server.js:12:10)
2026-01-30T08:30:57:     at process.emit (node:events:520:35)
2026-01-30T08:30:57:     at process._fatalException (node:internal/process/execution:159:25)
2026-01-30T08:30:57: 
2026-01-30T08:30:57: Node.js v24.12.0
2026-01-30T08:30:58: TypeError: chalk.green is not a function
2026-01-30T08:30:58:     at Object.success (C:\Users\00106\Desktop\IMPLEMENTAÇÃO\backend\src\utils\logger.js:13:23)
2026-01-30T08:30:58:     at Server.<anonymous> (C:\Users\00106\Desktop\IMPLEMENTAÇÃO\backend\src\server.js:7:10)
2026-01-30T08:30:58:     at Server.f (C:\Users\00106\Desktop\IMPLEMENTAÇÃO\backend\node_modules\once\once.js:25:25)
2026-01-30T08:30:58:     at Object.onceWrapper (node:events:622:28)
2026-01-30T08:30:58:     at Server.emit (node:events:520:35)
2026-01-30T08:30:58:     at Server.<anonymous> (C:\Users\00106\AppData\Roaming\npm\node_modules\pm2\node_modules\@pm2\io\build\main\metrics\httpMetrics.js:153:37)
2026-01-30T08:30:58:     at emitListeningNT (node:net:1983:10)
2026-01-30T08:30:58:     at process.processTicksAndRejections (node:internal/process/task_queues:88:21)
2026-01-30T08:30:58: C:\Users\00106\Desktop\IMPLEMENTAÇÃO\backend\src\utils\logger.js:21
2026-01-30T08:30:58:     console.log(chalk.red(`[ERROR ${now()}]`), msg);
2026-01-30T08:30:58:                       ^
2026-01-30T08:30:58: 
2026-01-30T08:30:58: TypeError: chalk.red is not a function
2026-01-30T08:30:58:     at Object.error (C:\Users\00106\Desktop\IMPLEMENTAÇÃO\backend\src\utils\logger.js:21:23)
2026-01-30T08:30:58:     at process.<anonymous> (C:\Users\00106\Desktop\IMPLEMENTAÇÃO\backend\src\server.js:12:10)
2026-01-30T08:30:58:     at process.emit (node:events:520:35)
2026-01-30T08:30:58:     at process._fatalException (node:internal/process/execution:159:25)
2026-01-30T08:30:58: 
2026-01-30T08:30:58: Node.js v24.12.0
2026-01-30T08:30:58: TypeError: chalk.green is not a function
2026-01-30T08:30:58:     at Object.success (C:\Users\00106\Desktop\IMPLEMENTAÇÃO\backend\src\utils\logger.js:13:23)
2026-01-30T08:30:58:     at Server.<anonymous> (C:\Users\00106\Desktop\IMPLEMENTAÇÃO\backend\src\server.js:7:10)
2026-01-30T08:30:58:     at Server.f (C:\Users\00106\Desktop\IMPLEMENTAÇÃO\backend\node_modules\once\once.js:25:25)
2026-01-30T08:30:58:     at Object.onceWrapper (node:events:622:28)
2026-01-30T08:30:58:     at Server.emit (node:events:520:35)
2026-01-30T08:30:58:     at Server.<anonymous> (C:\Users\00106\AppData\Roaming\npm\node_modules\pm2\node_modules\@pm2\io\build\main\metrics\httpMetrics.js:153:37)
2026-01-30T08:30:58:     at emitListeningNT (node:net:1983:10)
2026-01-30T08:30:58:     at process.processTicksAndRejections (node:internal/process/task_queues:88:21)
2026-01-30T08:30:58: C:\Users\00106\Desktop\IMPLEMENTAÇÃO\backend\src\utils\logger.js:21
2026-01-30T08:30:58:     console.log(chalk.red(`[ERROR ${now()}]`), msg);
2026-01-30T08:30:58:                       ^
2026-01-30T08:30:58: 
2026-01-30T08:30:58: TypeError: chalk.red is not a function
2026-01-30T08:30:58:     at Object.error (C:\Users\00106\Desktop\IMPLEMENTAÇÃO\backend\src\utils\logger.js:21:23)
2026-01-30T08:30:58:     at process.<anonymous> (C:\Users\00106\Desktop\IMPLEMENTAÇÃO\backend\src\server.js:12:10)
2026-01-30T08:30:58:     at process.emit (node:events:520:35)
2026-01-30T08:30:58:     at process._fatalException (node:internal/process/execution:159:25)
2026-01-30T08:30:58: 
2026-01-30T08:30:58: Node.js v24.12.0
2026-01-30T08:30:59: TypeError: chalk.green is not a function
2026-01-30T08:30:59:     at Object.success (C:\Users\00106\Desktop\IMPLEMENTAÇÃO\backend\src\utils\logger.js:13:23)
2026-01-30T08:30:59:     at Server.<anonymous> (C:\Users\00106\Desktop\IMPLEMENTAÇÃO\backend\src\server.js:7:10)
2026-01-30T08:30:59:     at Server.f (C:\Users\00106\Desktop\IMPLEMENTAÇÃO\backend\node_modules\once\once.js:25:25)
2026-01-30T08:30:59:     at Object.onceWrapper (node:events:622:28)
2026-01-30T08:30:59:     at Server.emit (node:events:520:35)
2026-01-30T08:30:59:     at Server.<anonymous> (C:\Users\00106\AppData\Roaming\npm\node_modules\pm2\node_modules\@pm2\io\build\main\metrics\httpMetrics.js:153:37)
2026-01-30T08:30:59:     at emitListeningNT (node:net:1983:10)
2026-01-30T08:30:59:     at process.processTicksAndRejections (node:internal/process/task_queues:88:21)
2026-01-30T08:30:59: C:\Users\00106\Desktop\IMPLEMENTAÇÃO\backend\src\utils\logger.js:21
2026-01-30T08:30:59:     console.log(chalk.red(`[ERROR ${now()}]`), msg);
2026-01-30T08:30:59:                       ^
2026-01-30T08:30:59: 
2026-01-30T08:30:59: TypeError: chalk.red is not a function
2026-01-30T08:30:59:     at Object.error (C:\Users\00106\Desktop\IMPLEMENTAÇÃO\backend\src\utils\logger.js:21:23)
2026-01-30T08:30:59:     at process.<anonymous> (C:\Users\00106\Desktop\IMPLEMENTAÇÃO\backend\src\server.js:12:10)
2026-01-30T08:30:59:     at process.emit (node:events:520:35)
2026-01-30T08:30:59:     at process._fatalException (node:internal/process/execution:159:25)
2026-01-30T08:30:59: 
2026-01-30T08:30:59: Node.js v24.12.0
2026-01-30T08:31:00: TypeError: chalk.green is not a function
2026-01-30T08:31:00:     at Object.success (C:\Users\00106\Desktop\IMPLEMENTAÇÃO\backend\src\utils\logger.js:13:23)
2026-01-30T08:31:00:     at Server.<anonymous> (C:\Users\00106\Desktop\IMPLEMENTAÇÃO\backend\src\server.js:7:10)
2026-01-30T08:31:00:     at Server.f (C:\Users\00106\Desktop\IMPLEMENTAÇÃO\backend\node_modules\once\once.js:25:25)
2026-01-30T08:31:00:     at Object.onceWrapper (node:events:622:28)
2026-01-30T08:31:00:     at Server.emit (node:events:520:35)
2026-01-30T08:31:00:     at Server.<anonymous> (C:\Users\00106\AppData\Roaming\npm\node_modules\pm2\node_modules\@pm2\io\build\main\metrics\httpMetrics.js:153:37)
2026-01-30T08:31:00:     at emitListeningNT (node:net:1983:10)
2026-01-30T08:31:00:     at process.processTicksAndRejections (node:internal/process/task_queues:88:21)
2026-01-30T08:31:00: C:\Users\00106\Desktop\IMPLEMENTAÇÃO\backend\src\utils\logger.js:21
2026-01-30T08:31:00:     console.log(chalk.red(`[ERROR ${now()}]`), msg);
2026-01-30T08:31:00:                       ^
2026-01-30T08:31:00: 
2026-01-30T08:31:00: TypeError: chalk.red is not a function
2026-01-30T08:31:00:     at Object.error (C:\Users\00106\Desktop\IMPLEMENTAÇÃO\backend\src\utils\logger.js:21:23)
2026-01-30T08:31:00:     at process.<anonymous> (C:\Users\00106\Desktop\IMPLEMENTAÇÃO\backend\src\server.js:12:10)
2026-01-30T08:31:00:     at process.emit (node:events:520:35)
2026-01-30T08:31:00:     at process._fatalException (node:internal/process/execution:159:25)
2026-01-30T08:31:00: 
2026-01-30T08:31:00: Node.js v24.12.0
2026-01-30T08:31:00: TypeError: chalk.green is not a function
2026-01-30T08:31:00:     at Object.success (C:\Users\00106\Desktop\IMPLEMENTAÇÃO\backend\src\utils\logger.js:13:23)
2026-01-30T08:31:00:     at Server.<anonymous> (C:\Users\00106\Desktop\IMPLEMENTAÇÃO\backend\src\server.js:7:10)
2026-01-30T08:31:00:     at Server.f (C:\Users\00106\Desktop\IMPLEMENTAÇÃO\backend\node_modules\once\once.js:25:25)
2026-01-30T08:31:00:     at Object.onceWrapper (node:events:622:28)
2026-01-30T08:31:00:     at Server.emit (node:events:520:35)
2026-01-30T08:31:00:     at Server.<anonymous> (C:\Users\00106\AppData\Roaming\npm\node_modules\pm2\node_modules\@pm2\io\build\main\metrics\httpMetrics.js:153:37)
2026-01-30T08:31:00:     at emitListeningNT (node:net:1983:10)
2026-01-30T08:31:00:     at process.processTicksAndRejections (node:internal/process/task_queues:88:21)
2026-01-30T08:31:00: C:\Users\00106\Desktop\IMPLEMENTAÇÃO\backend\src\utils\logger.js:21
2026-01-30T08:31:00:     console.log(chalk.red(`[ERROR ${now()}]`), msg);
2026-01-30T08:31:00:                       ^
2026-01-30T08:31:00: 
2026-01-30T08:31:00: TypeError: chalk.red is not a function
2026-01-30T08:31:00:     at Object.error (C:\Users\00106\Desktop\IMPLEMENTAÇÃO\backend\src\utils\logger.js:21:23)
2026-01-30T08:31:00:     at process.<anonymous> (C:\Users\00106\Desktop\IMPLEMENTAÇÃO\backend\src\server.js:12:10)
2026-01-30T08:31:00:     at process.emit (node:events:520:35)
2026-01-30T08:31:00:     at process._fatalException (node:internal/process/execution:159:25)
2026-01-30T08:31:00: 
2026-01-30T08:31:00: Node.js v24.12.0
2026-01-30T08:31:01: TypeError: chalk.green is not a function
2026-01-30T08:31:01:     at Object.success (C:\Users\00106\Desktop\IMPLEMENTAÇÃO\backend\src\utils\logger.js:13:23)
2026-01-30T08:31:01:     at Server.<anonymous> (C:\Users\00106\Desktop\IMPLEMENTAÇÃO\backend\src\server.js:7:10)
2026-01-30T08:31:01:     at Server.f (C:\Users\00106\Desktop\IMPLEMENTAÇÃO\backend\node_modules\once\once.js:25:25)
2026-01-30T08:31:01:     at Object.onceWrapper (node:events:622:28)
2026-01-30T08:31:01:     at Server.emit (node:events:520:35)
2026-01-30T08:31:01:     at Server.<anonymous> (C:\Users\00106\AppData\Roaming\npm\node_modules\pm2\node_modules\@pm2\io\build\main\metrics\httpMetrics.js:153:37)
2026-01-30T08:31:01:     at emitListeningNT (node:net:1983:10)
2026-01-30T08:31:01:     at process.processTicksAndRejections (node:internal/process/task_queues:88:21)
2026-01-30T08:31:01: C:\Users\00106\Desktop\IMPLEMENTAÇÃO\backend\src\utils\logger.js:21
2026-01-30T08:31:01:     console.log(chalk.red(`[ERROR ${now()}]`), msg);
2026-01-30T08:31:01:                       ^
2026-01-30T08:31:01: 
2026-01-30T08:31:01: TypeError: chalk.red is not a function
2026-01-30T08:31:01:     at Object.error (C:\Users\00106\Desktop\IMPLEMENTAÇÃO\backend\src\utils\logger.js:21:23)
2026-01-30T08:31:01:     at process.<anonymous> (C:\Users\00106\Desktop\IMPLEMENTAÇÃO\backend\src\server.js:12:10)
2026-01-30T08:31:01:     at process.emit (node:events:520:35)
2026-01-30T08:31:01:     at process._fatalException (node:internal/process/execution:159:25)
2026-01-30T08:31:01: 
2026-01-30T08:31:01: Node.js v24.12.0
2026-01-30T08:31:02: TypeError: chalk.green is not a function
2026-01-30T08:31:02:     at Object.success (C:\Users\00106\Desktop\IMPLEMENTAÇÃO\backend\src\utils\logger.js:13:23)
2026-01-30T08:31:02:     at Server.<anonymous> (C:\Users\00106\Desktop\IMPLEMENTAÇÃO\backend\src\server.js:7:10)
2026-01-30T08:31:02:     at Server.f (C:\Users\00106\Desktop\IMPLEMENTAÇÃO\backend\node_modules\once\once.js:25:25)
2026-01-30T08:31:02:     at Object.onceWrapper (node:events:622:28)
2026-01-30T08:31:02:     at Server.emit (node:events:520:35)
2026-01-30T08:31:02:     at Server.<anonymous> (C:\Users\00106\AppData\Roaming\npm\node_modules\pm2\node_modules\@pm2\io\build\main\metrics\httpMetrics.js:153:37)
2026-01-30T08:31:02:     at emitListeningNT (node:net:1983:10)
2026-01-30T08:31:02:     at process.processTicksAndRejections (node:internal/process/task_queues:88:21)
2026-01-30T08:31:02: C:\Users\00106\Desktop\IMPLEMENTAÇÃO\backend\src\utils\logger.js:21
2026-01-30T08:31:02:     console.log(chalk.red(`[ERROR ${now()}]`), msg);
2026-01-30T08:31:02:                       ^
2026-01-30T08:31:02: 
2026-01-30T08:31:02: TypeError: chalk.red is not a function
2026-01-30T08:31:02:     at Object.error (C:\Users\00106\Desktop\IMPLEMENTAÇÃO\backend\src\utils\logger.js:21:23)
2026-01-30T08:31:02:     at process.<anonymous> (C:\Users\00106\Desktop\IMPLEMENTAÇÃO\backend\src\server.js:12:10)
2026-01-30T08:31:02:     at process.emit (node:events:520:35)
2026-01-30T08:31:02:     at process._fatalException (node:internal/process/execution:159:25)
2026-01-30T08:31:02: 
2026-01-30T08:31:02: Node.js v24.12.0
2026-01-30T08:31:03: TypeError: chalk.green is not a function
2026-01-30T08:31:03:     at Object.success (C:\Users\00106\Desktop\IMPLEMENTAÇÃO\backend\src\utils\logger.js:13:23)
2026-01-30T08:31:03:     at Server.<anonymous> (C:\Users\00106\Desktop\IMPLEMENTAÇÃO\backend\src\server.js:7:10)
2026-01-30T08:31:03:     at Server.f (C:\Users\00106\Desktop\IMPLEMENTAÇÃO\backend\node_modules\once\once.js:25:25)
2026-01-30T08:31:03:     at Object.onceWrapper (node:events:622:28)
2026-01-30T08:31:03:     at Server.emit (node:events:520:35)
2026-01-30T08:31:03:     at Server.<anonymous> (C:\Users\00106\AppData\Roaming\npm\node_modules\pm2\node_modules\@pm2\io\build\main\metrics\httpMetrics.js:153:37)
2026-01-30T08:31:03:     at emitListeningNT (node:net:1983:10)
2026-01-30T08:31:03:     at process.processTicksAndRejections (node:internal/process/task_queues:88:21)
2026-01-30T08:31:03: C:\Users\00106\Desktop\IMPLEMENTAÇÃO\backend\src\utils\logger.js:21
2026-01-30T08:31:03:     console.log(chalk.red(`[ERROR ${now()}]`), msg);
2026-01-30T08:31:03:                       ^
2026-01-30T08:31:03: 
2026-01-30T08:31:03: TypeError: chalk.red is not a function
2026-01-30T08:31:03:     at Object.error (C:\Users\00106\Desktop\IMPLEMENTAÇÃO\backend\src\utils\logger.js:21:23)
2026-01-30T08:31:03:     at process.<anonymous> (C:\Users\00106\Desktop\IMPLEMENTAÇÃO\backend\src\server.js:12:10)
2026-01-30T08:31:03:     at process.emit (node:events:520:35)
2026-01-30T08:31:03:     at process._fatalException (node:internal/process/execution:159:25)
2026-01-30T08:31:03: 
2026-01-30T08:31:03: Node.js v24.12.0
2026-01-30T08:31:03: TypeError: chalk.green is not a function
2026-01-30T08:31:03:     at Object.success (C:\Users\00106\Desktop\IMPLEMENTAÇÃO\backend\src\utils\logger.js:13:23)
2026-01-30T08:31:03:     at Server.<anonymous> (C:\Users\00106\Desktop\IMPLEMENTAÇÃO\backend\src\server.js:7:10)
2026-01-30T08:31:03:     at Server.f (C:\Users\00106\Desktop\IMPLEMENTAÇÃO\backend\node_modules\once\once.js:25:25)
2026-01-30T08:31:03:     at Object.onceWrapper (node:events:622:28)
2026-01-30T08:31:03:     at Server.emit (node:events:520:35)
2026-01-30T08:31:03:     at Server.<anonymous> (C:\Users\00106\AppData\Roaming\npm\node_modules\pm2\node_modules\@pm2\io\build\main\metrics\httpMetrics.js:153:37)
2026-01-30T08:31:03:     at emitListeningNT (node:net:1983:10)
2026-01-30T08:31:03:     at process.processTicksAndRejections (node:internal/process/task_queues:88:21)
2026-01-30T08:31:03: C:\Users\00106\Desktop\IMPLEMENTAÇÃO\backend\src\utils\logger.js:21
2026-01-30T08:31:03:     console.log(chalk.red(`[ERROR ${now()}]`), msg);
2026-01-30T08:31:03:                       ^
2026-01-30T08:31:03: 
2026-01-30T08:31:03: TypeError: chalk.red is not a function
2026-01-30T08:31:03:     at Object.error (C:\Users\00106\Desktop\IMPLEMENTAÇÃO\backend\src\utils\logger.js:21:23)
2026-01-30T08:31:03:     at process.<anonymous> (C:\Users\00106\Desktop\IMPLEMENTAÇÃO\backend\src\server.js:12:10)
2026-01-30T08:31:03:     at process.emit (node:events:520:35)
2026-01-30T08:31:03:     at process._fatalException (node:internal/process/execution:159:25)
2026-01-30T08:31:03: 
2026-01-30T08:31:03: Node.js v24.12.0
2026-01-30T08:31:04: TypeError: chalk.green is not a function
2026-01-30T08:31:04:     at Object.success (C:\Users\00106\Desktop\IMPLEMENTAÇÃO\backend\src\utils\logger.js:13:23)
2026-01-30T08:31:04:     at Server.<anonymous> (C:\Users\00106\Desktop\IMPLEMENTAÇÃO\backend\src\server.js:7:10)
2026-01-30T08:31:04:     at Server.f (C:\Users\00106\Desktop\IMPLEMENTAÇÃO\backend\node_modules\once\once.js:25:25)
2026-01-30T08:31:04:     at Object.onceWrapper (node:events:622:28)
2026-01-30T08:31:04:     at Server.emit (node:events:520:35)
2026-01-30T08:31:04:     at Server.<anonymous> (C:\Users\00106\AppData\Roaming\npm\node_modules\pm2\node_modules\@pm2\io\build\main\metrics\httpMetrics.js:153:37)
2026-01-30T08:31:04:     at emitListeningNT (node:net:1983:10)
2026-01-30T08:31:04:     at process.processTicksAndRejections (node:internal/process/task_queues:88:21)
2026-01-30T08:31:04: C:\Users\00106\Desktop\IMPLEMENTAÇÃO\backend\src\utils\logger.js:21
2026-01-30T08:31:04:     console.log(chalk.red(`[ERROR ${now()}]`), msg);
2026-01-30T08:31:04:                       ^
2026-01-30T08:31:04: 
2026-01-30T08:31:04: TypeError: chalk.red is not a function
2026-01-30T08:31:04:     at Object.error (C:\Users\00106\Desktop\IMPLEMENTAÇÃO\backend\src\utils\logger.js:21:23)
2026-01-30T08:31:04:     at process.<anonymous> (C:\Users\00106\Desktop\IMPLEMENTAÇÃO\backend\src\server.js:12:10)
2026-01-30T08:31:04:     at process.emit (node:events:520:35)
2026-01-30T08:31:04:     at process._fatalException (node:internal/process/execution:159:25)
2026-01-30T08:31:04: 
2026-01-30T08:31:04: Node.js v24.12.0
2026-01-30T08:31:05: TypeError: chalk.green is not a function
2026-01-30T08:31:05:     at Object.success (C:\Users\00106\Desktop\IMPLEMENTAÇÃO\backend\src\utils\logger.js:13:23)
2026-01-30T08:31:05:     at Server.<anonymous> (C:\Users\00106\Desktop\IMPLEMENTAÇÃO\backend\src\server.js:7:10)
2026-01-30T08:31:05:     at Server.f (C:\Users\00106\Desktop\IMPLEMENTAÇÃO\backend\node_modules\once\once.js:25:25)
2026-01-30T08:31:05:     at Object.onceWrapper (node:events:622:28)
2026-01-30T08:31:05:     at Server.emit (node:events:520:35)
2026-01-30T08:31:05:     at Server.<anonymous> (C:\Users\00106\AppData\Roaming\npm\node_modules\pm2\node_modules\@pm2\io\build\main\metrics\httpMetrics.js:153:37)
2026-01-30T08:31:05:     at emitListeningNT (node:net:1983:10)
2026-01-30T08:31:05:     at process.processTicksAndRejections (node:internal/process/task_queues:88:21)
2026-01-30T08:31:05: C:\Users\00106\Desktop\IMPLEMENTAÇÃO\backend\src\utils\logger.js:21
2026-01-30T08:31:05:     console.log(chalk.red(`[ERROR ${now()}]`), msg);
2026-01-30T08:31:05:                       ^
2026-01-30T08:31:05: 
2026-01-30T08:31:05: TypeError: chalk.red is not a function
2026-01-30T08:31:05:     at Object.error (C:\Users\00106\Desktop\IMPLEMENTAÇÃO\backend\src\utils\logger.js:21:23)
2026-01-30T08:31:05:     at process.<anonymous> (C:\Users\00106\Desktop\IMPLEMENTAÇÃO\backend\src\server.js:12:10)
2026-01-30T08:31:05:     at process.emit (node:events:520:35)
2026-01-30T08:31:05:     at process._fatalException (node:internal/process/execution:159:25)
2026-01-30T08:31:05: 
2026-01-30T08:31:05: Node.js v24.12.0
2026-01-30T08:31:06: TypeError: chalk.green is not a function
2026-01-30T08:31:06:     at Object.success (C:\Users\00106\Desktop\IMPLEMENTAÇÃO\backend\src\utils\logger.js:13:23)
2026-01-30T08:31:06:     at Server.<anonymous> (C:\Users\00106\Desktop\IMPLEMENTAÇÃO\backend\src\server.js:7:10)
2026-01-30T08:31:06:     at Server.f (C:\Users\00106\Desktop\IMPLEMENTAÇÃO\backend\node_modules\once\once.js:25:25)
2026-01-30T08:31:06:     at Object.onceWrapper (node:events:622:28)
2026-01-30T08:31:06:     at Server.emit (node:events:520:35)
2026-01-30T08:31:06:     at Server.<anonymous> (C:\Users\00106\AppData\Roaming\npm\node_modules\pm2\node_modules\@pm2\io\build\main\metrics\httpMetrics.js:153:37)
2026-01-30T08:31:06:     at emitListeningNT (node:net:1983:10)
2026-01-30T08:31:06:     at process.processTicksAndRejections (node:internal/process/task_queues:88:21)
2026-01-30T08:31:06: C:\Users\00106\Desktop\IMPLEMENTAÇÃO\backend\src\utils\logger.js:21
2026-01-30T08:31:06:     console.log(chalk.red(`[ERROR ${now()}]`), msg);
2026-01-30T08:31:06:                       ^
2026-01-30T08:31:06: 
2026-01-30T08:31:06: TypeError: chalk.red is not a function
2026-01-30T08:31:06:     at Object.error (C:\Users\00106\Desktop\IMPLEMENTAÇÃO\backend\src\utils\logger.js:21:23)
2026-01-30T08:31:06:     at process.<anonymous> (C:\Users\00106\Desktop\IMPLEMENTAÇÃO\backend\src\server.js:12:10)
2026-01-30T08:31:06:     at process.emit (node:events:520:35)
2026-01-30T08:31:06:     at process._fatalException (node:internal/process/execution:159:25)
2026-01-30T08:31:06: 
2026-01-30T08:31:06: Node.js v24.12.0
2026-01-30T08:31:06: TypeError: chalk.green is not a function
2026-01-30T08:31:06:     at Object.success (C:\Users\00106\Desktop\IMPLEMENTAÇÃO\backend\src\utils\logger.js:13:23)
2026-01-30T08:31:06:     at Server.<anonymous> (C:\Users\00106\Desktop\IMPLEMENTAÇÃO\backend\src\server.js:7:10)
2026-01-30T08:31:06:     at Server.f (C:\Users\00106\Desktop\IMPLEMENTAÇÃO\backend\node_modules\once\once.js:25:25)
2026-01-30T08:31:06:     at Object.onceWrapper (node:events:622:28)
2026-01-30T08:31:06:     at Server.emit (node:events:520:35)
2026-01-30T08:31:06:     at Server.<anonymous> (C:\Users\00106\AppData\Roaming\npm\node_modules\pm2\node_modules\@pm2\io\build\main\metrics\httpMetrics.js:153:37)
2026-01-30T08:31:06:     at emitListeningNT (node:net:1983:10)
2026-01-30T08:31:06:     at process.processTicksAndRejections (node:internal/process/task_queues:88:21)
2026-01-30T08:31:06: C:\Users\00106\Desktop\IMPLEMENTAÇÃO\backend\src\utils\logger.js:21
2026-01-30T08:31:06:     console.log(chalk.red(`[ERROR ${now()}]`), msg);
2026-01-30T08:31:06:                       ^
2026-01-30T08:31:06: 
2026-01-30T08:31:06: TypeError: chalk.red is not a function
2026-01-30T08:31:06:     at Object.error (C:\Users\00106\Desktop\IMPLEMENTAÇÃO\backend\src\utils\logger.js:21:23)
2026-01-30T08:31:06:     at process.<anonymous> (C:\Users\00106\Desktop\IMPLEMENTAÇÃO\backend\src\server.js:12:10)
2026-01-30T08:31:06:     at process.emit (node:events:520:35)
2026-01-30T08:31:06:     at process._fatalException (node:internal/process/execution:159:25)
2026-01-30T08:31:06: 
2026-01-30T08:31:06: Node.js v24.12.0
2026-01-30T08:31:07: TypeError: chalk.green is not a function
2026-01-30T08:31:07:     at Object.success (C:\Users\00106\Desktop\IMPLEMENTAÇÃO\backend\src\utils\logger.js:13:23)
2026-01-30T08:31:07:     at Server.<anonymous> (C:\Users\00106\Desktop\IMPLEMENTAÇÃO\backend\src\server.js:7:10)
2026-01-30T08:31:07:     at Server.f (C:\Users\00106\Desktop\IMPLEMENTAÇÃO\backend\node_modules\once\once.js:25:25)
2026-01-30T08:31:07:     at Object.onceWrapper (node:events:622:28)
2026-01-30T08:31:07:     at Server.emit (node:events:520:35)
2026-01-30T08:31:07:     at Server.<anonymous> (C:\Users\00106\AppData\Roaming\npm\node_modules\pm2\node_modules\@pm2\io\build\main\metrics\httpMetrics.js:153:37)
2026-01-30T08:31:07:     at emitListeningNT (node:net:1983:10)
2026-01-30T08:31:07:     at process.processTicksAndRejections (node:internal/process/task_queues:88:21)
2026-01-30T08:31:07: C:\Users\00106\Desktop\IMPLEMENTAÇÃO\backend\src\utils\logger.js:21
2026-01-30T08:31:07:     console.log(chalk.red(`[ERROR ${now()}]`), msg);
2026-01-30T08:31:07:                       ^
2026-01-30T08:31:07: 
2026-01-30T08:31:07: TypeError: chalk.red is not a function
2026-01-30T08:31:07:     at Object.error (C:\Users\00106\Desktop\IMPLEMENTAÇÃO\backend\src\utils\logger.js:21:23)
2026-01-30T08:31:07:     at process.<anonymous> (C:\Users\00106\Desktop\IMPLEMENTAÇÃO\backend\src\server.js:12:10)
2026-01-30T08:31:07:     at process.emit (node:events:520:35)
2026-01-30T08:31:07:     at process._fatalException (node:internal/process/execution:159:25)
2026-01-30T08:31:07: 
2026-01-30T08:31:07: Node.js v24.12.0
2026-01-30T14:06:16: Error: Duplicate entry '0755-1' for key 'empresas.unique_cod_completo'
2026-01-30T14:06:16:     at PromisePool.query (C:\Users\00106\Desktop\IMPLEMENTAÇÃO\backend\node_modules\mysql2\lib\promise\pool.js:36:22)
2026-01-30T14:06:16:     at exports.criar (C:\Users\00106\Desktop\IMPLEMENTAÇÃO\backend\src\controllers\empresas.controller.js:41:14)
2026-01-30T14:06:16:     at Layer.handleRequest (C:\Users\00106\Desktop\IMPLEMENTAÇÃO\backend\node_modules\router\lib\layer.js:152:17)
2026-01-30T14:06:16:     at next (C:\Users\00106\Desktop\IMPLEMENTAÇÃO\backend\node_modules\router\lib\route.js:157:13)
2026-01-30T14:06:16:     at auth (C:\Users\00106\Desktop\IMPLEMENTAÇÃO\backend\src\middleware\auth.js:32:5)
2026-01-30T14:06:16:     at process.processTicksAndRejections (node:internal/process/task_queues:103:5) {
2026-01-30T14:06:16:   code: 'ER_DUP_ENTRY',
2026-01-30T14:06:16:   errno: 1062,
2026-01-30T14:06:16:   sql: "INSERT INTO empresas SET `razao_social` = 'EMERSON PROCESS MANAGEMENT LTDA', `cod_completo` = '0755-1', `cod` = '0755', `filial` = '01', `municipio` = 'SOROCABA', `cnpj` = '43213776000100', `ccm` = '00000000', `regime_tributario` = 'NÃO PROCESSAR NADA', `dia_previa_1` = '0', `dia_previa_2` = '0', `data_guia_iss` = '0', `nota_do_milhao` = false, `nfse` = false, `nfts` = false, `guia_iss` = false, `encerra_dctfweb` = false",
2026-01-30T14:06:16:   sqlState: '23000',
2026-01-30T14:06:16:   sqlMessage: "Duplicate entry '0755-1' for key 'empresas.unique_cod_completo'"
2026-01-30T14:06:16: }
2026-01-30T14:42:11: Error: Duplicate entry '0755-1' for key 'empresas.unique_cod_completo'
2026-01-30T14:42:11:     at PromisePool.query (C:\Users\00106\Desktop\IMPLEMENTAÇÃO\backend\node_modules\mysql2\lib\promise\pool.js:36:22)
2026-01-30T14:42:11:     at exports.criar (C:\Users\00106\Desktop\IMPLEMENTAÇÃO\backend\src\controllers\empresas.controller.js:41:14)
2026-01-30T14:42:11:     at Layer.handleRequest (C:\Users\00106\Desktop\IMPLEMENTAÇÃO\backend\node_modules\router\lib\layer.js:152:17)
2026-01-30T14:42:11:     at next (C:\Users\00106\Desktop\IMPLEMENTAÇÃO\backend\node_modules\router\lib\route.js:157:13)
2026-01-30T14:42:11:     at auth (C:\Users\00106\Desktop\IMPLEMENTAÇÃO\backend\src\middleware\auth.js:32:5)
2026-01-30T14:42:11:     at process.processTicksAndRejections (node:internal/process/task_queues:103:5) {
2026-01-30T14:42:11:   code: 'ER_DUP_ENTRY',
2026-01-30T14:42:11:   errno: 1062,
2026-01-30T14:42:11:   sql: "INSERT INTO empresas SET `razao_social` = 'EMERSON PROCESS MANAGEMENT LTDA', `cod_completo` = '0755-1', `cod` = '0755', `filial` = '01', `municipio` = 'SOROCABA', `cnpj` = '43213776000100', `ccm` = '00000000', `regime_tributario` = 'NÃO PROCESSAR NADA', `dia_previa_1` = '0', `dia_previa_2` = '0', `data_guia_iss` = '0', `nota_do_milhao` = false, `nfse` = false, `nfts` = false, `guia_iss` = false, `encerra_dctfweb` = false",
2026-01-30T14:42:11:   sqlState: '23000',
2026-01-30T14:42:11:   sqlMessage: "Duplicate entry '0755-1' for key 'empresas.unique_cod_completo'"
2026-01-30T14:42:11: }
2026-01-30T15:01:07: Error: Duplicate entry '0755-1' for key 'empresas.unique_cod_completo'
2026-01-30T15:01:07:     at PromisePool.query (C:\Users\00106\Desktop\IMPLEMENTAÇÃO\backend\node_modules\mysql2\lib\promise\pool.js:36:22)
2026-01-30T15:01:07:     at exports.criar (C:\Users\00106\Desktop\IMPLEMENTAÇÃO\backend\src\controllers\empresas.controller.js:41:14)
2026-01-30T15:01:07:     at Layer.handleRequest (C:\Users\00106\Desktop\IMPLEMENTAÇÃO\backend\node_modules\router\lib\layer.js:152:17)
2026-01-30T15:01:07:     at next (C:\Users\00106\Desktop\IMPLEMENTAÇÃO\backend\node_modules\router\lib\route.js:157:13)
2026-01-30T15:01:07:     at auth (C:\Users\00106\Desktop\IMPLEMENTAÇÃO\backend\src\middleware\auth.js:32:5)
2026-01-30T15:01:07:     at process.processTicksAndRejections (node:internal/process/task_queues:103:5) {
2026-01-30T15:01:07:   code: 'ER_DUP_ENTRY',
2026-01-30T15:01:07:   errno: 1062,
2026-01-30T15:01:07:   sql: "INSERT INTO empresas SET `razao_social` = 'KOVEL ADMINISTRACAO E IMOVEIS LTDA', `cod_completo` = '0755-1', `cod` = '0755', `filial` = '01', `municipio` = 'SOROCABA', `cnpj` = '43213776000100', `ccm` = '00000000', `regime_tributario` = 'NÃO PROCESSAR NADA', `dia_previa_1` = '0', `dia_previa_2` = '0', `data_guia_iss` = '0', `nota_do_milhao` = false, `nfse` = false, `nfts` = false, `guia_iss` = false, `encerra_dctfweb` = false",
2026-01-30T15:01:07:   sqlState: '23000',
2026-01-30T15:01:07:   sqlMessage: "Duplicate entry '0755-1' for key 'empresas.unique_cod_completo'"
2026-01-30T15:01:07: }
2026-01-30T15:02:30: Error: Duplicate entry '0980-1' for key 'empresas.unique_cod_completo'
2026-01-30T15:02:30:     at PromisePool.query (C:\Users\00106\Desktop\IMPLEMENTAÇÃO\backend\node_modules\mysql2\lib\promise\pool.js:36:22)
2026-01-30T15:02:30:     at exports.criar (C:\Users\00106\Desktop\IMPLEMENTAÇÃO\backend\src\controllers\empresas.controller.js:41:14)
2026-01-30T15:02:30:     at Layer.handleRequest (C:\Users\00106\Desktop\IMPLEMENTAÇÃO\backend\node_modules\router\lib\layer.js:152:17)
2026-01-30T15:02:30:     at next (C:\Users\00106\Desktop\IMPLEMENTAÇÃO\backend\node_modules\router\lib\route.js:157:13)
2026-01-30T15:02:30:     at auth (C:\Users\00106\Desktop\IMPLEMENTAÇÃO\backend\src\middleware\auth.js:32:5)
2026-01-30T15:02:30:     at process.processTicksAndRejections (node:internal/process/task_queues:103:5) {
2026-01-30T15:02:30:   code: 'ER_DUP_ENTRY',
2026-01-30T15:02:30:   errno: 1062,
2026-01-30T15:02:30:   sql: "INSERT INTO empresas SET `razao_social` = 'GBRASIL - GRUPO BRASIL DE EMPRESAS DE CONTABILIDADE', `cod_completo` = '0980-1', `cod` = '0980', `filial` = '01', `municipio` = 'SÃO PAULO', `cnpj` = '03961417000109', `ccm` = '00000000', `regime_tributario` = 'NÃO PROCESSAR NADA', `dia_previa_1` = '0', `dia_previa_2` = '0', `data_guia_iss` = '0', `nota_do_milhao` = false, `nfse` = false, `nfts` = false, `guia_iss` = false, `encerra_dctfweb` = false",
2026-01-30T15:02:30:   sqlState: '23000',
2026-01-30T15:02:30:   sqlMessage: "Duplicate entry '0980-1' for key 'empresas.unique_cod_completo'"
2026-01-30T15:02:30: }
2026-01-30T15:03:47: Error: Duplicate entry '0900-1' for key 'empresas.unique_cod_completo'
2026-01-30T15:03:47:     at PromisePool.query (C:\Users\00106\Desktop\IMPLEMENTAÇÃO\backend\node_modules\mysql2\lib\promise\pool.js:36:22)
2026-01-30T15:03:47:     at exports.criar (C:\Users\00106\Desktop\IMPLEMENTAÇÃO\backend\src\controllers\empresas.controller.js:41:14)
2026-01-30T15:03:47:     at Layer.handleRequest (C:\Users\00106\Desktop\IMPLEMENTAÇÃO\backend\node_modules\router\lib\layer.js:152:17)
2026-01-30T15:03:47:     at next (C:\Users\00106\Desktop\IMPLEMENTAÇÃO\backend\node_modules\router\lib\route.js:157:13)
2026-01-30T15:03:47:     at auth (C:\Users\00106\Desktop\IMPLEMENTAÇÃO\backend\src\middleware\auth.js:32:5)
2026-01-30T15:03:47:     at process.processTicksAndRejections (node:internal/process/task_queues:103:5) {
2026-01-30T15:03:47:   code: 'ER_DUP_ENTRY',
2026-01-30T15:03:47:   errno: 1062,
2026-01-30T15:03:47:   sql: "INSERT INTO empresas SET `razao_social` = 'ORCOSE COMERCIAL E SERVICOS LTDA', `cod_completo` = '0900-1', `cod` = '0900', `filial` = '01', `municipio` = 'SÃO PAULO', `cnpj` = '00000000000191', `ccm` = '00000000', `regime_tributario` = 'NÃO PROCESSAR NADA', `dia_previa_1` = '0', `dia_previa_2` = '0', `data_guia_iss` = '0', `nota_do_milhao` = false, `nfse` = false, `nfts` = false, `guia_iss` = false, `encerra_dctfweb` = false",
2026-01-30T15:03:47:   sqlState: '23000',
2026-01-30T15:03:47:   sqlMessage: "Duplicate entry '0900-1' for key 'empresas.unique_cod_completo'"
2026-01-30T15:03:47: }
2026-01-30T15:05:07: Error: Duplicate entry '0999-1' for key 'empresas.unique_cod_completo'
2026-01-30T15:05:07:     at PromisePool.query (C:\Users\00106\Desktop\IMPLEMENTAÇÃO\backend\node_modules\mysql2\lib\promise\pool.js:36:22)
2026-01-30T15:05:07:     at exports.criar (C:\Users\00106\Desktop\IMPLEMENTAÇÃO\backend\src\controllers\empresas.controller.js:41:14)
2026-01-30T15:05:07:     at Layer.handleRequest (C:\Users\00106\Desktop\IMPLEMENTAÇÃO\backend\node_modules\router\lib\layer.js:152:17)
2026-01-30T15:05:07:     at next (C:\Users\00106\Desktop\IMPLEMENTAÇÃO\backend\node_modules\router\lib\route.js:157:13)
2026-01-30T15:05:07:     at auth (C:\Users\00106\Desktop\IMPLEMENTAÇÃO\backend\src\middleware\auth.js:32:5)
2026-01-30T15:05:07:     at process.processTicksAndRejections (node:internal/process/task_queues:103:5) {
2026-01-30T15:05:07:   code: 'ER_DUP_ENTRY',
2026-01-30T15:05:07:   errno: 1062,
2026-01-30T15:05:07:   sql: "INSERT INTO empresas SET `razao_social` = 'ORCOSE CONTABILIDADE LTDA', `cod_completo` = '0999-1', `cod` = '0999', `filial` = '01', `municipio` = 'SÃO PAULO', `cnpj` = '00000000000000', `ccm` = '00000000', `regime_tributario` = 'NÃO PROCESSAR NADA', `dia_previa_1` = '0', `dia_previa_2` = '0', `data_guia_iss` = '0', `nota_do_milhao` = false, `nfse` = false, `nfts` = false, `guia_iss` = false, `encerra_dctfweb` = false",
2026-01-30T15:05:07:   sqlState: '23000',
2026-01-30T15:05:07:   sqlMessage: "Duplicate entry '0999-1' for key 'empresas.unique_cod_completo'"
2026-01-30T15:05:07: }
2026-01-30T15:06:26: Error: Duplicate entry '9999-1' for key 'empresas.unique_cod_completo'
2026-01-30T15:06:26:     at PromisePool.query (C:\Users\00106\Desktop\IMPLEMENTAÇÃO\backend\node_modules\mysql2\lib\promise\pool.js:36:22)
2026-01-30T15:06:26:     at exports.criar (C:\Users\00106\Desktop\IMPLEMENTAÇÃO\backend\src\controllers\empresas.controller.js:41:14)
2026-01-30T15:06:26:     at Layer.handleRequest (C:\Users\00106\Desktop\IMPLEMENTAÇÃO\backend\node_modules\router\lib\layer.js:152:17)
2026-01-30T15:06:26:     at next (C:\Users\00106\Desktop\IMPLEMENTAÇÃO\backend\node_modules\router\lib\route.js:157:13)
2026-01-30T15:06:26:     at auth (C:\Users\00106\Desktop\IMPLEMENTAÇÃO\backend\src\middleware\auth.js:32:5)
2026-01-30T15:06:26:     at process.processTicksAndRejections (node:internal/process/task_queues:103:5) {
2026-01-30T15:06:26:   code: 'ER_DUP_ENTRY',
2026-01-30T15:06:26:   errno: 1062,
2026-01-30T15:06:26:   sql: "INSERT INTO empresas SET `razao_social` = 'REDE DE CONTATOS ORCOSE - WHATSAPP', `cod_completo` = '9999-1', `cod` = '9999', `filial` = '01', `municipio` = 'SÃO PAULO', `cnpj` = '00745386000160', `ccm` = '00000000', `regime_tributario` = 'NÃO PROCESSAR NADA', `dia_previa_1` = '0', `dia_previa_2` = '0', `data_guia_iss` = '0', `nota_do_milhao` = false, `nfse` = false, `nfts` = false, `guia_iss` = false, `encerra_dctfweb` = false",
2026-01-30T15:06:26:   sqlState: '23000',
2026-01-30T15:06:26:   sqlMessage: "Duplicate entry '9999-1' for key 'empresas.unique_cod_completo'"
2026-01-30T15:06:26: }
2026-01-30T15:07:56: Error: Duplicate entry '0017-1' for key 'empresas.unique_cod_completo'
2026-01-30T15:07:56:     at PromisePool.query (C:\Users\00106\Desktop\IMPLEMENTAÇÃO\backend\node_modules\mysql2\lib\promise\pool.js:36:22)
2026-01-30T15:07:56:     at exports.criar (C:\Users\00106\Desktop\IMPLEMENTAÇÃO\backend\src\controllers\empresas.controller.js:41:14)
2026-01-30T15:07:56:     at Layer.handleRequest (C:\Users\00106\Desktop\IMPLEMENTAÇÃO\backend\node_modules\router\lib\layer.js:152:17)
2026-01-30T15:07:56:     at next (C:\Users\00106\Desktop\IMPLEMENTAÇÃO\backend\node_modules\router\lib\route.js:157:13)
2026-01-30T15:07:56:     at auth (C:\Users\00106\Desktop\IMPLEMENTAÇÃO\backend\src\middleware\auth.js:32:5)
2026-01-30T15:07:56:     at process.processTicksAndRejections (node:internal/process/task_queues:103:5) {
2026-01-30T15:07:56:   code: 'ER_DUP_ENTRY',
2026-01-30T15:07:56:   errno: 1062,
2026-01-30T15:07:56:   sql: "INSERT INTO empresas SET `razao_social` = 'SANTO GRAO COMERCIAL IMPORTADORA E EXPORTADORA DE PRODUTOS ALIMENTICIOS LTDA', `cod_completo` = '0017-1', `cod` = '0017', `filial` = '01', `municipio` = 'SÃO PAULO', `cnpj` = '06885798000182', `ccm` = '33331715', `regime_tributario` = 'LUCRO PRESUMIDO', `dia_previa_1` = '0', `dia_previa_2` = '11', `data_guia_iss` = '6', `nota_do_milhao` = true, `nfse` = true, `nfts` = true, `guia_iss` = true, `encerra_dctfweb` = true",
2026-01-30T15:07:56:   sqlState: '23000',
2026-01-30T15:07:56:   sqlMessage: "Duplicate entry '0017-1' for key 'empresas.unique_cod_completo'"
2026-01-30T15:07:56: }
2026-01-30T15:09:22: Error: Duplicate entry '0208-1' for key 'empresas.unique_cod_completo'
2026-01-30T15:09:22:     at PromisePool.query (C:\Users\00106\Desktop\IMPLEMENTAÇÃO\backend\node_modules\mysql2\lib\promise\pool.js:36:22)
2026-01-30T15:09:22:     at exports.criar (C:\Users\00106\Desktop\IMPLEMENTAÇÃO\backend\src\controllers\empresas.controller.js:41:14)
2026-01-30T15:09:22:     at Layer.handleRequest (C:\Users\00106\Desktop\IMPLEMENTAÇÃO\backend\node_modules\router\lib\layer.js:152:17)
2026-01-30T15:09:22:     at next (C:\Users\00106\Desktop\IMPLEMENTAÇÃO\backend\node_modules\router\lib\route.js:157:13)
2026-01-30T15:09:22:     at auth (C:\Users\00106\Desktop\IMPLEMENTAÇÃO\backend\src\middleware\auth.js:32:5)
2026-01-30T15:09:22:     at process.processTicksAndRejections (node:internal/process/task_queues:103:5) {
2026-01-30T15:09:22:   code: 'ER_DUP_ENTRY',
2026-01-30T15:09:22:   errno: 1062,
2026-01-30T15:09:22:   sql: "INSERT INTO empresas SET `razao_social` = 'COMERCIAL FACIS LTDA', `cod_completo` = '0208-1', `cod` = '0208', `filial` = '01', `municipio` = 'JANDIRA', `cnpj` = '01435768000150', `ccm` = '00000000', `regime_tributario` = 'LUCRO PRESUMIDO', `dia_previa_1` = '1', `dia_previa_2` = '0', `data_guia_iss` = '6', `nota_do_milhao` = false, `nfse` = false, `nfts` = false, `guia_iss` = true, `encerra_dctfweb` = true",
2026-01-30T15:09:22:   sqlState: '23000',
2026-01-30T15:09:22:   sqlMessage: "Duplicate entry '0208-1' for key 'empresas.unique_cod_completo'"
2026-01-30T15:09:22: }
2026-01-30T15:10:58: Error: Duplicate entry '0215-1' for key 'empresas.unique_cod_completo'
2026-01-30T15:10:58:     at PromisePool.query (C:\Users\00106\Desktop\IMPLEMENTAÇÃO\backend\node_modules\mysql2\lib\promise\pool.js:36:22)
2026-01-30T15:10:58:     at exports.criar (C:\Users\00106\Desktop\IMPLEMENTAÇÃO\backend\src\controllers\empresas.controller.js:41:14)
2026-01-30T15:10:58:     at Layer.handleRequest (C:\Users\00106\Desktop\IMPLEMENTAÇÃO\backend\node_modules\router\lib\layer.js:152:17)
2026-01-30T15:10:58:     at next (C:\Users\00106\Desktop\IMPLEMENTAÇÃO\backend\node_modules\router\lib\route.js:157:13)
2026-01-30T15:10:58:     at auth (C:\Users\00106\Desktop\IMPLEMENTAÇÃO\backend\src\middleware\auth.js:32:5)
2026-01-30T15:10:58:     at process.processTicksAndRejections (node:internal/process/task_queues:103:5) {
2026-01-30T15:10:58:   code: 'ER_DUP_ENTRY',
2026-01-30T15:10:58:   errno: 1062,
2026-01-30T15:10:58:   sql: "INSERT INTO empresas SET `razao_social` = 'GARIBALDI DO BRASIL LTDA', `cod_completo` = '0215-1', `cod` = '0215', `filial` = '01', `municipio` = 'SÃO PAULO', `cnpj` = '01575990000159', `ccm` = '26148935', `regime_tributario` = 'LUCRO PRESUMIDO', `dia_previa_1` = '0', `dia_previa_2` = '11', `data_guia_iss` = '6', `nota_do_milhao` = true, `nfse` = true, `nfts` = true, `guia_iss` = true, `encerra_dctfweb` = true",
2026-01-30T15:10:58:   sqlState: '23000',
2026-01-30T15:10:58:   sqlMessage: "Duplicate entry '0215-1' for key 'empresas.unique_cod_completo'"
2026-01-30T15:10:58: }
2026-01-30T15:12:21: Error: Duplicate entry '0224-2' for key 'empresas.unique_cod_completo'
2026-01-30T15:12:21:     at PromisePool.query (C:\Users\00106\Desktop\IMPLEMENTAÇÃO\backend\node_modules\mysql2\lib\promise\pool.js:36:22)
2026-01-30T15:12:21:     at exports.criar (C:\Users\00106\Desktop\IMPLEMENTAÇÃO\backend\src\controllers\empresas.controller.js:41:14)
2026-01-30T15:12:21:     at Layer.handleRequest (C:\Users\00106\Desktop\IMPLEMENTAÇÃO\backend\node_modules\router\lib\layer.js:152:17)
2026-01-30T15:12:21:     at next (C:\Users\00106\Desktop\IMPLEMENTAÇÃO\backend\node_modules\router\lib\route.js:157:13)
2026-01-30T15:12:21:     at auth (C:\Users\00106\Desktop\IMPLEMENTAÇÃO\backend\src\middleware\auth.js:32:5)
2026-01-30T15:12:21:     at process.processTicksAndRejections (node:internal/process/task_queues:103:5) {
2026-01-30T15:12:21:   code: 'ER_DUP_ENTRY',
2026-01-30T15:12:21:   errno: 1062,
2026-01-30T15:12:21:   sql: "INSERT INTO empresas SET `razao_social` = 'SOC MELHORAMENTOS SÃO FRANCISCO DOS CAMPOS SC LTDA', `cod_completo` = '0224-2', `cod` = '0224', `filial` = '02', `municipio` = 'DELFIM MOREIRA', `cnpj` = '47197306000224', `ccm` = '00000000', `regime_tributario` = 'LUCRO PRESUMIDO', `dia_previa_1` = '1', `dia_previa_2` = '0', `data_guia_iss` = '6', `nota_do_milhao` = false, `nfse` = false, `nfts` = false, `guia_iss` = true, `encerra_dctfweb` = false",
2026-01-30T15:12:21:   sqlState: '23000',
2026-01-30T15:12:21:   sqlMessage: "Duplicate entry '0224-2' for key 'empresas.unique_cod_completo'"
2026-01-30T15:12:21: }
2026-01-30T15:13:48: Error: Duplicate entry '0332-1' for key 'empresas.unique_cod_completo'
2026-01-30T15:13:48:     at PromisePool.query (C:\Users\00106\Desktop\IMPLEMENTAÇÃO\backend\node_modules\mysql2\lib\promise\pool.js:36:22)
2026-01-30T15:13:48:     at exports.criar (C:\Users\00106\Desktop\IMPLEMENTAÇÃO\backend\src\controllers\empresas.controller.js:41:14)
2026-01-30T15:13:48:     at Layer.handleRequest (C:\Users\00106\Desktop\IMPLEMENTAÇÃO\backend\node_modules\router\lib\layer.js:152:17)
2026-01-30T15:13:48:     at next (C:\Users\00106\Desktop\IMPLEMENTAÇÃO\backend\node_modules\router\lib\route.js:157:13)
2026-01-30T15:13:48:     at auth (C:\Users\00106\Desktop\IMPLEMENTAÇÃO\backend\src\middleware\auth.js:32:5)
2026-01-30T15:13:48:     at process.processTicksAndRejections (node:internal/process/task_queues:103:5) {
2026-01-30T15:13:48:   code: 'ER_DUP_ENTRY',
2026-01-30T15:13:48:   errno: 1062,
2026-01-30T15:13:48:   sql: "INSERT INTO empresas SET `razao_social` = 'ECP SISTEMAS AMBIENTAISE ADMINISTRACÃO DE BENS LTDA', `cod_completo` = '0332-1', `cod` = '0332', `filial` = '01', `municipio` = 'COTIA', `cnpj` = '58037458000103', `ccm` = '00000000', `regime_tributario` = 'SIMPLES NACIONAL', `dia_previa_1` = '1', `dia_previa_2` = '0', `data_guia_iss` = '6', `nota_do_milhao` = false, `nfse` = false, `nfts` = false, `guia_iss` = true, `encerra_dctfweb` = true",
2026-01-30T15:13:48:   sqlState: '23000',
2026-01-30T15:13:48:   sqlMessage: "Duplicate entry '0332-1' for key 'empresas.unique_cod_completo'"
2026-01-30T15:13:48: }
2026-01-30T15:15:28: Error: Duplicate entry '0362-1' for key 'empresas.unique_cod_completo'
2026-01-30T15:15:28:     at PromisePool.query (C:\Users\00106\Desktop\IMPLEMENTAÇÃO\backend\node_modules\mysql2\lib\promise\pool.js:36:22)
2026-01-30T15:15:28:     at exports.criar (C:\Users\00106\Desktop\IMPLEMENTAÇÃO\backend\src\controllers\empresas.controller.js:41:14)
2026-01-30T15:15:28:     at Layer.handleRequest (C:\Users\00106\Desktop\IMPLEMENTAÇÃO\backend\node_modules\router\lib\layer.js:152:17)
2026-01-30T15:15:28:     at next (C:\Users\00106\Desktop\IMPLEMENTAÇÃO\backend\node_modules\router\lib\route.js:157:13)
2026-01-30T15:15:28:     at auth (C:\Users\00106\Desktop\IMPLEMENTAÇÃO\backend\src\middleware\auth.js:32:5)
2026-01-30T15:15:28:     at process.processTicksAndRejections (node:internal/process/task_queues:103:5) {
2026-01-30T15:15:28:   code: 'ER_DUP_ENTRY',
2026-01-30T15:15:28:   errno: 1062,
2026-01-30T15:15:28:   sql: "INSERT INTO empresas SET `razao_social` = 'CONDOMINIO INDUSTRIAL EAST PARK I', `cod_completo` = '0362-1', `cod` = '0362', `filial` = '01', `municipio` = 'SÃO PAULO', `cnpj` = '02159832000180', `ccm` = '38618788', `regime_tributario` = 'IMUNE/INSENTO', `dia_previa_1` = '1', `dia_previa_2` = '11', `data_guia_iss` = '6', `nota_do_milhao` = true, `nfse` = true, `nfts` = true, `guia_iss` = true, `encerra_dctfweb` = true",
2026-01-30T15:15:28:   sqlState: '23000',
2026-01-30T15:15:28:   sqlMessage: "Duplicate entry '0362-1' for key 'empresas.unique_cod_completo'"
2026-01-30T15:15:28: }
2026-01-30T15:16:42: Error: Duplicate entry '0441-2' for key 'empresas.unique_cod_completo'
2026-01-30T15:16:42:     at PromisePool.query (C:\Users\00106\Desktop\IMPLEMENTAÇÃO\backend\node_modules\mysql2\lib\promise\pool.js:36:22)
2026-01-30T15:16:42:     at exports.criar (C:\Users\00106\Desktop\IMPLEMENTAÇÃO\backend\src\controllers\empresas.controller.js:41:14)
2026-01-30T15:16:42:     at Layer.handleRequest (C:\Users\00106\Desktop\IMPLEMENTAÇÃO\backend\node_modules\router\lib\layer.js:152:17)
2026-01-30T15:16:42:     at next (C:\Users\00106\Desktop\IMPLEMENTAÇÃO\backend\node_modules\router\lib\route.js:157:13)
2026-01-30T15:16:42:     at auth (C:\Users\00106\Desktop\IMPLEMENTAÇÃO\backend\src\middleware\auth.js:32:5)
2026-01-30T15:16:42:     at process.processTicksAndRejections (node:internal/process/task_queues:103:5) {
2026-01-30T15:16:42:   code: 'ER_DUP_ENTRY',
2026-01-30T15:16:42:   errno: 1062,
2026-01-30T15:16:42:   sql: "INSERT INTO empresas SET `razao_social` = 'PRINCETON LEMITAR INDUSTRIA E COMERCIO LTDA', `cod_completo` = '0441-2', `cod` = '0441', `filial` = '02', `municipio` = 'ILHOTA', `cnpj` = '47180831000237', `ccm` = '00000000', `regime_tributario` = 'LUCRO REAL', `dia_previa_1` = '1', `dia_previa_2` = '0', `data_guia_iss` = '6', `nota_do_milhao` = false, `nfse` = false, `nfts` = false, `guia_iss` = true, `encerra_dctfweb` = false",
2026-01-30T15:16:42:   sqlState: '23000',
2026-01-30T15:16:42:   sqlMessage: "Duplicate entry '0441-2' for key 'empresas.unique_cod_completo'"
2026-01-30T15:16:42: }
2026-01-30T16:35:33: Error: Duplicate entry '1518-1' for key 'empresas.unique_cod_completo'
2026-01-30T16:35:33:     at PromisePool.query (C:\Users\00106\Desktop\IMPLEMENTAÇÃO\backend\node_modules\mysql2\lib\promise\pool.js:36:22)
2026-01-30T16:35:33:     at exports.criar (C:\Users\00106\Desktop\IMPLEMENTAÇÃO\backend\src\controllers\empresas.controller.js:41:14)
2026-01-30T16:35:33:     at Layer.handleRequest (C:\Users\00106\Desktop\IMPLEMENTAÇÃO\backend\node_modules\router\lib\layer.js:152:17)
2026-01-30T16:35:33:     at next (C:\Users\00106\Desktop\IMPLEMENTAÇÃO\backend\node_modules\router\lib\route.js:157:13)
2026-01-30T16:35:33:     at auth (C:\Users\00106\Desktop\IMPLEMENTAÇÃO\backend\src\middleware\auth.js:32:5)
2026-01-30T16:35:33:     at process.processTicksAndRejections (node:internal/process/task_queues:103:5) {
2026-01-30T16:35:33:   code: 'ER_DUP_ENTRY',
2026-01-30T16:35:33:   errno: 1062,
2026-01-30T16:35:33:   sql: "INSERT INTO empresas SET `razao_social` = 'OMAR REYES MANCILLA SERVICOS ADMINISTRATIVOS', `cod_completo` = '1518-1', `cod` = '1518', `filial` = '01', `municipio` = 'ASSIS', `cnpj` = '27239645000138', `ccm` = '00000000', `regime_tributario` = 'SIMPLES NACIONAL', `dia_previa_1` = '0', `dia_previa_2` = '0', `data_guia_iss` = '6', `nota_do_milhao` = false, `nfse` = false, `nfts` = false, `guia_iss` = true, `encerra_dctfweb` = true",
2026-01-30T16:35:33:   sqlState: '23000',
2026-01-30T16:35:33:   sqlMessage: "Duplicate entry '1518-1' for key 'empresas.unique_cod_completo'"
2026-01-30T16:35:33: }
2026-01-30T17:01:49: Error: Duplicate entry '0015-1' for key 'empresas.unique_cod_completo'
2026-01-30T17:01:49:     at PromisePool.query (C:\Users\00106\Desktop\IMPLEMENTAÇÃO\backend\node_modules\mysql2\lib\promise\pool.js:36:22)
2026-01-30T17:01:49:     at exports.criar (C:\Users\00106\Desktop\IMPLEMENTAÇÃO\backend\src\controllers\empresas.controller.js:41:14)
2026-01-30T17:01:49:     at Layer.handleRequest (C:\Users\00106\Desktop\IMPLEMENTAÇÃO\backend\node_modules\router\lib\layer.js:152:17)
2026-01-30T17:01:49:     at next (C:\Users\00106\Desktop\IMPLEMENTAÇÃO\backend\node_modules\router\lib\route.js:157:13)
2026-01-30T17:01:49:     at auth (C:\Users\00106\Desktop\IMPLEMENTAÇÃO\backend\src\middleware\auth.js:32:5)
2026-01-30T17:01:49:     at process.processTicksAndRejections (node:internal/process/task_queues:103:5) {
2026-01-30T17:01:49:   code: 'ER_DUP_ENTRY',
2026-01-30T17:01:49:   errno: 1062,
2026-01-30T17:01:49:   sql: "INSERT INTO empresas SET `razao_social` = 'UFFIZI DO BRASIL EMPREENDIMENTOS LTDA', `cod_completo` = '0015-1', `cod` = '0015', `filial` = '01', `municipio` = 'SÃO PAULO', `cnpj` = '00999009000158', `ccm` = '24741914', `regime_tributario` = 'LUCRO PRESUMIDO', `dia_previa_1` = '1', `dia_previa_2` = '11', `data_guia_iss` = '6', `nota_do_milhao` = true, `nfse` = true, `nfts` = true, `guia_iss` = true, `encerra_dctfweb` = true",
2026-01-30T17:01:49:   sqlState: '23000',
2026-01-30T17:01:49:   sqlMessage: "Duplicate entry '0015-1' for key 'empresas.unique_cod_completo'"
2026-01-30T17:01:49: }
2026-01-30T17:03:27: Error: Duplicate entry '0031-1' for key 'empresas.unique_cod_completo'
2026-01-30T17:03:27:     at PromisePool.query (C:\Users\00106\Desktop\IMPLEMENTAÇÃO\backend\node_modules\mysql2\lib\promise\pool.js:36:22)
2026-01-30T17:03:27:     at exports.criar (C:\Users\00106\Desktop\IMPLEMENTAÇÃO\backend\src\controllers\empresas.controller.js:41:14)
2026-01-30T17:03:27:     at Layer.handleRequest (C:\Users\00106\Desktop\IMPLEMENTAÇÃO\backend\node_modules\router\lib\layer.js:152:17)
2026-01-30T17:03:27:     at next (C:\Users\00106\Desktop\IMPLEMENTAÇÃO\backend\node_modules\router\lib\route.js:157:13)
2026-01-30T17:03:27:     at auth (C:\Users\00106\Desktop\IMPLEMENTAÇÃO\backend\src\middleware\auth.js:32:5)
2026-01-30T17:03:27:     at process.processTicksAndRejections (node:internal/process/task_queues:103:5) {
2026-01-30T17:03:27:   code: 'ER_DUP_ENTRY',
2026-01-30T17:03:27:   errno: 1062,
2026-01-30T17:03:27:   sql: "INSERT INTO empresas SET `razao_social` = 'ROBERTO POLEGATO ENGENHARIA', `cod_completo` = '0031-1', `cod` = '0031', `filial` = '01', `municipio` = 'SÃO PAULO', `cnpj` = '03676539000153', `ccm` = '28813138', `regime_tributario` = 'LUCRO PRESUMIDO', `dia_previa_1` = '1', `dia_previa_2` = '11', `data_guia_iss` = '6', `nota_do_milhao` = true, `nfse` = true, `nfts` = true, `guia_iss` = true, `encerra_dctfweb` = true",
2026-01-30T17:03:27:   sqlState: '23000',
2026-01-30T17:03:27:   sqlMessage: "Duplicate entry '0031-1' for key 'empresas.unique_cod_completo'"
2026-01-30T17:03:27: }
2026-01-30T17:05:26: Error: Duplicate entry '0039-1' for key 'empresas.unique_cod_completo'
2026-01-30T17:05:26:     at PromisePool.query (C:\Users\00106\Desktop\IMPLEMENTAÇÃO\backend\node_modules\mysql2\lib\promise\pool.js:36:22)
2026-01-30T17:05:26:     at exports.criar (C:\Users\00106\Desktop\IMPLEMENTAÇÃO\backend\src\controllers\empresas.controller.js:41:14)
2026-01-30T17:05:26:     at Layer.handleRequest (C:\Users\00106\Desktop\IMPLEMENTAÇÃO\backend\node_modules\router\lib\layer.js:152:17)
2026-01-30T17:05:26:     at next (C:\Users\00106\Desktop\IMPLEMENTAÇÃO\backend\node_modules\router\lib\route.js:157:13)
2026-01-30T17:05:26:     at auth (C:\Users\00106\Desktop\IMPLEMENTAÇÃO\backend\src\middleware\auth.js:32:5)
2026-01-30T17:05:26:     at process.processTicksAndRejections (node:internal/process/task_queues:103:5) {
2026-01-30T17:05:26:   code: 'ER_DUP_ENTRY',
2026-01-30T17:05:26:   errno: 1062,
2026-01-30T17:05:26:   sql: "INSERT INTO empresas SET `razao_social` = 'OR BRASIL COML IMPORT E EXPORT LTDA', `cod_completo` = '0039-1', `cod` = '0039', `filial` = '01', `municipio` = 'SÃO PAULO', `cnpj` = '02505572000158', `ccm` = '29092159', `regime_tributario` = 'LUCRO PRESUMIDO', `dia_previa_1` = '1', `dia_previa_2` = '11', `data_guia_iss` = '6', `nota_do_milhao` = true, `nfse` = true, `nfts` = true, `guia_iss` = true, `encerra_dctfweb` = true",
2026-01-30T17:05:26:   sqlState: '23000',
2026-01-30T17:05:26:   sqlMessage: "Duplicate entry '0039-1' for key 'empresas.unique_cod_completo'"
2026-01-30T17:05:26: }
2026-01-30T17:06:55: Error: Duplicate entry '0047-1' for key 'empresas.unique_cod_completo'
2026-01-30T17:06:55:     at PromisePool.query (C:\Users\00106\Desktop\IMPLEMENTAÇÃO\backend\node_modules\mysql2\lib\promise\pool.js:36:22)
2026-01-30T17:06:55:     at exports.criar (C:\Users\00106\Desktop\IMPLEMENTAÇÃO\backend\src\controllers\empresas.controller.js:41:14)
2026-01-30T17:06:55:     at Layer.handleRequest (C:\Users\00106\Desktop\IMPLEMENTAÇÃO\backend\node_modules\router\lib\layer.js:152:17)
2026-01-30T17:06:55:     at next (C:\Users\00106\Desktop\IMPLEMENTAÇÃO\backend\node_modules\router\lib\route.js:157:13)
2026-01-30T17:06:55:     at auth (C:\Users\00106\Desktop\IMPLEMENTAÇÃO\backend\src\middleware\auth.js:32:5)
2026-01-30T17:06:55:     at process.processTicksAndRejections (node:internal/process/task_queues:103:5) {
2026-01-30T17:06:55:   code: 'ER_DUP_ENTRY',
2026-01-30T17:06:55:   errno: 1062,
2026-01-30T17:06:55:   sql: "INSERT INTO empresas SET `razao_social` = 'SAO FRANCISCO PARTICIPACOES E EMPREENDIMENTOS LTDA', `cod_completo` = '0047-1', `cod` = '0047', `filial` = '01', `municipio` = 'SÃO PAULO', `cnpj` = '49930167000140', `ccm` = '22907742', `regime_tributario` = 'LUCRO PRESUMIDO', `dia_previa_1` = '1', `dia_previa_2` = '11', `data_guia_iss` = '6', `nota_do_milhao` = true, `nfse` = true, `nfts` = true, `guia_iss` = true, `encerra_dctfweb` = true",
2026-01-30T17:06:55:   sqlState: '23000',
2026-01-30T17:06:55:   sqlMessage: "Duplicate entry '0047-1' for key 'empresas.unique_cod_completo'"
2026-01-30T17:06:55: }
2026-01-30T17:08:23: Error: Duplicate entry '0056-1' for key 'empresas.unique_cod_completo'
2026-01-30T17:08:23:     at PromisePool.query (C:\Users\00106\Desktop\IMPLEMENTAÇÃO\backend\node_modules\mysql2\lib\promise\pool.js:36:22)
2026-01-30T17:08:23:     at exports.criar (C:\Users\00106\Desktop\IMPLEMENTAÇÃO\backend\src\controllers\empresas.controller.js:41:14)
2026-01-30T17:08:23:     at Layer.handleRequest (C:\Users\00106\Desktop\IMPLEMENTAÇÃO\backend\node_modules\router\lib\layer.js:152:17)
2026-01-30T17:08:23:     at next (C:\Users\00106\Desktop\IMPLEMENTAÇÃO\backend\node_modules\router\lib\route.js:157:13)
2026-01-30T17:08:23:     at auth (C:\Users\00106\Desktop\IMPLEMENTAÇÃO\backend\src\middleware\auth.js:32:5)
2026-01-30T17:08:23:     at process.processTicksAndRejections (node:internal/process/task_queues:103:5) {
2026-01-30T17:08:23:   code: 'ER_DUP_ENTRY',
2026-01-30T17:08:23:   errno: 1062,
2026-01-30T17:08:23:   sql: "INSERT INTO empresas SET `razao_social` = 'TECNICA MECANICA ITALSUISS LTDA', `cod_completo` = '0056-1', `cod` = '0056', `filial` = '01', `municipio` = 'SÃO PAULO', `cnpj` = '60811528000172', `ccm` = '10037195', `regime_tributario` = 'SIMPLES NACIONAL', `dia_previa_1` = '1', `dia_previa_2` = '11', `data_guia_iss` = '6', `nota_do_milhao` = true, `nfse` = true, `nfts` = true, `guia_iss` = true, `encerra_dctfweb` = true",
2026-01-30T17:08:23:   sqlState: '23000',
2026-01-30T17:08:23:   sqlMessage: "Duplicate entry '0056-1' for key 'empresas.unique_cod_completo'"
2026-01-30T17:08:23: }
2026-01-30T17:09:51: Error: Duplicate entry '0058-1' for key 'empresas.unique_cod_completo'
2026-01-30T17:09:51:     at PromisePool.query (C:\Users\00106\Desktop\IMPLEMENTAÇÃO\backend\node_modules\mysql2\lib\promise\pool.js:36:22)
2026-01-30T17:09:51:     at exports.criar (C:\Users\00106\Desktop\IMPLEMENTAÇÃO\backend\src\controllers\empresas.controller.js:41:14)
2026-01-30T17:09:51:     at Layer.handleRequest (C:\Users\00106\Desktop\IMPLEMENTAÇÃO\backend\node_modules\router\lib\layer.js:152:17)
2026-01-30T17:09:51:     at next (C:\Users\00106\Desktop\IMPLEMENTAÇÃO\backend\node_modules\router\lib\route.js:157:13)
2026-01-30T17:09:51:     at auth (C:\Users\00106\Desktop\IMPLEMENTAÇÃO\backend\src\middleware\auth.js:32:5)
2026-01-30T17:09:51:     at process.processTicksAndRejections (node:internal/process/task_queues:103:5) {
2026-01-30T17:09:51:   code: 'ER_DUP_ENTRY',
2026-01-30T17:09:51:   errno: 1062,
2026-01-30T17:09:51:   sql: "INSERT INTO empresas SET `razao_social` = 'MONFERO COMERCIAL E ADMINISTRADORA LTDA', `cod_completo` = '0058-1', `cod` = '0058', `filial` = '01', `municipio` = 'SÃO PAULO', `cnpj` = '54523691000137', `ccm` = '92212719', `regime_tributario` = 'LUCRO PRESUMIDO', `dia_previa_1` = '1', `dia_previa_2` = '11', `data_guia_iss` = '6', `nota_do_milhao` = true, `nfse` = true, `nfts` = true, `guia_iss` = true, `encerra_dctfweb` = true",
2026-01-30T17:09:51:   sqlState: '23000',
2026-01-30T17:09:51:   sqlMessage: "Duplicate entry '0058-1' for key 'empresas.unique_cod_completo'"
2026-01-30T17:09:51: }
2026-01-30T17:11:19: Error: Duplicate entry '0061-1' for key 'empresas.unique_cod_completo'
2026-01-30T17:11:19:     at PromisePool.query (C:\Users\00106\Desktop\IMPLEMENTAÇÃO\backend\node_modules\mysql2\lib\promise\pool.js:36:22)
2026-01-30T17:11:19:     at exports.criar (C:\Users\00106\Desktop\IMPLEMENTAÇÃO\backend\src\controllers\empresas.controller.js:41:14)
2026-01-30T17:11:19:     at Layer.handleRequest (C:\Users\00106\Desktop\IMPLEMENTAÇÃO\backend\node_modules\router\lib\layer.js:152:17)
2026-01-30T17:11:19:     at next (C:\Users\00106\Desktop\IMPLEMENTAÇÃO\backend\node_modules\router\lib\route.js:157:13)
2026-01-30T17:11:19:     at auth (C:\Users\00106\Desktop\IMPLEMENTAÇÃO\backend\src\middleware\auth.js:32:5)
2026-01-30T17:11:19:     at process.processTicksAndRejections (node:internal/process/task_queues:103:5) {
2026-01-30T17:11:19:   code: 'ER_DUP_ENTRY',
2026-01-30T17:11:19:   errno: 1062,
2026-01-30T17:11:19:   sql: "INSERT INTO empresas SET `razao_social` = 'PUBLICRONO EXCLUSIVAS PUBLICITARIAS LTDA', `cod_completo` = '0061-1', `cod` = '0061', `filial` = '01', `municipio` = 'SÃO PAULO', `cnpj` = '44894046000177', `ccm` = '23232340', `regime_tributario` = 'LUCRO PRESUMIDO', `dia_previa_1` = '1', `dia_previa_2` = '11', `data_guia_iss` = '6', `nota_do_milhao` = true, `nfse` = true, `nfts` = true, `guia_iss` = true, `encerra_dctfweb` = true",
2026-01-30T17:11:19:   sqlState: '23000',
2026-01-30T17:11:19:   sqlMessage: "Duplicate entry '0061-1' for key 'empresas.unique_cod_completo'"
2026-01-30T17:11:19: }
2026-01-30T17:12:56: Error: Duplicate entry '0076-1' for key 'empresas.unique_cod_completo'
2026-01-30T17:12:56:     at PromisePool.query (C:\Users\00106\Desktop\IMPLEMENTAÇÃO\backend\node_modules\mysql2\lib\promise\pool.js:36:22)
2026-01-30T17:12:56:     at exports.criar (C:\Users\00106\Desktop\IMPLEMENTAÇÃO\backend\src\controllers\empresas.controller.js:41:14)
2026-01-30T17:12:56:     at Layer.handleRequest (C:\Users\00106\Desktop\IMPLEMENTAÇÃO\backend\node_modules\router\lib\layer.js:152:17)
2026-01-30T17:12:56:     at next (C:\Users\00106\Desktop\IMPLEMENTAÇÃO\backend\node_modules\router\lib\route.js:157:13)
2026-01-30T17:12:56:     at auth (C:\Users\00106\Desktop\IMPLEMENTAÇÃO\backend\src\middleware\auth.js:32:5)
2026-01-30T17:12:56:     at process.processTicksAndRejections (node:internal/process/task_queues:103:5) {
2026-01-30T17:12:56:   code: 'ER_DUP_ENTRY',
2026-01-30T17:12:56:   errno: 1062,
2026-01-30T17:12:56:   sql: "INSERT INTO empresas SET `razao_social` = 'LPN ADMINISTRACAO DE BENSINCORPORACOES E PARTICIPACOES LTDA', `cod_completo` = '0076-1', `cod` = '0076', `filial` = '01', `municipio` = 'SÃO PAULO', `cnpj` = '07145415000100', `ccm` = '33721726', `regime_tributario` = 'LUCRO PRESUMIDO', `dia_previa_1` = '1', `dia_previa_2` = '11', `data_guia_iss` = '6', `nota_do_milhao` = true, `nfse` = true, `nfts` = true, `guia_iss` = true, `encerra_dctfweb` = true",
2026-01-30T17:12:56:   sqlState: '23000',
2026-01-30T17:12:56:   sqlMessage: "Duplicate entry '0076-1' for key 'empresas.unique_cod_completo'"
2026-01-30T17:12:56: }
2026-02-02T08:15:50: Error: Duplicate entry '0755-1' for key 'empresas.unique_cod_completo'
2026-02-02T08:15:50:     at PromisePool.query (C:\Users\00106\Desktop\IMPLEMENTAÇÃO\backend\node_modules\mysql2\lib\promise\pool.js:36:22)
2026-02-02T08:15:50:     at exports.criar (C:\Users\00106\Desktop\IMPLEMENTAÇÃO\backend\src\controllers\empresas.controller.js:41:14)
2026-02-02T08:15:50:     at Layer.handleRequest (C:\Users\00106\Desktop\IMPLEMENTAÇÃO\backend\node_modules\router\lib\layer.js:152:17)
2026-02-02T08:15:50:     at next (C:\Users\00106\Desktop\IMPLEMENTAÇÃO\backend\node_modules\router\lib\route.js:157:13)
2026-02-02T08:15:50:     at auth (C:\Users\00106\Desktop\IMPLEMENTAÇÃO\backend\src\middleware\auth.js:32:5)
2026-02-02T08:15:50:     at process.processTicksAndRejections (node:internal/process/task_queues:103:5) {
2026-02-02T08:15:50:   code: 'ER_DUP_ENTRY',
2026-02-02T08:15:50:   errno: 1062,
2026-02-02T08:15:50:   sql: "INSERT INTO empresas SET `razao_social` = 'EMERSON PROCESS MANAGEMENT LTDA', `cod_completo` = '0755-1', `cod` = '0755', `filial` = '01', `municipio` = 'SOROCABA', `cnpj` = '43213776000100', `ccm` = '00000000', `regime_tributario` = 'NÃO PROCESSAR NADA', `dia_previa_1` = '0', `dia_previa_2` = '0', `data_guia_iss` = '0', `nota_do_milhao` = false, `nfse` = false, `nfts` = false, `guia_iss` = false, `encerra_dctfweb` = false",
2026-02-02T08:15:50:   sqlState: '23000',
2026-02-02T08:15:50:   sqlMessage: "Duplicate entry '0755-1' for key 'empresas.unique_cod_completo'"
2026-02-02T08:15:50: }
2026-02-02T08:17:10: Error: Duplicate entry '0980-1' for key 'empresas.unique_cod_completo'
2026-02-02T08:17:10:     at PromisePool.query (C:\Users\00106\Desktop\IMPLEMENTAÇÃO\backend\node_modules\mysql2\lib\promise\pool.js:36:22)
2026-02-02T08:17:10:     at exports.criar (C:\Users\00106\Desktop\IMPLEMENTAÇÃO\backend\src\controllers\empresas.controller.js:41:14)
2026-02-02T08:17:10:     at Layer.handleRequest (C:\Users\00106\Desktop\IMPLEMENTAÇÃO\backend\node_modules\router\lib\layer.js:152:17)
2026-02-02T08:17:10:     at next (C:\Users\00106\Desktop\IMPLEMENTAÇÃO\backend\node_modules\router\lib\route.js:157:13)
2026-02-02T08:17:10:     at auth (C:\Users\00106\Desktop\IMPLEMENTAÇÃO\backend\src\middleware\auth.js:32:5)
2026-02-02T08:17:10:     at process.processTicksAndRejections (node:internal/process/task_queues:103:5) {
2026-02-02T08:17:10:   code: 'ER_DUP_ENTRY',
2026-02-02T08:17:10:   errno: 1062,
2026-02-02T08:17:10:   sql: "INSERT INTO empresas SET `razao_social` = 'GBRASIL - GRUPO BRASIL DE EMPRESAS DE CONTABILIDADE', `cod_completo` = '0980-1', `cod` = '0980', `filial` = '01', `municipio` = 'SÃO PAULO', `cnpj` = '03961417000109', `ccm` = '00000000', `regime_tributario` = 'NÃO PROCESSAR NADA', `dia_previa_1` = '0', `dia_previa_2` = '0', `data_guia_iss` = '0', `nota_do_milhao` = false, `nfse` = false, `nfts` = false, `guia_iss` = false, `encerra_dctfweb` = false",
2026-02-02T08:17:10:   sqlState: '23000',
2026-02-02T08:17:10:   sqlMessage: "Duplicate entry '0980-1' for key 'empresas.unique_cod_completo'"
2026-02-02T08:17:10: }
2026-02-02T08:19:35: Error: Duplicate entry '0900-1' for key 'empresas.unique_cod_completo'
2026-02-02T08:19:35:     at PromisePool.query (C:\Users\00106\Desktop\IMPLEMENTAÇÃO\backend\node_modules\mysql2\lib\promise\pool.js:36:22)
2026-02-02T08:19:35:     at exports.criar (C:\Users\00106\Desktop\IMPLEMENTAÇÃO\backend\src\controllers\empresas.controller.js:41:14)
2026-02-02T08:19:35:     at Layer.handleRequest (C:\Users\00106\Desktop\IMPLEMENTAÇÃO\backend\node_modules\router\lib\layer.js:152:17)
2026-02-02T08:19:35:     at next (C:\Users\00106\Desktop\IMPLEMENTAÇÃO\backend\node_modules\router\lib\route.js:157:13)
2026-02-02T08:19:35:     at auth (C:\Users\00106\Desktop\IMPLEMENTAÇÃO\backend\src\middleware\auth.js:32:5)
2026-02-02T08:19:35:     at process.processTicksAndRejections (node:internal/process/task_queues:103:5) {
2026-02-02T08:19:35:   code: 'ER_DUP_ENTRY',
2026-02-02T08:19:35:   errno: 1062,
2026-02-02T08:19:35:   sql: "INSERT INTO empresas SET `razao_social` = 'ORCOSE COMERCIAL E SERVICOS LTDA', `cod_completo` = '0900-1', `cod` = '0900', `filial` = '01', `municipio` = 'SÃO PAULO', `cnpj` = '00000000000191', `ccm` = '00000000', `regime_tributario` = 'NÃO PROCESSAR NADA', `dia_previa_1` = '0', `dia_previa_2` = '0', `data_guia_iss` = '0', `nota_do_milhao` = false, `nfse` = false, `nfts` = false, `guia_iss` = false, `encerra_dctfweb` = false",
2026-02-02T08:19:35:   sqlState: '23000',
2026-02-02T08:19:35:   sqlMessage: "Duplicate entry '0900-1' for key 'empresas.unique_cod_completo'"
2026-02-02T08:19:35: }
2026-02-02T08:20:47: Error: Duplicate entry '0999-1' for key 'empresas.unique_cod_completo'
2026-02-02T08:20:47:     at PromisePool.query (C:\Users\00106\Desktop\IMPLEMENTAÇÃO\backend\node_modules\mysql2\lib\promise\pool.js:36:22)
2026-02-02T08:20:47:     at exports.criar (C:\Users\00106\Desktop\IMPLEMENTAÇÃO\backend\src\controllers\empresas.controller.js:41:14)
2026-02-02T08:20:47:     at Layer.handleRequest (C:\Users\00106\Desktop\IMPLEMENTAÇÃO\backend\node_modules\router\lib\layer.js:152:17)
2026-02-02T08:20:47:     at next (C:\Users\00106\Desktop\IMPLEMENTAÇÃO\backend\node_modules\router\lib\route.js:157:13)
2026-02-02T08:20:47:     at auth (C:\Users\00106\Desktop\IMPLEMENTAÇÃO\backend\src\middleware\auth.js:32:5)
2026-02-02T08:20:47:     at process.processTicksAndRejections (node:internal/process/task_queues:103:5) {
2026-02-02T08:20:47:   code: 'ER_DUP_ENTRY',
2026-02-02T08:20:47:   errno: 1062,
2026-02-02T08:20:47:   sql: "INSERT INTO empresas SET `razao_social` = 'ORCOSE CONTABILIDADE LTDA', `cod_completo` = '0999-1', `cod` = '0999', `filial` = '01', `municipio` = 'SÃO PAULO', `cnpj` = '00000000000000', `ccm` = '00000000', `regime_tributario` = 'NÃO PROCESSAR NADA', `dia_previa_1` = '0', `dia_previa_2` = '0', `data_guia_iss` = '0', `nota_do_milhao` = false, `nfse` = false, `nfts` = false, `guia_iss` = false, `encerra_dctfweb` = false",
2026-02-02T08:20:47:   sqlState: '23000',
2026-02-02T08:20:47:   sqlMessage: "Duplicate entry '0999-1' for key 'empresas.unique_cod_completo'"
2026-02-02T08:20:47: }
2026-02-02T08:22:02: Error: Duplicate entry '9999-1' for key 'empresas.unique_cod_completo'
2026-02-02T08:22:02:     at PromisePool.query (C:\Users\00106\Desktop\IMPLEMENTAÇÃO\backend\node_modules\mysql2\lib\promise\pool.js:36:22)
2026-02-02T08:22:02:     at exports.criar (C:\Users\00106\Desktop\IMPLEMENTAÇÃO\backend\src\controllers\empresas.controller.js:41:14)
2026-02-02T08:22:02:     at Layer.handleRequest (C:\Users\00106\Desktop\IMPLEMENTAÇÃO\backend\node_modules\router\lib\layer.js:152:17)
2026-02-02T08:22:02:     at next (C:\Users\00106\Desktop\IMPLEMENTAÇÃO\backend\node_modules\router\lib\route.js:157:13)
2026-02-02T08:22:02:     at auth (C:\Users\00106\Desktop\IMPLEMENTAÇÃO\backend\src\middleware\auth.js:32:5)
2026-02-02T08:22:02:     at process.processTicksAndRejections (node:internal/process/task_queues:103:5) {
2026-02-02T08:22:02:   code: 'ER_DUP_ENTRY',
2026-02-02T08:22:02:   errno: 1062,
2026-02-02T08:22:02:   sql: "INSERT INTO empresas SET `razao_social` = 'REDE DE CONTATOS ORCOSE - WHATSAPP', `cod_completo` = '9999-1', `cod` = '9999', `filial` = '01', `municipio` = 'SÃO PAULO', `cnpj` = '00745386000160', `ccm` = '00000000', `regime_tributario` = 'NÃO PROCESSAR NADA', `dia_previa_1` = '0', `dia_previa_2` = '0', `data_guia_iss` = '0', `nota_do_milhao` = false, `nfse` = false, `nfts` = false, `guia_iss` = false, `encerra_dctfweb` = false",
2026-02-02T08:22:02:   sqlState: '23000',
2026-02-02T08:22:02:   sqlMessage: "Duplicate entry '9999-1' for key 'empresas.unique_cod_completo'"
2026-02-02T08:22:02: }
2026-02-02T08:23:30: Error: Duplicate entry '0017-1' for key 'empresas.unique_cod_completo'
2026-02-02T08:23:30:     at PromisePool.query (C:\Users\00106\Desktop\IMPLEMENTAÇÃO\backend\node_modules\mysql2\lib\promise\pool.js:36:22)
2026-02-02T08:23:30:     at exports.criar (C:\Users\00106\Desktop\IMPLEMENTAÇÃO\backend\src\controllers\empresas.controller.js:41:14)
2026-02-02T08:23:30:     at Layer.handleRequest (C:\Users\00106\Desktop\IMPLEMENTAÇÃO\backend\node_modules\router\lib\layer.js:152:17)
2026-02-02T08:23:30:     at next (C:\Users\00106\Desktop\IMPLEMENTAÇÃO\backend\node_modules\router\lib\route.js:157:13)
2026-02-02T08:23:30:     at auth (C:\Users\00106\Desktop\IMPLEMENTAÇÃO\backend\src\middleware\auth.js:32:5)
2026-02-02T08:23:30:     at process.processTicksAndRejections (node:internal/process/task_queues:103:5) {
2026-02-02T08:23:30:   code: 'ER_DUP_ENTRY',
2026-02-02T08:23:30:   errno: 1062,
2026-02-02T08:23:30:   sql: "INSERT INTO empresas SET `razao_social` = 'SANTO GRAO COMERCIAL IMPORTADORA E EXPORTADORA DE PRODUTOS ALIMENTICIOS LTDA', `cod_completo` = '0017-1', `cod` = '0017', `filial` = '01', `municipio` = 'SÃO PAULO', `cnpj` = '06885798000182', `ccm` = '33331715', `regime_tributario` = 'LUCRO PRESUMIDO', `dia_previa_1` = '0', `dia_previa_2` = '11', `data_guia_iss` = '6', `nota_do_milhao` = true, `nfse` = true, `nfts` = true, `guia_iss` = true, `encerra_dctfweb` = true",
2026-02-02T08:23:30:   sqlState: '23000',
2026-02-02T08:23:30:   sqlMessage: "Duplicate entry '0017-1' for key 'empresas.unique_cod_completo'"
2026-02-02T08:23:30: }
2026-02-02T08:26:15: Error: Duplicate entry '0208-1' for key 'empresas.unique_cod_completo'
2026-02-02T08:26:15:     at PromisePool.query (C:\Users\00106\Desktop\IMPLEMENTAÇÃO\backend\node_modules\mysql2\lib\promise\pool.js:36:22)
2026-02-02T08:26:15:     at exports.criar (C:\Users\00106\Desktop\IMPLEMENTAÇÃO\backend\src\controllers\empresas.controller.js:41:14)
2026-02-02T08:26:15:     at Layer.handleRequest (C:\Users\00106\Desktop\IMPLEMENTAÇÃO\backend\node_modules\router\lib\layer.js:152:17)
2026-02-02T08:26:15:     at next (C:\Users\00106\Desktop\IMPLEMENTAÇÃO\backend\node_modules\router\lib\route.js:157:13)
2026-02-02T08:26:15:     at auth (C:\Users\00106\Desktop\IMPLEMENTAÇÃO\backend\src\middleware\auth.js:32:5)
2026-02-02T08:26:15:     at process.processTicksAndRejections (node:internal/process/task_queues:103:5) {
2026-02-02T08:26:15:   code: 'ER_DUP_ENTRY',
2026-02-02T08:26:15:   errno: 1062,
2026-02-02T08:26:15:   sql: "INSERT INTO empresas SET `razao_social` = 'COMERCIAL FACIS LTDA', `cod_completo` = '0208-1', `cod` = '0208', `filial` = '01', `municipio` = 'JANDIRA', `cnpj` = '01435768000150', `ccm` = '00000000', `regime_tributario` = 'LUCRO PRESUMIDO', `dia_previa_1` = '1', `dia_previa_2` = '0', `data_guia_iss` = '6', `nota_do_milhao` = false, `nfse` = false, `nfts` = false, `guia_iss` = true, `encerra_dctfweb` = true",
2026-02-02T08:26:15:   sqlState: '23000',
2026-02-02T08:26:15:   sqlMessage: "Duplicate entry '0208-1' for key 'empresas.unique_cod_completo'"
2026-02-02T08:26:15: }
2026-02-02T08:27:42: Error: Duplicate entry '0215-1' for key 'empresas.unique_cod_completo'
2026-02-02T08:27:42:     at PromisePool.query (C:\Users\00106\Desktop\IMPLEMENTAÇÃO\backend\node_modules\mysql2\lib\promise\pool.js:36:22)
2026-02-02T08:27:42:     at exports.criar (C:\Users\00106\Desktop\IMPLEMENTAÇÃO\backend\src\controllers\empresas.controller.js:41:14)
2026-02-02T08:27:42:     at Layer.handleRequest (C:\Users\00106\Desktop\IMPLEMENTAÇÃO\backend\node_modules\router\lib\layer.js:152:17)
2026-02-02T08:27:42:     at next (C:\Users\00106\Desktop\IMPLEMENTAÇÃO\backend\node_modules\router\lib\route.js:157:13)
2026-02-02T08:27:42:     at auth (C:\Users\00106\Desktop\IMPLEMENTAÇÃO\backend\src\middleware\auth.js:32:5)
2026-02-02T08:27:42:     at process.processTicksAndRejections (node:internal/process/task_queues:103:5) {
2026-02-02T08:27:42:   code: 'ER_DUP_ENTRY',
2026-02-02T08:27:42:   errno: 1062,
2026-02-02T08:27:42:   sql: "INSERT INTO empresas SET `razao_social` = 'GARIBALDI DO BRASIL LTDA', `cod_completo` = '0215-1', `cod` = '0215', `filial` = '01', `municipio` = 'SÃO PAULO', `cnpj` = '01575990000159', `ccm` = '26148935', `regime_tributario` = 'LUCRO PRESUMIDO', `dia_previa_1` = '0', `dia_previa_2` = '11', `data_guia_iss` = '6', `nota_do_milhao` = true, `nfse` = true, `nfts` = true, `guia_iss` = true, `encerra_dctfweb` = true",
2026-02-02T08:27:42:   sqlState: '23000',
2026-02-02T08:27:42:   sqlMessage: "Duplicate entry '0215-1' for key 'empresas.unique_cod_completo'"
2026-02-02T08:27:42: }
2026-02-02T08:29:12: Error: Duplicate entry '0224-2' for key 'empresas.unique_cod_completo'
2026-02-02T08:29:12:     at PromisePool.query (C:\Users\00106\Desktop\IMPLEMENTAÇÃO\backend\node_modules\mysql2\lib\promise\pool.js:36:22)
2026-02-02T08:29:12:     at exports.criar (C:\Users\00106\Desktop\IMPLEMENTAÇÃO\backend\src\controllers\empresas.controller.js:41:14)
2026-02-02T08:29:12:     at Layer.handleRequest (C:\Users\00106\Desktop\IMPLEMENTAÇÃO\backend\node_modules\router\lib\layer.js:152:17)
2026-02-02T08:29:12:     at next (C:\Users\00106\Desktop\IMPLEMENTAÇÃO\backend\node_modules\router\lib\route.js:157:13)
2026-02-02T08:29:12:     at auth (C:\Users\00106\Desktop\IMPLEMENTAÇÃO\backend\src\middleware\auth.js:32:5)
2026-02-02T08:29:12:     at process.processTicksAndRejections (node:internal/process/task_queues:103:5) {
2026-02-02T08:29:12:   code: 'ER_DUP_ENTRY',
2026-02-02T08:29:12:   errno: 1062,
2026-02-02T08:29:12:   sql: "INSERT INTO empresas SET `razao_social` = 'SOC MELHORAMENTOS SÃO FRANCISCO DOS CAMPOS SC LTDA', `cod_completo` = '0224-2', `cod` = '0224', `filial` = '02', `municipio` = 'DELFIM MOREIRA', `cnpj` = '47197306000224', `ccm` = '00000000', `regime_tributario` = 'LUCRO PRESUMIDO', `dia_previa_1` = '1', `dia_previa_2` = '0', `data_guia_iss` = '6', `nota_do_milhao` = false, `nfse` = false, `nfts` = false, `guia_iss` = true, `encerra_dctfweb` = false",
2026-02-02T08:29:12:   sqlState: '23000',
2026-02-02T08:29:12:   sqlMessage: "Duplicate entry '0224-2' for key 'empresas.unique_cod_completo'"
2026-02-02T08:29:12: }
2026-02-02T08:31:03: Error: Duplicate entry '0332-1' for key 'empresas.unique_cod_completo'
2026-02-02T08:31:03:     at PromisePool.query (C:\Users\00106\Desktop\IMPLEMENTAÇÃO\backend\node_modules\mysql2\lib\promise\pool.js:36:22)
2026-02-02T08:31:03:     at exports.criar (C:\Users\00106\Desktop\IMPLEMENTAÇÃO\backend\src\controllers\empresas.controller.js:41:14)
2026-02-02T08:31:03:     at Layer.handleRequest (C:\Users\00106\Desktop\IMPLEMENTAÇÃO\backend\node_modules\router\lib\layer.js:152:17)
2026-02-02T08:31:03:     at next (C:\Users\00106\Desktop\IMPLEMENTAÇÃO\backend\node_modules\router\lib\route.js:157:13)
2026-02-02T08:31:03:     at auth (C:\Users\00106\Desktop\IMPLEMENTAÇÃO\backend\src\middleware\auth.js:32:5)
2026-02-02T08:31:03:     at process.processTicksAndRejections (node:internal/process/task_queues:103:5) {
2026-02-02T08:31:03:   code: 'ER_DUP_ENTRY',
2026-02-02T08:31:03:   errno: 1062,
2026-02-02T08:31:03:   sql: "INSERT INTO empresas SET `razao_social` = 'ECP SISTEMAS AMBIENTAISE ADMINISTRACÃO DE BENS LTDA', `cod_completo` = '0332-1', `cod` = '0332', `filial` = '01', `municipio` = 'COTIA', `cnpj` = '58037458000103', `ccm` = '00000000', `regime_tributario` = 'SIMPLES NACIONAL', `dia_previa_1` = '1', `dia_previa_2` = '0', `data_guia_iss` = '6', `nota_do_milhao` = false, `nfse` = false, `nfts` = false, `guia_iss` = true, `encerra_dctfweb` = true",
2026-02-02T08:31:03:   sqlState: '23000',
2026-02-02T08:31:03:   sqlMessage: "Duplicate entry '0332-1' for key 'empresas.unique_cod_completo'"
2026-02-02T08:31:03: }
2026-02-02T08:32:31: Error: Duplicate entry '0362-1' for key 'empresas.unique_cod_completo'
2026-02-02T08:32:31:     at PromisePool.query (C:\Users\00106\Desktop\IMPLEMENTAÇÃO\backend\node_modules\mysql2\lib\promise\pool.js:36:22)
2026-02-02T08:32:31:     at exports.criar (C:\Users\00106\Desktop\IMPLEMENTAÇÃO\backend\src\controllers\empresas.controller.js:41:14)
2026-02-02T08:32:31:     at Layer.handleRequest (C:\Users\00106\Desktop\IMPLEMENTAÇÃO\backend\node_modules\router\lib\layer.js:152:17)
2026-02-02T08:32:31:     at next (C:\Users\00106\Desktop\IMPLEMENTAÇÃO\backend\node_modules\router\lib\route.js:157:13)
2026-02-02T08:32:31:     at auth (C:\Users\00106\Desktop\IMPLEMENTAÇÃO\backend\src\middleware\auth.js:32:5)
2026-02-02T08:32:31:     at process.processTicksAndRejections (node:internal/process/task_queues:103:5) {
2026-02-02T08:32:31:   code: 'ER_DUP_ENTRY',
2026-02-02T08:32:31:   errno: 1062,
2026-02-02T08:32:31:   sql: "INSERT INTO empresas SET `razao_social` = 'CONDOMINIO INDUSTRIAL EAST PARK I', `cod_completo` = '0362-1', `cod` = '0362', `filial` = '01', `municipio` = 'SÃO PAULO', `cnpj` = '02159832000180', `ccm` = '38618788', `regime_tributario` = 'IMUNE/INSENTO', `dia_previa_1` = '1', `dia_previa_2` = '11', `data_guia_iss` = '6', `nota_do_milhao` = true, `nfse` = true, `nfts` = true, `guia_iss` = true, `encerra_dctfweb` = true",
2026-02-02T08:32:31:   sqlState: '23000',
2026-02-02T08:32:31:   sqlMessage: "Duplicate entry '0362-1' for key 'empresas.unique_cod_completo'"
2026-02-02T08:32:31: }
2026-02-02T08:33:45: Error: Duplicate entry '0441-2' for key 'empresas.unique_cod_completo'
2026-02-02T08:33:45:     at PromisePool.query (C:\Users\00106\Desktop\IMPLEMENTAÇÃO\backend\node_modules\mysql2\lib\promise\pool.js:36:22)
2026-02-02T08:33:45:     at exports.criar (C:\Users\00106\Desktop\IMPLEMENTAÇÃO\backend\src\controllers\empresas.controller.js:41:14)
2026-02-02T08:33:45:     at Layer.handleRequest (C:\Users\00106\Desktop\IMPLEMENTAÇÃO\backend\node_modules\router\lib\layer.js:152:17)
2026-02-02T08:33:45:     at next (C:\Users\00106\Desktop\IMPLEMENTAÇÃO\backend\node_modules\router\lib\route.js:157:13)
2026-02-02T08:33:45:     at auth (C:\Users\00106\Desktop\IMPLEMENTAÇÃO\backend\src\middleware\auth.js:32:5)
2026-02-02T08:33:45:     at process.processTicksAndRejections (node:internal/process/task_queues:103:5) {
2026-02-02T08:33:45:   code: 'ER_DUP_ENTRY',
2026-02-02T08:33:45:   errno: 1062,
2026-02-02T08:33:45:   sql: "INSERT INTO empresas SET `razao_social` = 'PRINCETON LEMITAR INDUSTRIA E COMERCIO LTDA', `cod_completo` = '0441-2', `cod` = '0441', `filial` = '02', `municipio` = 'ILHOTA', `cnpj` = '47180831000237', `ccm` = '00000000', `regime_tributario` = 'LUCRO REAL', `dia_previa_1` = '1', `dia_previa_2` = '0', `data_guia_iss` = '6', `nota_do_milhao` = false, `nfse` = false, `nfts` = false, `guia_iss` = true, `encerra_dctfweb` = false",
2026-02-02T08:33:45:   sqlState: '23000',
2026-02-02T08:33:45:   sqlMessage: "Duplicate entry '0441-2' for key 'empresas.unique_cod_completo'"
2026-02-02T08:33:45: }
2026-02-02T08:35:08: Error: Duplicate entry '0470-1' for key 'empresas.unique_cod_completo'
2026-02-02T08:35:08:     at PromisePool.query (C:\Users\00106\Desktop\IMPLEMENTAÇÃO\backend\node_modules\mysql2\lib\promise\pool.js:36:22)
2026-02-02T08:35:08:     at exports.criar (C:\Users\00106\Desktop\IMPLEMENTAÇÃO\backend\src\controllers\empresas.controller.js:41:14)
2026-02-02T08:35:08:     at Layer.handleRequest (C:\Users\00106\Desktop\IMPLEMENTAÇÃO\backend\node_modules\router\lib\layer.js:152:17)
2026-02-02T08:35:08:     at next (C:\Users\00106\Desktop\IMPLEMENTAÇÃO\backend\node_modules\router\lib\route.js:157:13)
2026-02-02T08:35:08:     at auth (C:\Users\00106\Desktop\IMPLEMENTAÇÃO\backend\src\middleware\auth.js:32:5)
2026-02-02T08:35:08:     at process.processTicksAndRejections (node:internal/process/task_queues:103:5) {
2026-02-02T08:35:08:   code: 'ER_DUP_ENTRY',
2026-02-02T08:35:08:   errno: 1062,
2026-02-02T08:35:08:   sql: "INSERT INTO empresas SET `razao_social` = 'KOVEL ADMINISTRACAO E IMOVEIS LTDA', `cod_completo` = '0470-1', `cod` = '0470', `filial` = '01', `municipio` = 'SÃO PAULO', `cnpj` = '03090827000121', `ccm` = '27784053', `regime_tributario` = 'SIMPLES NACIONAL', `dia_previa_1` = '0', `dia_previa_2` = '11', `data_guia_iss` = '6', `nota_do_milhao` = true, `nfse` = true, `nfts` = true, `guia_iss` = true, `encerra_dctfweb` = true",
2026-02-02T08:35:08:   sqlState: '23000',
2026-02-02T08:35:08:   sqlMessage: "Duplicate entry '0470-1' for key 'empresas.unique_cod_completo'"
2026-02-02T08:35:08: }
2026-02-02T08:36:34: Error: Duplicate entry '0473-1' for key 'empresas.unique_cod_completo'
2026-02-02T08:36:34:     at PromisePool.query (C:\Users\00106\Desktop\IMPLEMENTAÇÃO\backend\node_modules\mysql2\lib\promise\pool.js:36:22)
2026-02-02T08:36:34:     at exports.criar (C:\Users\00106\Desktop\IMPLEMENTAÇÃO\backend\src\controllers\empresas.controller.js:41:14)
2026-02-02T08:36:34:     at Layer.handleRequest (C:\Users\00106\Desktop\IMPLEMENTAÇÃO\backend\node_modules\router\lib\layer.js:152:17)
2026-02-02T08:36:34:     at next (C:\Users\00106\Desktop\IMPLEMENTAÇÃO\backend\node_modules\router\lib\route.js:157:13)
2026-02-02T08:36:34:     at auth (C:\Users\00106\Desktop\IMPLEMENTAÇÃO\backend\src\middleware\auth.js:32:5)
2026-02-02T08:36:34:     at process.processTicksAndRejections (node:internal/process/task_queues:103:5) {
2026-02-02T08:36:34:   code: 'ER_DUP_ENTRY',
2026-02-02T08:36:34:   errno: 1062,
2026-02-02T08:36:34:   sql: "INSERT INTO empresas SET `razao_social` = 'ECP ENGENHARIA CONSULTORIA E PLANEJAMENTO AMBIENTAL LTDA', `cod_completo` = '0473-1', `cod` = '0473', `filial` = '01', `municipio` = 'SÃO PAULO', `cnpj` = '65517864000120', `ccm` = '98751573', `regime_tributario` = 'LUCRO PRESUMIDO', `dia_previa_1` = '0', `dia_previa_2` = '11', `data_guia_iss` = '6', `nota_do_milhao` = true, `nfse` = true, `nfts` = true, `guia_iss` = true, `encerra_dctfweb` = true",
2026-02-02T08:36:34:   sqlState: '23000',
2026-02-02T08:36:34:   sqlMessage: "Duplicate entry '0473-1' for key 'empresas.unique_cod_completo'"
2026-02-02T08:36:34: }
2026-02-02T08:37:58: Error: Duplicate entry '0588-1' for key 'empresas.unique_cod_completo'
2026-02-02T08:37:58:     at PromisePool.query (C:\Users\00106\Desktop\IMPLEMENTAÇÃO\backend\node_modules\mysql2\lib\promise\pool.js:36:22)
2026-02-02T08:37:58:     at exports.criar (C:\Users\00106\Desktop\IMPLEMENTAÇÃO\backend\src\controllers\empresas.controller.js:41:14)
2026-02-02T08:37:58:     at Layer.handleRequest (C:\Users\00106\Desktop\IMPLEMENTAÇÃO\backend\node_modules\router\lib\layer.js:152:17)
2026-02-02T08:37:58:     at next (C:\Users\00106\Desktop\IMPLEMENTAÇÃO\backend\node_modules\router\lib\route.js:157:13)
2026-02-02T08:37:58:     at auth (C:\Users\00106\Desktop\IMPLEMENTAÇÃO\backend\src\middleware\auth.js:32:5)
2026-02-02T08:37:58:     at process.processTicksAndRejections (node:internal/process/task_queues:103:5) {
2026-02-02T08:37:58:   code: 'ER_DUP_ENTRY',
2026-02-02T08:37:58:   errno: 1062,
2026-02-02T08:37:58:   sql: "INSERT INTO empresas SET `razao_social` = 'IASTECH AUTOMACAO DE SISTEMAS LTDA', `cod_completo` = '0588-1', `cod` = '0588', `filial` = '01', `municipio` = 'SÃO PAULO', `cnpj` = '04977185000140', `ccm` = '38102625', `regime_tributario` = 'LUCRO REAL', `dia_previa_1` = '1', `dia_previa_2` = '11', `data_guia_iss` = '6', `nota_do_milhao` = true, `nfse` = true, `nfts` = true, `guia_iss` = true, `encerra_dctfweb` = true",
2026-02-02T08:37:58:   sqlState: '23000',
2026-02-02T08:37:58:   sqlMessage: "Duplicate entry '0588-1' for key 'empresas.unique_cod_completo'"
2026-02-02T08:37:58: }
2026-02-02T08:39:24: Error: Duplicate entry '0800-1' for key 'empresas.unique_cod_completo'
2026-02-02T08:39:24:     at PromisePool.query (C:\Users\00106\Desktop\IMPLEMENTAÇÃO\backend\node_modules\mysql2\lib\promise\pool.js:36:22)
2026-02-02T08:39:24:     at exports.criar (C:\Users\00106\Desktop\IMPLEMENTAÇÃO\backend\src\controllers\empresas.controller.js:41:14)
2026-02-02T08:39:24:     at Layer.handleRequest (C:\Users\00106\Desktop\IMPLEMENTAÇÃO\backend\node_modules\router\lib\layer.js:152:17)
2026-02-02T08:39:24:     at next (C:\Users\00106\Desktop\IMPLEMENTAÇÃO\backend\node_modules\router\lib\route.js:157:13)
2026-02-02T08:39:24:     at auth (C:\Users\00106\Desktop\IMPLEMENTAÇÃO\backend\src\middleware\auth.js:32:5)
2026-02-02T08:39:24:     at process.processTicksAndRejections (node:internal/process/task_queues:103:5) {
2026-02-02T08:39:24:   code: 'ER_DUP_ENTRY',
2026-02-02T08:39:24:   errno: 1062,
2026-02-02T08:39:24:   sql: "INSERT INTO empresas SET `razao_social` = 'CONDOMINIO EDIFICIO LIBRA', `cod_completo` = '0800-1', `cod` = '0800', `filial` = '01', `municipio` = 'SÃO PAULO', `cnpj` = '66518515000196', `ccm` = '38767570', `regime_tributario` = 'SIMPLES NACIONAL', `dia_previa_1` = '0', `dia_previa_2` = '11', `data_guia_iss` = '6', `nota_do_milhao` = true, `nfse` = true, `nfts` = true, `guia_iss` = true, `encerra_dctfweb` = true",
2026-02-02T08:39:24:   sqlState: '23000',
2026-02-02T08:39:24:   sqlMessage: "Duplicate entry '0800-1' for key 'empresas.unique_cod_completo'"
2026-02-02T08:39:24: }
2026-02-02T08:40:41: Error: Duplicate entry '1017-1' for key 'empresas.unique_cod_completo'
2026-02-02T08:40:41:     at PromisePool.query (C:\Users\00106\Desktop\IMPLEMENTAÇÃO\backend\node_modules\mysql2\lib\promise\pool.js:36:22)
2026-02-02T08:40:41:     at exports.criar (C:\Users\00106\Desktop\IMPLEMENTAÇÃO\backend\src\controllers\empresas.controller.js:41:14)
2026-02-02T08:40:41:     at Layer.handleRequest (C:\Users\00106\Desktop\IMPLEMENTAÇÃO\backend\node_modules\router\lib\layer.js:152:17)
2026-02-02T08:40:41:     at next (C:\Users\00106\Desktop\IMPLEMENTAÇÃO\backend\node_modules\router\lib\route.js:157:13)
2026-02-02T08:40:41:     at auth (C:\Users\00106\Desktop\IMPLEMENTAÇÃO\backend\src\middleware\auth.js:32:5)
2026-02-02T08:40:41:     at process.processTicksAndRejections (node:internal/process/task_queues:103:5) {
2026-02-02T08:40:41:   code: 'ER_DUP_ENTRY',
2026-02-02T08:40:41:   errno: 1062,
2026-02-02T08:40:41:   sql: "INSERT INTO empresas SET `razao_social` = 'ANOVO TEK SA', `cod_completo` = '1017-1', `cod` = '1017', `filial` = '01', `municipio` = 'BARUERI', `cnpj` = '06240373000116', `ccm` = '00000000', `regime_tributario` = 'LUCRO REAL', `dia_previa_1` = '1', `dia_previa_2` = '0', `data_guia_iss` = '6', `nota_do_milhao` = false, `nfse` = false, `nfts` = false, `guia_iss` = true, `encerra_dctfweb` = true",
2026-02-02T08:40:41:   sqlState: '23000',
2026-02-02T08:40:41:   sqlMessage: "Duplicate entry '1017-1' for key 'empresas.unique_cod_completo'"
2026-02-02T08:40:41: }
2026-02-02T08:42:07: Error: Duplicate entry '1129-1' for key 'empresas.unique_cod_completo'
2026-02-02T08:42:07:     at PromisePool.query (C:\Users\00106\Desktop\IMPLEMENTAÇÃO\backend\node_modules\mysql2\lib\promise\pool.js:36:22)
2026-02-02T08:42:07:     at exports.criar (C:\Users\00106\Desktop\IMPLEMENTAÇÃO\backend\src\controllers\empresas.controller.js:41:14)
2026-02-02T08:42:07:     at Layer.handleRequest (C:\Users\00106\Desktop\IMPLEMENTAÇÃO\backend\node_modules\router\lib\layer.js:152:17)
2026-02-02T08:42:07:     at next (C:\Users\00106\Desktop\IMPLEMENTAÇÃO\backend\node_modules\router\lib\route.js:157:13)
2026-02-02T08:42:07:     at auth (C:\Users\00106\Desktop\IMPLEMENTAÇÃO\backend\src\middleware\auth.js:32:5)
2026-02-02T08:42:07:     at process.processTicksAndRejections (node:internal/process/task_queues:103:5) {
2026-02-02T08:42:07:   code: 'ER_DUP_ENTRY',
2026-02-02T08:42:07:   errno: 1062,
2026-02-02T08:42:07:   sql: "INSERT INTO empresas SET `razao_social` = 'CONDOMINIO INDUSTRIAL EAST PARK II', `cod_completo` = '1129-1', `cod` = '1129', `filial` = '01', `municipio` = 'SÃO PAULO', `cnpj` = '11431165000134', `ccm` = '48523100', `regime_tributario` = 'IMUNE/INSENTO', `dia_previa_1` = '0', `dia_previa_2` = '11', `data_guia_iss` = '6', `nota_do_milhao` = true, `nfse` = true, `nfts` = true, `guia_iss` = true, `encerra_dctfweb` = true",
2026-02-02T08:42:07:   sqlState: '23000',
2026-02-02T08:42:07:   sqlMessage: "Duplicate entry '1129-1' for key 'empresas.unique_cod_completo'"
2026-02-02T08:42:07: }
2026-02-02T08:43:26: Error: Duplicate entry '1151-4' for key 'empresas.unique_cod_completo'
2026-02-02T08:43:26:     at PromisePool.query (C:\Users\00106\Desktop\IMPLEMENTAÇÃO\backend\node_modules\mysql2\lib\promise\pool.js:36:22)
2026-02-02T08:43:26:     at exports.criar (C:\Users\00106\Desktop\IMPLEMENTAÇÃO\backend\src\controllers\empresas.controller.js:41:14)
2026-02-02T08:43:26:     at Layer.handleRequest (C:\Users\00106\Desktop\IMPLEMENTAÇÃO\backend\node_modules\router\lib\layer.js:152:17)
2026-02-02T08:43:26:     at next (C:\Users\00106\Desktop\IMPLEMENTAÇÃO\backend\node_modules\router\lib\route.js:157:13)
2026-02-02T08:43:26:     at auth (C:\Users\00106\Desktop\IMPLEMENTAÇÃO\backend\src\middleware\auth.js:32:5)
2026-02-02T08:43:26:     at process.processTicksAndRejections (node:internal/process/task_queues:103:5) {
2026-02-02T08:43:26:   code: 'ER_DUP_ENTRY',
2026-02-02T08:43:26:   errno: 1062,
2026-02-02T08:43:26:   sql: "INSERT INTO empresas SET `razao_social` = 'ILLYCAFFE SUD AMERICA COMERCIO IMPORTACÃOE EXPORTACAO LTDA', `cod_completo` = '1151-4', `cod` = '1151', `filial` = '04', `municipio` = 'ILHOTA', `cnpj` = '11767844000421', `ccm` = '00000000', `regime_tributario` = 'LUCRO REAL', `dia_previa_1` = '0', `dia_previa_2` = '0', `data_guia_iss` = '6', `nota_do_milhao` = false, `nfse` = false, `nfts` = false, `guia_iss` = true, `encerra_dctfweb` = false",
2026-02-02T08:43:26:   sqlState: '23000',
2026-02-02T08:43:26:   sqlMessage: "Duplicate entry '1151-4' for key 'empresas.unique_cod_completo'"
2026-02-02T08:43:26: }
2026-02-02T08:44:49: Error: Duplicate entry '1151-5' for key 'empresas.unique_cod_completo'
2026-02-02T08:44:49:     at PromisePool.query (C:\Users\00106\Desktop\IMPLEMENTAÇÃO\backend\node_modules\mysql2\lib\promise\pool.js:36:22)
2026-02-02T08:44:49:     at exports.criar (C:\Users\00106\Desktop\IMPLEMENTAÇÃO\backend\src\controllers\empresas.controller.js:41:14)
2026-02-02T08:44:49:     at Layer.handleRequest (C:\Users\00106\Desktop\IMPLEMENTAÇÃO\backend\node_modules\router\lib\layer.js:152:17)
2026-02-02T08:44:49:     at next (C:\Users\00106\Desktop\IMPLEMENTAÇÃO\backend\node_modules\router\lib\route.js:157:13)
2026-02-02T08:44:49:     at auth (C:\Users\00106\Desktop\IMPLEMENTAÇÃO\backend\src\middleware\auth.js:32:5)
2026-02-02T08:44:49:     at process.processTicksAndRejections (node:internal/process/task_queues:103:5) {
2026-02-02T08:44:49:   code: 'ER_DUP_ENTRY',
2026-02-02T08:44:49:   errno: 1062,
2026-02-02T08:44:49:   sql: "INSERT INTO empresas SET `razao_social` = 'ILLYCAFFE SUD AMERICA COMERCIO IMPORTACÃO E EXPORTACAO LTDA', `cod_completo` = '1151-5', `cod` = '1151', `filial` = '05', `municipio` = 'SÃO PAULO', `cnpj` = '11767844000502', `ccm` = '14988372', `regime_tributario` = 'LUCRO REAL', `dia_previa_1` = '0', `dia_previa_2` = '11', `data_guia_iss` = '6', `nota_do_milhao` = true, `nfse` = true, `nfts` = true, `guia_iss` = true, `encerra_dctfweb` = false",
2026-02-02T08:44:49:   sqlState: '23000',
2026-02-02T08:44:49:   sqlMessage: "Duplicate entry '1151-5' for key 'empresas.unique_cod_completo'"
2026-02-02T08:44:49: }
2026-02-02T08:46:15: Error: Duplicate entry '1182-1' for key 'empresas.unique_cod_completo'
2026-02-02T08:46:15:     at PromisePool.query (C:\Users\00106\Desktop\IMPLEMENTAÇÃO\backend\node_modules\mysql2\lib\promise\pool.js:36:22)
2026-02-02T08:46:15:     at exports.criar (C:\Users\00106\Desktop\IMPLEMENTAÇÃO\backend\src\controllers\empresas.controller.js:41:14)
2026-02-02T08:46:15:     at Layer.handleRequest (C:\Users\00106\Desktop\IMPLEMENTAÇÃO\backend\node_modules\router\lib\layer.js:152:17)
2026-02-02T08:46:15:     at next (C:\Users\00106\Desktop\IMPLEMENTAÇÃO\backend\node_modules\router\lib\route.js:157:13)
2026-02-02T08:46:15:     at auth (C:\Users\00106\Desktop\IMPLEMENTAÇÃO\backend\src\middleware\auth.js:32:5)
2026-02-02T08:46:15:     at process.processTicksAndRejections (node:internal/process/task_queues:103:5) {
2026-02-02T08:46:15:   code: 'ER_DUP_ENTRY',
2026-02-02T08:46:15:   errno: 1062,
2026-02-02T08:46:15:   sql: "INSERT INTO empresas SET `razao_social` = 'SPTEX COMERCIO DE TECIDOS LTDA', `cod_completo` = '1182-1', `cod` = '1182', `filial` = '01', `municipio` = 'SÃO PAULO', `cnpj` = '06900696000199', `ccm` = '69025649', `regime_tributario` = 'LUCRO REAL', `dia_previa_1` = '1', `dia_previa_2` = '11', `data_guia_iss` = '6', `nota_do_milhao` = true, `nfse` = true, `nfts` = true, `guia_iss` = true, `encerra_dctfweb` = true",
2026-02-02T08:46:15:   sqlState: '23000',
2026-02-02T08:46:15:   sqlMessage: "Duplicate entry '1182-1' for key 'empresas.unique_cod_completo'"
2026-02-02T08:46:15: }
2026-02-02T08:47:43: Error: Duplicate entry '1184-1' for key 'empresas.unique_cod_completo'
2026-02-02T08:47:43:     at PromisePool.query (C:\Users\00106\Desktop\IMPLEMENTAÇÃO\backend\node_modules\mysql2\lib\promise\pool.js:36:22)
2026-02-02T08:47:43:     at exports.criar (C:\Users\00106\Desktop\IMPLEMENTAÇÃO\backend\src\controllers\empresas.controller.js:41:14)
2026-02-02T08:47:43:     at Layer.handleRequest (C:\Users\00106\Desktop\IMPLEMENTAÇÃO\backend\node_modules\router\lib\layer.js:152:17)
2026-02-02T08:47:43:     at next (C:\Users\00106\Desktop\IMPLEMENTAÇÃO\backend\node_modules\router\lib\route.js:157:13)
2026-02-02T08:47:43:     at auth (C:\Users\00106\Desktop\IMPLEMENTAÇÃO\backend\src\middleware\auth.js:32:5)
2026-02-02T08:47:43:     at process.processTicksAndRejections (node:internal/process/task_queues:103:5) {
2026-02-02T08:47:43:   code: 'ER_DUP_ENTRY',
2026-02-02T08:47:43:   errno: 1062,
2026-02-02T08:47:43:   sql: "INSERT INTO empresas SET `razao_social` = 'NECESSAIRE SERVICOS DE AR CONDICIONADO LTDA', `cod_completo` = '1184-1', `cod` = '1184', `filial` = '01', `municipio` = 'COTIA', `cnpj` = '13166328000124', `ccm` = '00000000', `regime_tributario` = 'SIMPLES NACIONAL', `dia_previa_1` = '0', `dia_previa_2` = '0', `data_guia_iss` = '6', `nota_do_milhao` = false, `nfse` = false, `nfts` = false, `guia_iss` = true, `encerra_dctfweb` = true",
2026-02-02T08:47:43:   sqlState: '23000',
2026-02-02T08:47:43:   sqlMessage: "Duplicate entry '1184-1' for key 'empresas.unique_cod_completo'"
2026-02-02T08:47:43: }
2026-02-02T08:49:01: Error: Duplicate entry '1228-1' for key 'empresas.unique_cod_completo'
2026-02-02T08:49:01:     at PromisePool.query (C:\Users\00106\Desktop\IMPLEMENTAÇÃO\backend\node_modules\mysql2\lib\promise\pool.js:36:22)
2026-02-02T08:49:01:     at exports.criar (C:\Users\00106\Desktop\IMPLEMENTAÇÃO\backend\src\controllers\empresas.controller.js:41:14)
2026-02-02T08:49:01:     at Layer.handleRequest (C:\Users\00106\Desktop\IMPLEMENTAÇÃO\backend\node_modules\router\lib\layer.js:152:17)
2026-02-02T08:49:01:     at next (C:\Users\00106\Desktop\IMPLEMENTAÇÃO\backend\node_modules\router\lib\route.js:157:13)
2026-02-02T08:49:01:     at auth (C:\Users\00106\Desktop\IMPLEMENTAÇÃO\backend\src\middleware\auth.js:32:5)
2026-02-02T08:49:01:     at process.processTicksAndRejections (node:internal/process/task_queues:103:5) {
2026-02-02T08:49:01:   code: 'ER_DUP_ENTRY',
2026-02-02T08:49:01:   errno: 1062,
2026-02-02T08:49:01:   sql: "INSERT INTO empresas SET `razao_social` = 'BOMAX NO BRASIL EQUIPAMENTOS INDUSTRIAIS SA', `cod_completo` = '1228-1', `cod` = '1228', `filial` = '01', `municipio` = 'TABOÃO DA SERRA', `cnpj` = '52559499000175', `ccm` = '00000000', `regime_tributario` = 'LUCRO PRESUMIDO', `dia_previa_1` = '0', `dia_previa_2` = '0', `data_guia_iss` = '6', `nota_do_milhao` = false, `nfse` = false, `nfts` = false, `guia_iss` = true, `encerra_dctfweb` = true",
2026-02-02T08:49:01:   sqlState: '23000',
2026-02-02T08:49:01:   sqlMessage: "Duplicate entry '1228-1' for key 'empresas.unique_cod_completo'"
2026-02-02T08:49:01: }
2026-02-02T08:50:16: Error: Duplicate entry '1258-1' for key 'empresas.unique_cod_completo'
2026-02-02T08:50:16:     at PromisePool.query (C:\Users\00106\Desktop\IMPLEMENTAÇÃO\backend\node_modules\mysql2\lib\promise\pool.js:36:22)
2026-02-02T08:50:16:     at exports.criar (C:\Users\00106\Desktop\IMPLEMENTAÇÃO\backend\src\controllers\empresas.controller.js:41:14)
2026-02-02T08:50:16:     at Layer.handleRequest (C:\Users\00106\Desktop\IMPLEMENTAÇÃO\backend\node_modules\router\lib\layer.js:152:17)
2026-02-02T08:50:16:     at next (C:\Users\00106\Desktop\IMPLEMENTAÇÃO\backend\node_modules\router\lib\route.js:157:13)
2026-02-02T08:50:16:     at auth (C:\Users\00106\Desktop\IMPLEMENTAÇÃO\backend\src\middleware\auth.js:32:5)
2026-02-02T08:50:16:     at process.processTicksAndRejections (node:internal/process/task_queues:103:5) {
2026-02-02T08:50:16:   code: 'ER_DUP_ENTRY',
2026-02-02T08:50:16:   errno: 1062,
2026-02-02T08:50:16:   sql: "INSERT INTO empresas SET `razao_social` = 'CLAC IMPORTACAO E EXPORTACAO LTDA', `cod_completo` = '1258-1', `cod` = '1258', `filial` = '01', `municipio` = 'SERRA', `cnpj` = '31274384000164', `ccm` = '00000000', `regime_tributario` = 'LUCRO PRESUMIDO', `dia_previa_1` = '1', `dia_previa_2` = '0', `data_guia_iss` = '6', `nota_do_milhao` = false, `nfse` = false, `nfts` = false, `guia_iss` = true, `encerra_dctfweb` = false",
2026-02-02T08:50:16:   sqlState: '23000',
2026-02-02T08:50:16:   sqlMessage: "Duplicate entry '1258-1' for key 'empresas.unique_cod_completo'"
2026-02-02T08:50:16: }
2026-02-02T08:51:42: Error: Duplicate entry '1258-2' for key 'empresas.unique_cod_completo'
2026-02-02T08:51:42:     at PromisePool.query (C:\Users\00106\Desktop\IMPLEMENTAÇÃO\backend\node_modules\mysql2\lib\promise\pool.js:36:22)
2026-02-02T08:51:42:     at exports.criar (C:\Users\00106\Desktop\IMPLEMENTAÇÃO\backend\src\controllers\empresas.controller.js:41:14)
2026-02-02T08:51:42:     at Layer.handleRequest (C:\Users\00106\Desktop\IMPLEMENTAÇÃO\backend\node_modules\router\lib\layer.js:152:17)
2026-02-02T08:51:42:     at next (C:\Users\00106\Desktop\IMPLEMENTAÇÃO\backend\node_modules\router\lib\route.js:157:13)
2026-02-02T08:51:42:     at auth (C:\Users\00106\Desktop\IMPLEMENTAÇÃO\backend\src\middleware\auth.js:32:5)
2026-02-02T08:51:42:     at process.processTicksAndRejections (node:internal/process/task_queues:103:5) {
2026-02-02T08:51:42:   code: 'ER_DUP_ENTRY',
2026-02-02T08:51:42:   errno: 1062,
2026-02-02T08:51:42:   sql: "INSERT INTO empresas SET `razao_social` = 'CLAC IMPORTACAO E EXPORTACAO LTDA', `cod_completo` = '1258-2', `cod` = '1258', `filial` = '02', `municipio` = 'SÃO PAULO', `cnpj` = '31274384000245', `ccm` = '98283030', `regime_tributario` = 'LUCRO PRESUMIDO', `dia_previa_1` = '1', `dia_previa_2` = '11', `data_guia_iss` = '6', `nota_do_milhao` = true, `nfse` = true, `nfts` = true, `guia_iss` = true, `encerra_dctfweb` = false",
2026-02-02T08:51:42:   sqlState: '23000',
2026-02-02T08:51:42:   sqlMessage: "Duplicate entry '1258-2' for key 'empresas.unique_cod_completo'"
2026-02-02T08:51:42: }
2026-02-02T08:52:58: Error: Duplicate entry '1258-8' for key 'empresas.unique_cod_completo'
2026-02-02T08:52:58:     at PromisePool.query (C:\Users\00106\Desktop\IMPLEMENTAÇÃO\backend\node_modules\mysql2\lib\promise\pool.js:36:22)
2026-02-02T08:52:58:     at exports.criar (C:\Users\00106\Desktop\IMPLEMENTAÇÃO\backend\src\controllers\empresas.controller.js:41:14)
2026-02-02T08:52:58:     at Layer.handleRequest (C:\Users\00106\Desktop\IMPLEMENTAÇÃO\backend\node_modules\router\lib\layer.js:152:17)
2026-02-02T08:52:58:     at next (C:\Users\00106\Desktop\IMPLEMENTAÇÃO\backend\node_modules\router\lib\route.js:157:13)
2026-02-02T08:52:58:     at auth (C:\Users\00106\Desktop\IMPLEMENTAÇÃO\backend\src\middleware\auth.js:32:5)
2026-02-02T08:52:58:     at process.processTicksAndRejections (node:internal/process/task_queues:103:5) {
2026-02-02T08:52:58:   code: 'ER_DUP_ENTRY',
2026-02-02T08:52:58:   errno: 1062,
2026-02-02T08:52:58:   sql: "INSERT INTO empresas SET `razao_social` = 'CLAC IMPORTACAO E EXPORTACAO LTDA', `cod_completo` = '1258-8', `cod` = '1258', `filial` = '08', `municipio` = 'ILHOTA', `cnpj` = '31274384000830', `ccm` = '00000000', `regime_tributario` = 'LUCRO PRESUMIDO', `dia_previa_1` = '0', `dia_previa_2` = '0', `data_guia_iss` = '6', `nota_do_milhao` = false, `nfse` = false, `nfts` = false, `guia_iss` = true, `encerra_dctfweb` = false",
2026-02-02T08:52:58:   sqlState: '23000',
2026-02-02T08:52:58:   sqlMessage: "Duplicate entry '1258-8' for key 'empresas.unique_cod_completo'"
2026-02-02T08:52:58: }
2026-02-02T08:54:21: Error: Duplicate entry '1277-1' for key 'empresas.unique_cod_completo'
2026-02-02T08:54:21:     at PromisePool.query (C:\Users\00106\Desktop\IMPLEMENTAÇÃO\backend\node_modules\mysql2\lib\promise\pool.js:36:22)
2026-02-02T08:54:21:     at exports.criar (C:\Users\00106\Desktop\IMPLEMENTAÇÃO\backend\src\controllers\empresas.controller.js:41:14)
2026-02-02T08:54:21:     at Layer.handleRequest (C:\Users\00106\Desktop\IMPLEMENTAÇÃO\backend\node_modules\router\lib\layer.js:152:17)
2026-02-02T08:54:21:     at next (C:\Users\00106\Desktop\IMPLEMENTAÇÃO\backend\node_modules\router\lib\route.js:157:13)
2026-02-02T08:54:21:     at auth (C:\Users\00106\Desktop\IMPLEMENTAÇÃO\backend\src\middleware\auth.js:32:5)
2026-02-02T08:54:21:     at process.processTicksAndRejections (node:internal/process/task_queues:103:5) {
2026-02-02T08:54:21:   code: 'ER_DUP_ENTRY',
2026-02-02T08:54:21:   errno: 1062,
2026-02-02T08:54:21:   sql: "INSERT INTO empresas SET `razao_social` = 'ANOVO DO BRASIL SERVICOS DE REPARO LTDA', `cod_completo` = '1277-1', `cod` = '1277', `filial` = '01', `municipio` = 'BARUERI', `cnpj` = '18940386000187', `ccm` = '00000000', `regime_tributario` = 'LUCRO REAL', `dia_previa_1` = '0', `dia_previa_2` = '0', `data_guia_iss` = '6', `nota_do_milhao` = false, `nfse` = false, `nfts` = false, `guia_iss` = true, `encerra_dctfweb` = true",
2026-02-02T08:54:21:   sqlState: '23000',
2026-02-02T08:54:21:   sqlMessage: "Duplicate entry '1277-1' for key 'empresas.unique_cod_completo'"
2026-02-02T08:54:21: }
2026-02-02T08:57:01: Error: Duplicate entry '1300-1' for key 'empresas.unique_cod_completo'
2026-02-02T08:57:01:     at PromisePool.query (C:\Users\00106\Desktop\IMPLEMENTAÇÃO\backend\node_modules\mysql2\lib\promise\pool.js:36:22)
2026-02-02T08:57:01:     at exports.criar (C:\Users\00106\Desktop\IMPLEMENTAÇÃO\backend\src\controllers\empresas.controller.js:41:14)
2026-02-02T08:57:01:     at Layer.handleRequest (C:\Users\00106\Desktop\IMPLEMENTAÇÃO\backend\node_modules\router\lib\layer.js:152:17)
2026-02-02T08:57:01:     at next (C:\Users\00106\Desktop\IMPLEMENTAÇÃO\backend\node_modules\router\lib\route.js:157:13)
2026-02-02T08:57:01:     at auth (C:\Users\00106\Desktop\IMPLEMENTAÇÃO\backend\src\middleware\auth.js:32:5)
2026-02-02T08:57:01:     at process.processTicksAndRejections (node:internal/process/task_queues:103:5) {
2026-02-02T08:57:01:   code: 'ER_DUP_ENTRY',
2026-02-02T08:57:01:   errno: 1062,
2026-02-02T08:57:01:   sql: "INSERT INTO empresas SET `razao_social` = '2F ADMINISTRACAO DE BENS E PARTICIPACOES LTDA', `cod_completo` = '1300-1', `cod` = '1300', `filial` = '01', `municipio` = 'SÃO PAULO', `cnpj` = '20890640000121', `ccm` = '51220490', `regime_tributario` = 'LUCRO PRESUMIDO', `dia_previa_1` = '1', `dia_previa_2` = '11', `data_guia_iss` = '6', `nota_do_milhao` = true, `nfse` = true, `nfts` = true, `guia_iss` = true, `encerra_dctfweb` = true",
2026-02-02T08:57:01:   sqlState: '23000',
2026-02-02T08:57:01:   sqlMessage: "Duplicate entry '1300-1' for key 'empresas.unique_cod_completo'"
2026-02-02T08:57:01: }
2026-02-02T08:58:30: Error: Duplicate entry '1301-1' for key 'empresas.unique_cod_completo'
2026-02-02T08:58:30:     at PromisePool.query (C:\Users\00106\Desktop\IMPLEMENTAÇÃO\backend\node_modules\mysql2\lib\promise\pool.js:36:22)
2026-02-02T08:58:30:     at exports.criar (C:\Users\00106\Desktop\IMPLEMENTAÇÃO\backend\src\controllers\empresas.controller.js:41:14)
2026-02-02T08:58:30:     at Layer.handleRequest (C:\Users\00106\Desktop\IMPLEMENTAÇÃO\backend\node_modules\router\lib\layer.js:152:17)
2026-02-02T08:58:30:     at next (C:\Users\00106\Desktop\IMPLEMENTAÇÃO\backend\node_modules\router\lib\route.js:157:13)
2026-02-02T08:58:30:     at auth (C:\Users\00106\Desktop\IMPLEMENTAÇÃO\backend\src\middleware\auth.js:32:5)
2026-02-02T08:58:30:     at process.processTicksAndRejections (node:internal/process/task_queues:103:5) {
2026-02-02T08:58:30:   code: 'ER_DUP_ENTRY',
2026-02-02T08:58:30:   errno: 1062,
2026-02-02T08:58:30:   sql: "INSERT INTO empresas SET `razao_social` = 'SGLV CAFE LTDA', `cod_completo` = '1301-1', `cod` = '1301', `filial` = '01', `municipio` = 'SÃO PAULO', `cnpj` = '09331975000177', `ccm` = '37236148', `regime_tributario` = 'SIMPLES NACIONAL', `dia_previa_1` = '1', `dia_previa_2` = '11', `data_guia_iss` = '6', `nota_do_milhao` = true, `nfse` = true, `nfts` = true, `guia_iss` = true, `encerra_dctfweb` = true",
2026-02-02T08:58:30:   sqlState: '23000',
2026-02-02T08:58:30:   sqlMessage: "Duplicate entry '1301-1' for key 'empresas.unique_cod_completo'"
2026-02-02T08:58:30: }
2026-02-02T08:59:46: Error: Duplicate entry '1316-2' for key 'empresas.unique_cod_completo'
2026-02-02T08:59:46:     at PromisePool.query (C:\Users\00106\Desktop\IMPLEMENTAÇÃO\backend\node_modules\mysql2\lib\promise\pool.js:36:22)
2026-02-02T08:59:46:     at exports.criar (C:\Users\00106\Desktop\IMPLEMENTAÇÃO\backend\src\controllers\empresas.controller.js:41:14)
2026-02-02T08:59:46:     at Layer.handleRequest (C:\Users\00106\Desktop\IMPLEMENTAÇÃO\backend\node_modules\router\lib\layer.js:152:17)
2026-02-02T08:59:46:     at next (C:\Users\00106\Desktop\IMPLEMENTAÇÃO\backend\node_modules\router\lib\route.js:157:13)
2026-02-02T08:59:46:     at auth (C:\Users\00106\Desktop\IMPLEMENTAÇÃO\backend\src\middleware\auth.js:32:5)
2026-02-02T08:59:46:     at process.processTicksAndRejections (node:internal/process/task_queues:103:5) {
2026-02-02T08:59:46:   code: 'ER_DUP_ENTRY',
2026-02-02T08:59:46:   errno: 1062,
2026-02-02T08:59:46:   sql: "INSERT INTO empresas SET `razao_social` = 'ZANGARI GESTAO DE SERVICOS ADMINISTRATIVOS LTDA', `cod_completo` = '1316-2', `cod` = '1316', `filial` = '02', `municipio` = 'JOINVILLE', `cnpj` = '23087726000290', `ccm` = '00000000', `regime_tributario` = 'SIMPLES NACIONAL', `dia_previa_1` = '1', `dia_previa_2` = '0', `data_guia_iss` = '6', `nota_do_milhao` = false, `nfse` = false, `nfts` = false, `guia_iss` = true, `encerra_dctfweb` = false",
2026-02-02T08:59:46:   sqlState: '23000',
2026-02-02T08:59:46:   sqlMessage: "Duplicate entry '1316-2' for key 'empresas.unique_cod_completo'"
2026-02-02T08:59:46: }
2026-02-02T09:01:08: Error: Duplicate entry '1351-30' for key 'empresas.unique_cod_completo'
2026-02-02T09:01:08:     at PromisePool.query (C:\Users\00106\Desktop\IMPLEMENTAÇÃO\backend\node_modules\mysql2\lib\promise\pool.js:36:22)
2026-02-02T09:01:08:     at exports.criar (C:\Users\00106\Desktop\IMPLEMENTAÇÃO\backend\src\controllers\empresas.controller.js:41:14)
2026-02-02T09:01:08:     at Layer.handleRequest (C:\Users\00106\Desktop\IMPLEMENTAÇÃO\backend\node_modules\router\lib\layer.js:152:17)
2026-02-02T09:01:08:     at next (C:\Users\00106\Desktop\IMPLEMENTAÇÃO\backend\node_modules\router\lib\route.js:157:13)
2026-02-02T09:01:08:     at auth (C:\Users\00106\Desktop\IMPLEMENTAÇÃO\backend\src\middleware\auth.js:32:5)
2026-02-02T09:01:08:     at process.processTicksAndRejections (node:internal/process/task_queues:103:5) {
2026-02-02T09:01:08:   code: 'ER_DUP_ENTRY',
2026-02-02T09:01:08:   errno: 1062,
2026-02-02T09:01:08:   sql: "INSERT INTO empresas SET `razao_social` = 'BROS PARK ESTACIONAMENTOS LTDA', `cod_completo` = '1351-30', `cod` = '1351', `filial` = '30', `municipio` = 'SANTO ANDRE', `cnpj` = '03781098003094', `ccm` = '00000000', `regime_tributario` = 'SIMPLES NACIONAL', `dia_previa_1` = '0', `dia_previa_2` = '0', `data_guia_iss` = '6', `nota_do_milhao` = false, `nfse` = false, `nfts` = false, `guia_iss` = true, `encerra_dctfweb` = false",
2026-02-02T09:01:08:   sqlState: '23000',
2026-02-02T09:01:08:   sqlMessage: "Duplicate entry '1351-30' for key 'empresas.unique_cod_completo'"
2026-02-02T09:01:08: }
2026-02-02T09:02:37: Error: Duplicate entry '1353-1' for key 'empresas.unique_cod_completo'
2026-02-02T09:02:37:     at PromisePool.query (C:\Users\00106\Desktop\IMPLEMENTAÇÃO\backend\node_modules\mysql2\lib\promise\pool.js:36:22)
2026-02-02T09:02:37:     at exports.criar (C:\Users\00106\Desktop\IMPLEMENTAÇÃO\backend\src\controllers\empresas.controller.js:41:14)
2026-02-02T09:02:37:     at Layer.handleRequest (C:\Users\00106\Desktop\IMPLEMENTAÇÃO\backend\node_modules\router\lib\layer.js:152:17)
2026-02-02T09:02:37:     at next (C:\Users\00106\Desktop\IMPLEMENTAÇÃO\backend\node_modules\router\lib\route.js:157:13)
2026-02-02T09:02:37:     at auth (C:\Users\00106\Desktop\IMPLEMENTAÇÃO\backend\src\middleware\auth.js:32:5)
2026-02-02T09:02:37:     at process.processTicksAndRejections (node:internal/process/task_queues:103:5) {
2026-02-02T09:02:37:   code: 'ER_DUP_ENTRY',
2026-02-02T09:02:37:   errno: 1062,
2026-02-02T09:02:37:   sql: "INSERT INTO empresas SET `razao_social` = 'LET S PARK ESTACIONAMENTOS LTDA', `cod_completo` = '1353-1', `cod` = '1353', `filial` = '01', `municipio` = 'SÃO PAULO', `cnpj` = '02813852000123', `ccm` = '27371662', `regime_tributario` = 'LUCRO PRESUMIDO', `dia_previa_1` = '0', `dia_previa_2` = '11', `data_guia_iss` = '6', `nota_do_milhao` = true, `nfse` = true, `nfts` = true, `guia_iss` = true, `encerra_dctfweb` = true",
2026-02-02T09:02:37:   sqlState: '23000',
2026-02-02T09:02:37:   sqlMessage: "Duplicate entry '1353-1' for key 'empresas.unique_cod_completo'"
2026-02-02T09:02:37: }
2026-02-02T09:04:06: Error: Duplicate entry '1364-1' for key 'empresas.unique_cod_completo'
2026-02-02T09:04:06:     at PromisePool.query (C:\Users\00106\Desktop\IMPLEMENTAÇÃO\backend\node_modules\mysql2\lib\promise\pool.js:36:22)
2026-02-02T09:04:06:     at exports.criar (C:\Users\00106\Desktop\IMPLEMENTAÇÃO\backend\src\controllers\empresas.controller.js:41:14)
2026-02-02T09:04:06:     at Layer.handleRequest (C:\Users\00106\Desktop\IMPLEMENTAÇÃO\backend\node_modules\router\lib\layer.js:152:17)
2026-02-02T09:04:06:     at next (C:\Users\00106\Desktop\IMPLEMENTAÇÃO\backend\node_modules\router\lib\route.js:157:13)
2026-02-02T09:04:06:     at auth (C:\Users\00106\Desktop\IMPLEMENTAÇÃO\backend\src\middleware\auth.js:32:5)
2026-02-02T09:04:06:     at process.processTicksAndRejections (node:internal/process/task_queues:103:5) {
2026-02-02T09:04:06:   code: 'ER_DUP_ENTRY',
2026-02-02T09:04:06:   errno: 1062,
2026-02-02T09:04:06:   sql: "INSERT INTO empresas SET `razao_social` = 'WESTLOCK EQUIPAMENTOS DE CONTROLE LTDA', `cod_completo` = '1364-1', `cod` = '1364', `filial` = '01', `municipio` = 'SÃO PAULO', `cnpj` = '72724776000165', `ccm` = '52869199', `regime_tributario` = 'LUCRO REAL', `dia_previa_1` = '1', `dia_previa_2` = '11', `data_guia_iss` = '6', `nota_do_milhao` = true, `nfse` = true, `nfts` = true, `guia_iss` = true, `encerra_dctfweb` = true",
2026-02-02T09:04:06:   sqlState: '23000',
2026-02-02T09:04:06:   sqlMessage: "Duplicate entry '1364-1' for key 'empresas.unique_cod_completo'"
2026-02-02T09:04:06: }
2026-02-02T09:05:31: Error: Duplicate entry '1365-1' for key 'empresas.unique_cod_completo'
2026-02-02T09:05:31:     at PromisePool.query (C:\Users\00106\Desktop\IMPLEMENTAÇÃO\backend\node_modules\mysql2\lib\promise\pool.js:36:22)
2026-02-02T09:05:31:     at exports.criar (C:\Users\00106\Desktop\IMPLEMENTAÇÃO\backend\src\controllers\empresas.controller.js:41:14)
2026-02-02T09:05:31:     at Layer.handleRequest (C:\Users\00106\Desktop\IMPLEMENTAÇÃO\backend\node_modules\router\lib\layer.js:152:17)
2026-02-02T09:05:31:     at next (C:\Users\00106\Desktop\IMPLEMENTAÇÃO\backend\node_modules\router\lib\route.js:157:13)
2026-02-02T09:05:31:     at auth (C:\Users\00106\Desktop\IMPLEMENTAÇÃO\backend\src\middleware\auth.js:32:5)
2026-02-02T09:05:31:     at process.processTicksAndRejections (node:internal/process/task_queues:103:5) {
2026-02-02T09:05:31:   code: 'ER_DUP_ENTRY',
2026-02-02T09:05:31:   errno: 1062,
2026-02-02T09:05:31:   sql: "INSERT INTO empresas SET `razao_social` = 'VULSUB BRASIL LTDA', `cod_completo` = '1365-1', `cod` = '1365', `filial` = '01', `municipio` = 'SÃO PAULO', `cnpj` = '47680251000128', `ccm` = '82344523', `regime_tributario` = 'LUCRO REAL', `dia_previa_1` = '0', `dia_previa_2` = '11', `data_guia_iss` = '6', `nota_do_milhao` = true, `nfse` = true, `nfts` = true, `guia_iss` = true, `encerra_dctfweb` = true",
2026-02-02T09:05:31:   sqlState: '23000',
2026-02-02T09:05:31:   sqlMessage: "Duplicate entry '1365-1' for key 'empresas.unique_cod_completo'"
2026-02-02T09:05:31: }
2026-02-02T09:06:51: Error: Duplicate entry '1366-1' for key 'empresas.unique_cod_completo'
2026-02-02T09:06:51:     at PromisePool.query (C:\Users\00106\Desktop\IMPLEMENTAÇÃO\backend\node_modules\mysql2\lib\promise\pool.js:36:22)
2026-02-02T09:06:51:     at exports.criar (C:\Users\00106\Desktop\IMPLEMENTAÇÃO\backend\src\controllers\empresas.controller.js:41:14)
2026-02-02T09:06:51:     at Layer.handleRequest (C:\Users\00106\Desktop\IMPLEMENTAÇÃO\backend\node_modules\router\lib\layer.js:152:17)
2026-02-02T09:06:51:     at next (C:\Users\00106\Desktop\IMPLEMENTAÇÃO\backend\node_modules\router\lib\route.js:157:13)
2026-02-02T09:06:51:     at auth (C:\Users\00106\Desktop\IMPLEMENTAÇÃO\backend\src\middleware\auth.js:32:5)
2026-02-02T09:06:51:     at process.processTicksAndRejections (node:internal/process/task_queues:103:5) {
2026-02-02T09:06:51:   code: 'ER_DUP_ENTRY',
2026-02-02T09:06:51:   errno: 1062,
2026-02-02T09:06:51:   sql: "INSERT INTO empresas SET `razao_social` = 'HITER INDUSTRIA E COMERCIO DE CONTROLES TERMO HIDRAULICOS LTDA', `cod_completo` = '1366-1', `cod` = '1366', `filial` = '01', `municipio` = 'SÃO PAULO', `cnpj` = '61507844000118', `ccm` = '00000000', `regime_tributario` = 'LUCRO REAL', `dia_previa_1` = '0', `dia_previa_2` = '0', `data_guia_iss` = '6', `nota_do_milhao` = false, `nfse` = false, `nfts` = false, `guia_iss` = true, `encerra_dctfweb` = true",
2026-02-02T09:06:51:   sqlState: '23000',
2026-02-02T09:06:51:   sqlMessage: "Duplicate entry '1366-1' for key 'empresas.unique_cod_completo'"
2026-02-02T09:06:51: }
2026-02-02T09:08:09: Error: Duplicate entry '1370-1' for key 'empresas.unique_cod_completo'
2026-02-02T09:08:09:     at PromisePool.query (C:\Users\00106\Desktop\IMPLEMENTAÇÃO\backend\node_modules\mysql2\lib\promise\pool.js:36:22)
2026-02-02T09:08:09:     at exports.criar (C:\Users\00106\Desktop\IMPLEMENTAÇÃO\backend\src\controllers\empresas.controller.js:41:14)
2026-02-02T09:08:09:     at Layer.handleRequest (C:\Users\00106\Desktop\IMPLEMENTAÇÃO\backend\node_modules\router\lib\layer.js:152:17)
2026-02-02T09:08:09:     at next (C:\Users\00106\Desktop\IMPLEMENTAÇÃO\backend\node_modules\router\lib\route.js:157:13)
2026-02-02T09:08:09:     at auth (C:\Users\00106\Desktop\IMPLEMENTAÇÃO\backend\src\middleware\auth.js:32:5)
2026-02-02T09:08:09:     at process.processTicksAndRejections (node:internal/process/task_queues:103:5) {
2026-02-02T09:08:09:   code: 'ER_DUP_ENTRY',
2026-02-02T09:08:09:   errno: 1062,
2026-02-02T09:08:09:   sql: "INSERT INTO empresas SET `razao_social` = 'AGRO COMERCIAL WISER LTDA', `cod_completo` = '1370-1', `cod` = '1370', `filial` = '01', `municipio` = 'DIADEMA', `cnpj` = '03713405000165', `ccm` = '00000000', `regime_tributario` = 'LUCRO PRESUMIDO', `dia_previa_1` = '0', `dia_previa_2` = '0', `data_guia_iss` = '6', `nota_do_milhao` = false, `nfse` = false, `nfts` = false, `guia_iss` = true, `encerra_dctfweb` = true",
2026-02-02T09:08:09:   sqlState: '23000',
2026-02-02T09:08:09:   sqlMessage: "Duplicate entry '1370-1' for key 'empresas.unique_cod_completo'"
2026-02-02T09:08:09: }
2026-02-02T09:09:36: Error: Duplicate entry '1392-1' for key 'empresas.unique_cod_completo'
2026-02-02T09:09:36:     at PromisePool.query (C:\Users\00106\Desktop\IMPLEMENTAÇÃO\backend\node_modules\mysql2\lib\promise\pool.js:36:22)
2026-02-02T09:09:36:     at exports.criar (C:\Users\00106\Desktop\IMPLEMENTAÇÃO\backend\src\controllers\empresas.controller.js:41:14)
2026-02-02T09:09:36:     at Layer.handleRequest (C:\Users\00106\Desktop\IMPLEMENTAÇÃO\backend\node_modules\router\lib\layer.js:152:17)
2026-02-02T09:09:36:     at next (C:\Users\00106\Desktop\IMPLEMENTAÇÃO\backend\node_modules\router\lib\route.js:157:13)
2026-02-02T09:09:36:     at auth (C:\Users\00106\Desktop\IMPLEMENTAÇÃO\backend\src\middleware\auth.js:32:5)
2026-02-02T09:09:36:     at process.processTicksAndRejections (node:internal/process/task_queues:103:5) {
2026-02-02T09:09:36:   code: 'ER_DUP_ENTRY',
2026-02-02T09:09:36:   errno: 1062,
2026-02-02T09:09:36:   sql: "INSERT INTO empresas SET `razao_social` = 'FUNDACAO SANTOS DUMONT', `cod_completo` = '1392-1', `cod` = '1392', `filial` = '01', `municipio` = 'SÃO PAULO', `cnpj` = '61808648000183', `ccm` = '12044946', `regime_tributario` = 'IMUNE/INSENTO', `dia_previa_1` = '0', `dia_previa_2` = '11', `data_guia_iss` = '6', `nota_do_milhao` = true, `nfse` = true, `nfts` = true, `guia_iss` = true, `encerra_dctfweb` = true",
2026-02-02T09:09:36:   sqlState: '23000',
2026-02-02T09:09:36:   sqlMessage: "Duplicate entry '1392-1' for key 'empresas.unique_cod_completo'"
2026-02-02T09:09:36: }
2026-02-02T09:10:53: Error: Duplicate entry '1393-1' for key 'empresas.unique_cod_completo'
2026-02-02T09:10:53:     at PromisePool.query (C:\Users\00106\Desktop\IMPLEMENTAÇÃO\backend\node_modules\mysql2\lib\promise\pool.js:36:22)
2026-02-02T09:10:53:     at exports.criar (C:\Users\00106\Desktop\IMPLEMENTAÇÃO\backend\src\controllers\empresas.controller.js:41:14)
2026-02-02T09:10:53:     at Layer.handleRequest (C:\Users\00106\Desktop\IMPLEMENTAÇÃO\backend\node_modules\router\lib\layer.js:152:17)
2026-02-02T09:10:53:     at next (C:\Users\00106\Desktop\IMPLEMENTAÇÃO\backend\node_modules\router\lib\route.js:157:13)
2026-02-02T09:10:53:     at auth (C:\Users\00106\Desktop\IMPLEMENTAÇÃO\backend\src\middleware\auth.js:32:5)
2026-02-02T09:10:53:     at process.processTicksAndRejections (node:internal/process/task_queues:103:5) {
2026-02-02T09:10:53:   code: 'ER_DUP_ENTRY',
2026-02-02T09:10:53:   errno: 1062,
2026-02-02T09:10:53:   sql: "INSERT INTO empresas SET `razao_social` = 'TEXTIL NAHAS LTDA', `cod_completo` = '1393-1', `cod` = '1393', `filial` = '01', `municipio` = 'VILA VELHA', `cnpj` = '32630281000152', `ccm` = '00000000', `regime_tributario` = 'LUCRO REAL', `dia_previa_1` = '1', `dia_previa_2` = '0', `data_guia_iss` = '6', `nota_do_milhao` = false, `nfse` = false, `nfts` = false, `guia_iss` = true, `encerra_dctfweb` = true",
2026-02-02T09:10:53:   sqlState: '23000',
2026-02-02T09:10:53:   sqlMessage: "Duplicate entry '1393-1' for key 'empresas.unique_cod_completo'"
2026-02-02T09:10:53: }
2026-02-02T09:12:09: Error: Duplicate entry '1393-3' for key 'empresas.unique_cod_completo'
2026-02-02T09:12:09:     at PromisePool.query (C:\Users\00106\Desktop\IMPLEMENTAÇÃO\backend\node_modules\mysql2\lib\promise\pool.js:36:22)
2026-02-02T09:12:09:     at exports.criar (C:\Users\00106\Desktop\IMPLEMENTAÇÃO\backend\src\controllers\empresas.controller.js:41:14)
2026-02-02T09:12:09:     at Layer.handleRequest (C:\Users\00106\Desktop\IMPLEMENTAÇÃO\backend\node_modules\router\lib\layer.js:152:17)
2026-02-02T09:12:09:     at next (C:\Users\00106\Desktop\IMPLEMENTAÇÃO\backend\node_modules\router\lib\route.js:157:13)
2026-02-02T09:12:09:     at auth (C:\Users\00106\Desktop\IMPLEMENTAÇÃO\backend\src\middleware\auth.js:32:5)
2026-02-02T09:12:09:     at process.processTicksAndRejections (node:internal/process/task_queues:103:5) {
2026-02-02T09:12:09:   code: 'ER_DUP_ENTRY',
2026-02-02T09:12:09:   errno: 1062,
2026-02-02T09:12:09:   sql: "INSERT INTO empresas SET `razao_social` = 'TEXTIL NAHAS LTDA', `cod_completo` = '1393-3', `cod` = '1393', `filial` = '03', `municipio` = 'ILHOTA', `cnpj` = '32630281000314', `ccm` = '00000000', `regime_tributario` = 'LUCRO REAL', `dia_previa_1` = '0', `dia_previa_2` = '0', `data_guia_iss` = '6', `nota_do_milhao` = false, `nfse` = false, `nfts` = false, `guia_iss` = true, `encerra_dctfweb` = false",
2026-02-02T09:12:09:   sqlState: '23000',
2026-02-02T09:12:09:   sqlMessage: "Duplicate entry '1393-3' for key 'empresas.unique_cod_completo'"
2026-02-02T09:12:09: }
2026-02-02T09:13:29: Error: Duplicate entry '1428-1' for key 'empresas.unique_cod_completo'
2026-02-02T09:13:29:     at PromisePool.query (C:\Users\00106\Desktop\IMPLEMENTAÇÃO\backend\node_modules\mysql2\lib\promise\pool.js:36:22)
2026-02-02T09:13:29:     at exports.criar (C:\Users\00106\Desktop\IMPLEMENTAÇÃO\backend\src\controllers\empresas.controller.js:41:14)
2026-02-02T09:13:29:     at Layer.handleRequest (C:\Users\00106\Desktop\IMPLEMENTAÇÃO\backend\node_modules\router\lib\layer.js:152:17)
2026-02-02T09:13:29:     at next (C:\Users\00106\Desktop\IMPLEMENTAÇÃO\backend\node_modules\router\lib\route.js:157:13)
2026-02-02T09:13:29:     at auth (C:\Users\00106\Desktop\IMPLEMENTAÇÃO\backend\src\middleware\auth.js:32:5)
2026-02-02T09:13:29:     at process.processTicksAndRejections (node:internal/process/task_queues:103:5) {
2026-02-02T09:13:29:   code: 'ER_DUP_ENTRY',
2026-02-02T09:13:29:   errno: 1062,
2026-02-02T09:13:29:   sql: "INSERT INTO empresas SET `razao_social` = 'ETHERNE INDUSTRIA DE DIVISORIA LTDA', `cod_completo` = '1428-1', `cod` = '1428', `filial` = '01', `municipio` = 'BRASILIA', `cnpj` = '30250638000141', `ccm` = '00000000', `regime_tributario` = 'LUCRO PRESUMIDO', `dia_previa_1` = '1', `dia_previa_2` = '0', `data_guia_iss` = '6', `nota_do_milhao` = false, `nfse` = false, `nfts` = false, `guia_iss` = true, `encerra_dctfweb` = true",
2026-02-02T09:13:29:   sqlState: '23000',
2026-02-02T09:13:29:   sqlMessage: "Duplicate entry '1428-1' for key 'empresas.unique_cod_completo'"
2026-02-02T09:13:29: }
2026-02-02T09:14:46: Error: Duplicate entry '1428-2' for key 'empresas.unique_cod_completo'
2026-02-02T09:14:46:     at PromisePool.query (C:\Users\00106\Desktop\IMPLEMENTAÇÃO\backend\node_modules\mysql2\lib\promise\pool.js:36:22)
2026-02-02T09:14:46:     at exports.criar (C:\Users\00106\Desktop\IMPLEMENTAÇÃO\backend\src\controllers\empresas.controller.js:41:14)
2026-02-02T09:14:46:     at Layer.handleRequest (C:\Users\00106\Desktop\IMPLEMENTAÇÃO\backend\node_modules\router\lib\layer.js:152:17)
2026-02-02T09:14:46:     at next (C:\Users\00106\Desktop\IMPLEMENTAÇÃO\backend\node_modules\router\lib\route.js:157:13)
2026-02-02T09:14:46:     at auth (C:\Users\00106\Desktop\IMPLEMENTAÇÃO\backend\src\middleware\auth.js:32:5)
2026-02-02T09:14:46:     at process.processTicksAndRejections (node:internal/process/task_queues:103:5) {
2026-02-02T09:14:46:   code: 'ER_DUP_ENTRY',
2026-02-02T09:14:46:   errno: 1062,
2026-02-02T09:14:46:   sql: "INSERT INTO empresas SET `razao_social` = 'ETHERNE INDUSTRIA DE DIVISORIA LTDA', `cod_completo` = '1428-2', `cod` = '1428', `filial` = '02', `municipio` = 'EMBU DAS ARTES', `cnpj` = '30250638000222', `ccm` = '00000000', `regime_tributario` = 'LUCRO PRESUMIDO', `dia_previa_1` = '0', `dia_previa_2` = '0', `data_guia_iss` = '6', `nota_do_milhao` = false, `nfse` = false, `nfts` = false, `guia_iss` = true, `encerra_dctfweb` = false",
2026-02-02T09:14:46:   sqlState: '23000',
2026-02-02T09:14:46:   sqlMessage: "Duplicate entry '1428-2' for key 'empresas.unique_cod_completo'"
2026-02-02T09:14:46: }
2026-02-02T09:16:13: Error: Duplicate entry '1441-1' for key 'empresas.unique_cod_completo'
2026-02-02T09:16:13:     at PromisePool.query (C:\Users\00106\Desktop\IMPLEMENTAÇÃO\backend\node_modules\mysql2\lib\promise\pool.js:36:22)
2026-02-02T09:16:13:     at exports.criar (C:\Users\00106\Desktop\IMPLEMENTAÇÃO\backend\src\controllers\empresas.controller.js:41:14)
2026-02-02T09:16:13:     at Layer.handleRequest (C:\Users\00106\Desktop\IMPLEMENTAÇÃO\backend\node_modules\router\lib\layer.js:152:17)
2026-02-02T09:16:13:     at next (C:\Users\00106\Desktop\IMPLEMENTAÇÃO\backend\node_modules\router\lib\route.js:157:13)
2026-02-02T09:16:13:     at auth (C:\Users\00106\Desktop\IMPLEMENTAÇÃO\backend\src\middleware\auth.js:32:5)
2026-02-02T09:16:13:     at process.processTicksAndRejections (node:internal/process/task_queues:103:5) {
2026-02-02T09:16:13:   code: 'ER_DUP_ENTRY',
2026-02-02T09:16:13:   errno: 1062,
2026-02-02T09:16:13:   sql: "INSERT INTO empresas SET `razao_social` = 'ASSOCIACAO EDUCACIONAL BUTANTA', `cod_completo` = '1441-1', `cod` = '1441', `filial` = '01', `municipio` = 'SÃO PAULO', `cnpj` = '09356255000166', `ccm` = '37290479', `regime_tributario` = 'LUCRO PRESUMIDO', `dia_previa_1` = '0', `dia_previa_2` = '11', `data_guia_iss` = '6', `nota_do_milhao` = true, `nfse` = true, `nfts` = true, `guia_iss` = true, `encerra_dctfweb` = true",
2026-02-02T09:16:13:   sqlState: '23000',
2026-02-02T09:16:13:   sqlMessage: "Duplicate entry '1441-1' for key 'empresas.unique_cod_completo'"
2026-02-02T09:16:13: }
2026-02-02T09:17:30: Error: Duplicate entry '1460-1' for key 'empresas.unique_cod_completo'
2026-02-02T09:17:30:     at PromisePool.query (C:\Users\00106\Desktop\IMPLEMENTAÇÃO\backend\node_modules\mysql2\lib\promise\pool.js:36:22)
2026-02-02T09:17:30:     at exports.criar (C:\Users\00106\Desktop\IMPLEMENTAÇÃO\backend\src\controllers\empresas.controller.js:41:14)
2026-02-02T09:17:30:     at Layer.handleRequest (C:\Users\00106\Desktop\IMPLEMENTAÇÃO\backend\node_modules\router\lib\layer.js:152:17)
2026-02-02T09:17:30:     at next (C:\Users\00106\Desktop\IMPLEMENTAÇÃO\backend\node_modules\router\lib\route.js:157:13)
2026-02-02T09:17:30:     at auth (C:\Users\00106\Desktop\IMPLEMENTAÇÃO\backend\src\middleware\auth.js:32:5)
2026-02-02T09:17:30:     at process.processTicksAndRejections (node:internal/process/task_queues:103:5) {
2026-02-02T09:17:30:   code: 'ER_DUP_ENTRY',
2026-02-02T09:17:30:   errno: 1062,
2026-02-02T09:17:30:   sql: "INSERT INTO empresas SET `razao_social` = 'REDIFER COMERCIO E INDUSTRIA DE FERRO EACO LTDA', `cod_completo` = '1460-1', `cod` = '1460', `filial` = '01', `municipio` = 'SANTO ANDRE', `cnpj` = '43410976000145', `ccm` = '00000000', `regime_tributario` = 'LUCRO PRESUMIDO', `dia_previa_1` = '0', `dia_previa_2` = '0', `data_guia_iss` = '6', `nota_do_milhao` = false, `nfse` = false, `nfts` = false, `guia_iss` = true, `encerra_dctfweb` = true",
2026-02-02T09:17:30:   sqlState: '23000',
2026-02-02T09:17:30:   sqlMessage: "Duplicate entry '1460-1' for key 'empresas.unique_cod_completo'"
2026-02-02T09:17:30: }
2026-02-02T09:19:06: Error: Duplicate entry '1461-2' for key 'empresas.unique_cod_completo'
2026-02-02T09:19:06:     at PromisePool.query (C:\Users\00106\Desktop\IMPLEMENTAÇÃO\backend\node_modules\mysql2\lib\promise\pool.js:36:22)
2026-02-02T09:19:06:     at exports.criar (C:\Users\00106\Desktop\IMPLEMENTAÇÃO\backend\src\controllers\empresas.controller.js:41:14)
2026-02-02T09:19:06:     at Layer.handleRequest (C:\Users\00106\Desktop\IMPLEMENTAÇÃO\backend\node_modules\router\lib\layer.js:152:17)
2026-02-02T09:19:06:     at next (C:\Users\00106\Desktop\IMPLEMENTAÇÃO\backend\node_modules\router\lib\route.js:157:13)
2026-02-02T09:19:06:     at auth (C:\Users\00106\Desktop\IMPLEMENTAÇÃO\backend\src\middleware\auth.js:32:5)
2026-02-02T09:19:06:     at process.processTicksAndRejections (node:internal/process/task_queues:103:5) {
2026-02-02T09:19:06:   code: 'ER_DUP_ENTRY',
2026-02-02T09:19:06:   errno: 1062,
2026-02-02T09:19:06:   sql: "INSERT INTO empresas SET `razao_social` = 'N2 COMERCIO DE PRODUTOS ELETRONICOS LTDA', `cod_completo` = '1461-2', `cod` = '1461', `filial` = '02', `municipio` = 'SÃO PAULO', `cnpj` = '34485668000279', `ccm` = '74685740', `regime_tributario` = 'LUCRO PRESUMIDO', `dia_previa_1` = '0', `dia_previa_2` = '11', `data_guia_iss` = '6', `nota_do_milhao` = true, `nfse` = true, `nfts` = true, `guia_iss` = true, `encerra_dctfweb` = false",
2026-02-02T09:19:06:   sqlState: '23000',
2026-02-02T09:19:06:   sqlMessage: "Duplicate entry '1461-2' for key 'empresas.unique_cod_completo'"
2026-02-02T09:19:06: }
2026-02-02T09:20:25: Error: Duplicate entry '1469-1' for key 'empresas.unique_cod_completo'
2026-02-02T09:20:25:     at PromisePool.query (C:\Users\00106\Desktop\IMPLEMENTAÇÃO\backend\node_modules\mysql2\lib\promise\pool.js:36:22)
2026-02-02T09:20:25:     at exports.criar (C:\Users\00106\Desktop\IMPLEMENTAÇÃO\backend\src\controllers\empresas.controller.js:41:14)
2026-02-02T09:20:25:     at Layer.handleRequest (C:\Users\00106\Desktop\IMPLEMENTAÇÃO\backend\node_modules\router\lib\layer.js:152:17)
2026-02-02T09:20:25:     at next (C:\Users\00106\Desktop\IMPLEMENTAÇÃO\backend\node_modules\router\lib\route.js:157:13)
2026-02-02T09:20:25:     at auth (C:\Users\00106\Desktop\IMPLEMENTAÇÃO\backend\src\middleware\auth.js:32:5)
2026-02-02T09:20:25:     at process.processTicksAndRejections (node:internal/process/task_queues:103:5) {
2026-02-02T09:20:25:   code: 'ER_DUP_ENTRY',
2026-02-02T09:20:25:   errno: 1062,
2026-02-02T09:20:25:   sql: "INSERT INTO empresas SET `razao_social` = 'BJ DIVISORIAS LTDA', `cod_completo` = '1469-1', `cod` = '1469', `filial` = '01', `municipio` = 'EMBU DAS ARTES', `cnpj` = '50640254000142', `ccm` = '00000000', `regime_tributario` = 'SIMPLES NACIONAL', `dia_previa_1` = '0', `dia_previa_2` = '0', `data_guia_iss` = '6', `nota_do_milhao` = false, `nfse` = false, `nfts` = false, `guia_iss` = true, `encerra_dctfweb` = true",
2026-02-02T09:20:25:   sqlState: '23000',
2026-02-02T09:20:25:   sqlMessage: "Duplicate entry '1469-1' for key 'empresas.unique_cod_completo'"
2026-02-02T09:20:25: }
2026-02-02T09:21:44: Error: Duplicate entry '1470-1' for key 'empresas.unique_cod_completo'
2026-02-02T09:21:44:     at PromisePool.query (C:\Users\00106\Desktop\IMPLEMENTAÇÃO\backend\node_modules\mysql2\lib\promise\pool.js:36:22)
2026-02-02T09:21:44:     at exports.criar (C:\Users\00106\Desktop\IMPLEMENTAÇÃO\backend\src\controllers\empresas.controller.js:41:14)
2026-02-02T09:21:44:     at Layer.handleRequest (C:\Users\00106\Desktop\IMPLEMENTAÇÃO\backend\node_modules\router\lib\layer.js:152:17)
2026-02-02T09:21:44:     at next (C:\Users\00106\Desktop\IMPLEMENTAÇÃO\backend\node_modules\router\lib\route.js:157:13)
2026-02-02T09:21:44:     at auth (C:\Users\00106\Desktop\IMPLEMENTAÇÃO\backend\src\middleware\auth.js:32:5)
2026-02-02T09:21:44:     at process.processTicksAndRejections (node:internal/process/task_queues:103:5) {
2026-02-02T09:21:44:   code: 'ER_DUP_ENTRY',
2026-02-02T09:21:44:   errno: 1062,
2026-02-02T09:21:44:   sql: "INSERT INTO empresas SET `razao_social` = 'GAICHI E TRAICO SERVICOS DE ESCRITORIO LTDA', `cod_completo` = '1470-1', `cod` = '1470', `filial` = '01', `municipio` = 'SANTANA DE PARNAIBA', `cnpj` = '34008413000134', `ccm` = '00000000', `regime_tributario` = 'SIMPLES NACIONAL', `dia_previa_1` = '0', `dia_previa_2` = '0', `data_guia_iss` = '6', `nota_do_milhao` = false, `nfse` = false, `nfts` = false, `guia_iss` = true, `encerra_dctfweb` = true",
2026-02-02T09:21:44:   sqlState: '23000',
2026-02-02T09:21:44:   sqlMessage: "Duplicate entry '1470-1' for key 'empresas.unique_cod_completo'"
2026-02-02T09:21:44: }
2026-02-02T09:23:02: Error: Duplicate entry '1492-1' for key 'empresas.unique_cod_completo'
2026-02-02T09:23:02:     at PromisePool.query (C:\Users\00106\Desktop\IMPLEMENTAÇÃO\backend\node_modules\mysql2\lib\promise\pool.js:36:22)
2026-02-02T09:23:02:     at exports.criar (C:\Users\00106\Desktop\IMPLEMENTAÇÃO\backend\src\controllers\empresas.controller.js:41:14)
2026-02-02T09:23:02:     at Layer.handleRequest (C:\Users\00106\Desktop\IMPLEMENTAÇÃO\backend\node_modules\router\lib\layer.js:152:17)
2026-02-02T09:23:02:     at next (C:\Users\00106\Desktop\IMPLEMENTAÇÃO\backend\node_modules\router\lib\route.js:157:13)
2026-02-02T09:23:02:     at auth (C:\Users\00106\Desktop\IMPLEMENTAÇÃO\backend\src\middleware\auth.js:32:5)
2026-02-02T09:23:02:     at process.processTicksAndRejections (node:internal/process/task_queues:103:5) {
2026-02-02T09:23:02:   code: 'ER_DUP_ENTRY',
2026-02-02T09:23:02:   errno: 1062,
2026-02-02T09:23:02:   sql: "INSERT INTO empresas SET `razao_social` = 'RDF INDUSTRIA E COMERCIO LTDA', `cod_completo` = '1492-1', `cod` = '1492', `filial` = '01', `municipio` = 'SANTO ANDRE', `cnpj` = '67211623000184', `ccm` = '00000000', `regime_tributario` = 'SIMPLES NACIONAL', `dia_previa_1` = '0', `dia_previa_2` = '0', `data_guia_iss` = '6', `nota_do_milhao` = false, `nfse` = false, `nfts` = false, `guia_iss` = true, `encerra_dctfweb` = true",
2026-02-02T09:23:02:   sqlState: '23000',
2026-02-02T09:23:02:   sqlMessage: "Duplicate entry '1492-1' for key 'empresas.unique_cod_completo'"
2026-02-02T09:23:02: }
2026-02-02T09:24:19: Error: Duplicate entry '1495-1' for key 'empresas.unique_cod_completo'
2026-02-02T09:24:19:     at PromisePool.query (C:\Users\00106\Desktop\IMPLEMENTAÇÃO\backend\node_modules\mysql2\lib\promise\pool.js:36:22)
2026-02-02T09:24:19:     at exports.criar (C:\Users\00106\Desktop\IMPLEMENTAÇÃO\backend\src\controllers\empresas.controller.js:41:14)
2026-02-02T09:24:19:     at Layer.handleRequest (C:\Users\00106\Desktop\IMPLEMENTAÇÃO\backend\node_modules\router\lib\layer.js:152:17)
2026-02-02T09:24:19:     at next (C:\Users\00106\Desktop\IMPLEMENTAÇÃO\backend\node_modules\router\lib\route.js:157:13)
2026-02-02T09:24:19:     at auth (C:\Users\00106\Desktop\IMPLEMENTAÇÃO\backend\src\middleware\auth.js:32:5)
2026-02-02T09:24:19:     at process.processTicksAndRejections (node:internal/process/task_queues:103:5) {
2026-02-02T09:24:19:   code: 'ER_DUP_ENTRY',
2026-02-02T09:24:19:   errno: 1062,
2026-02-02T09:24:19:   sql: "INSERT INTO empresas SET `razao_social` = 'FID COMERCIO EXTERIOR LTDA', `cod_completo` = '1495-1', `cod` = '1495', `filial` = '01', `municipio` = 'BELO HORIZONTE', `cnpj` = '24660781000109', `ccm` = '00000000', `regime_tributario` = 'LUCRO REAL', `dia_previa_1` = '0', `dia_previa_2` = '0', `data_guia_iss` = '6', `nota_do_milhao` = false, `nfse` = false, `nfts` = false, `guia_iss` = true, `encerra_dctfweb` = false",
2026-02-02T09:24:19:   sqlState: '23000',
2026-02-02T09:24:19:   sqlMessage: "Duplicate entry '1495-1' for key 'empresas.unique_cod_completo'"
2026-02-02T09:24:19: }
2026-02-02T09:28:33: Error: Duplicate entry '1505-1' for key 'empresas.unique_cod_completo'
2026-02-02T09:28:33:     at PromisePool.query (C:\Users\00106\Desktop\IMPLEMENTAÇÃO\backend\node_modules\mysql2\lib\promise\pool.js:36:22)
2026-02-02T09:28:33:     at exports.criar (C:\Users\00106\Desktop\IMPLEMENTAÇÃO\backend\src\controllers\empresas.controller.js:41:14)
2026-02-02T09:28:33:     at Layer.handleRequest (C:\Users\00106\Desktop\IMPLEMENTAÇÃO\backend\node_modules\router\lib\layer.js:152:17)
2026-02-02T09:28:33:     at next (C:\Users\00106\Desktop\IMPLEMENTAÇÃO\backend\node_modules\router\lib\route.js:157:13)
2026-02-02T09:28:33:     at auth (C:\Users\00106\Desktop\IMPLEMENTAÇÃO\backend\src\middleware\auth.js:32:5)
2026-02-02T09:28:33:     at process.processTicksAndRejections (node:internal/process/task_queues:103:5) {
2026-02-02T09:28:33:   code: 'ER_DUP_ENTRY',
2026-02-02T09:28:33:   errno: 1062,
2026-02-02T09:28:33:   sql: "INSERT INTO empresas SET `razao_social` = 'NUTSTEEL INDUSTRIA METALURGICA LTDA', `cod_completo` = '1505-1', `cod` = '1505', `filial` = '01', `municipio` = 'SOROCABA', `cnpj` = '62261813000192', `ccm` = '00000000', `regime_tributario` = 'LUCRO REAL', `dia_previa_1` = '1', `dia_previa_2` = '0', `data_guia_iss` = '6', `nota_do_milhao` = false, `nfse` = false, `nfts` = false, `guia_iss` = true, `encerra_dctfweb` = true",
2026-02-02T09:28:33:   sqlState: '23000',
2026-02-02T09:28:33:   sqlMessage: "Duplicate entry '1505-1' for key 'empresas.unique_cod_completo'"
2026-02-02T09:28:33: }
2026-02-02T09:29:50: Error: Duplicate entry '1505-2' for key 'empresas.unique_cod_completo'
2026-02-02T09:29:50:     at PromisePool.query (C:\Users\00106\Desktop\IMPLEMENTAÇÃO\backend\node_modules\mysql2\lib\promise\pool.js:36:22)
2026-02-02T09:29:50:     at exports.criar (C:\Users\00106\Desktop\IMPLEMENTAÇÃO\backend\src\controllers\empresas.controller.js:41:14)
2026-02-02T09:29:50:     at Layer.handleRequest (C:\Users\00106\Desktop\IMPLEMENTAÇÃO\backend\node_modules\router\lib\layer.js:152:17)
2026-02-02T09:29:50:     at next (C:\Users\00106\Desktop\IMPLEMENTAÇÃO\backend\node_modules\router\lib\route.js:157:13)
2026-02-02T09:29:50:     at auth (C:\Users\00106\Desktop\IMPLEMENTAÇÃO\backend\src\middleware\auth.js:32:5)
2026-02-02T09:29:50:     at process.processTicksAndRejections (node:internal/process/task_queues:103:5) {
2026-02-02T09:29:50:   code: 'ER_DUP_ENTRY',
2026-02-02T09:29:50:   errno: 1062,
2026-02-02T09:29:50:   sql: "INSERT INTO empresas SET `razao_social` = 'NUTSTEEL INDUSTRIA METALURGICA LTDA', `cod_completo` = '1505-2', `cod` = '1505', `filial` = '02', `municipio` = 'RIO DE JANEIRO', `cnpj` = '62261813000273', `ccm` = '00000000', `regime_tributario` = 'LUCRO REAL', `dia_previa_1` = '1', `dia_previa_2` = '0', `data_guia_iss` = '6', `nota_do_milhao` = false, `nfse` = false, `nfts` = false, `guia_iss` = true, `encerra_dctfweb` = false",
2026-02-02T09:29:50:   sqlState: '23000',
2026-02-02T09:29:50:   sqlMessage: "Duplicate entry '1505-2' for key 'empresas.unique_cod_completo'"
2026-02-02T09:29:50: }
2026-02-02T09:31:15: Error: Duplicate entry '1505-4' for key 'empresas.unique_cod_completo'
2026-02-02T09:31:15:     at PromisePool.query (C:\Users\00106\Desktop\IMPLEMENTAÇÃO\backend\node_modules\mysql2\lib\promise\pool.js:36:22)
2026-02-02T09:31:15:     at exports.criar (C:\Users\00106\Desktop\IMPLEMENTAÇÃO\backend\src\controllers\empresas.controller.js:41:14)
2026-02-02T09:31:15:     at Layer.handleRequest (C:\Users\00106\Desktop\IMPLEMENTAÇÃO\backend\node_modules\router\lib\layer.js:152:17)
2026-02-02T09:31:15:     at next (C:\Users\00106\Desktop\IMPLEMENTAÇÃO\backend\node_modules\router\lib\route.js:157:13)
2026-02-02T09:31:15:     at auth (C:\Users\00106\Desktop\IMPLEMENTAÇÃO\backend\src\middleware\auth.js:32:5)
2026-02-02T09:31:15:     at process.processTicksAndRejections (node:internal/process/task_queues:103:5) {
2026-02-02T09:31:15:   code: 'ER_DUP_ENTRY',
2026-02-02T09:31:15:   errno: 1062,
2026-02-02T09:31:15:   sql: "INSERT INTO empresas SET `razao_social` = 'NUTSTEEL INDUSTRIA METALURGICA LTDA', `cod_completo` = '1505-4', `cod` = '1505', `filial` = '04', `municipio` = 'SÃO PAULO', `cnpj` = '62261813000435', `ccm` = '43300090', `regime_tributario` = 'LUCRO REAL', `dia_previa_1` = '1', `dia_previa_2` = '11', `data_guia_iss` = '6', `nota_do_milhao` = true, `nfse` = true, `nfts` = true, `guia_iss` = true, `encerra_dctfweb` = false",
2026-02-02T09:31:15:   sqlState: '23000',
2026-02-02T09:31:15:   sqlMessage: "Duplicate entry '1505-4' for key 'empresas.unique_cod_completo'"
2026-02-02T09:31:15: }
2026-02-02T09:32:42: Error: Duplicate entry '1506-1' for key 'empresas.unique_cod_completo'
2026-02-02T09:32:42:     at PromisePool.query (C:\Users\00106\Desktop\IMPLEMENTAÇÃO\backend\node_modules\mysql2\lib\promise\pool.js:36:22)
2026-02-02T09:32:42:     at exports.criar (C:\Users\00106\Desktop\IMPLEMENTAÇÃO\backend\src\controllers\empresas.controller.js:41:14)
2026-02-02T09:32:42:     at Layer.handleRequest (C:\Users\00106\Desktop\IMPLEMENTAÇÃO\backend\node_modules\router\lib\layer.js:152:17)
2026-02-02T09:32:42:     at next (C:\Users\00106\Desktop\IMPLEMENTAÇÃO\backend\node_modules\router\lib\route.js:157:13)
2026-02-02T09:32:42:     at auth (C:\Users\00106\Desktop\IMPLEMENTAÇÃO\backend\src\middleware\auth.js:32:5)
2026-02-02T09:32:42:     at process.processTicksAndRejections (node:internal/process/task_queues:103:5) {
2026-02-02T09:32:42:   code: 'ER_DUP_ENTRY',
2026-02-02T09:32:42:   errno: 1062,
2026-02-02T09:32:42:   sql: "INSERT INTO empresas SET `razao_social` = 'ESPRESSO ART IMPORTACAO COMERCIO E LOCACAO DE EQUIPAMENTOS LTDA', `cod_completo` = '1506-1', `cod` = '1506', `filial` = '01', `municipio` = 'SÃO PAULO', `cnpj` = '18407343000130', `ccm` = '47937904', `regime_tributario` = 'SIMPLES NACIONAL', `dia_previa_1` = '0', `dia_previa_2` = '11', `data_guia_iss` = '6', `nota_do_milhao` = true, `nfse` = true, `nfts` = true, `guia_iss` = true, `encerra_dctfweb` = true",
2026-02-02T09:32:42:   sqlState: '23000',
2026-02-02T09:32:42:   sqlMessage: "Duplicate entry '1506-1' for key 'empresas.unique_cod_completo'"
2026-02-02T09:32:42: }
2026-02-02T09:34:10: Error: Duplicate entry '1507-1' for key 'empresas.unique_cod_completo'
2026-02-02T09:34:10:     at PromisePool.query (C:\Users\00106\Desktop\IMPLEMENTAÇÃO\backend\node_modules\mysql2\lib\promise\pool.js:36:22)
2026-02-02T09:34:10:     at exports.criar (C:\Users\00106\Desktop\IMPLEMENTAÇÃO\backend\src\controllers\empresas.controller.js:41:14)
2026-02-02T09:34:10:     at Layer.handleRequest (C:\Users\00106\Desktop\IMPLEMENTAÇÃO\backend\node_modules\router\lib\layer.js:152:17)
2026-02-02T09:34:10:     at next (C:\Users\00106\Desktop\IMPLEMENTAÇÃO\backend\node_modules\router\lib\route.js:157:13)
2026-02-02T09:34:10:     at auth (C:\Users\00106\Desktop\IMPLEMENTAÇÃO\backend\src\middleware\auth.js:32:5)
2026-02-02T09:34:10:     at process.processTicksAndRejections (node:internal/process/task_queues:103:5) {
2026-02-02T09:34:10:   code: 'ER_DUP_ENTRY',
2026-02-02T09:34:10:   errno: 1062,
2026-02-02T09:34:10:   sql: "INSERT INTO empresas SET `razao_social` = 'REINALDO BONGIOVANNI ME', `cod_completo` = '1507-1', `cod` = '1507', `filial` = '01', `municipio` = 'SÃO PAULO', `cnpj` = '31543785000172', `ccm` = '60750855', `regime_tributario` = 'SIMPLES NACIONAL', `dia_previa_1` = '0', `dia_previa_2` = '11', `data_guia_iss` = '6', `nota_do_milhao` = true, `nfse` = true, `nfts` = true, `guia_iss` = true, `encerra_dctfweb` = true",
2026-02-02T09:34:10:   sqlState: '23000',
2026-02-02T09:34:10:   sqlMessage: "Duplicate entry '1507-1' for key 'empresas.unique_cod_completo'"
2026-02-02T09:34:10: }
2026-02-02T09:35:40: Error: Duplicate entry '1509-1' for key 'empresas.unique_cod_completo'
2026-02-02T09:35:40:     at PromisePool.query (C:\Users\00106\Desktop\IMPLEMENTAÇÃO\backend\node_modules\mysql2\lib\promise\pool.js:36:22)
2026-02-02T09:35:40:     at exports.criar (C:\Users\00106\Desktop\IMPLEMENTAÇÃO\backend\src\controllers\empresas.controller.js:41:14)
2026-02-02T09:35:40:     at Layer.handleRequest (C:\Users\00106\Desktop\IMPLEMENTAÇÃO\backend\node_modules\router\lib\layer.js:152:17)
2026-02-02T09:35:40:     at next (C:\Users\00106\Desktop\IMPLEMENTAÇÃO\backend\node_modules\router\lib\route.js:157:13)
2026-02-02T09:35:40:     at auth (C:\Users\00106\Desktop\IMPLEMENTAÇÃO\backend\src\middleware\auth.js:32:5)
2026-02-02T09:35:40:     at process.processTicksAndRejections (node:internal/process/task_queues:103:5) {
2026-02-02T09:35:40:   code: 'ER_DUP_ENTRY',
2026-02-02T09:35:40:   errno: 1062,
2026-02-02T09:35:40:   sql: "INSERT INTO empresas SET `razao_social` = 'SANTA CARIOCA CRIACOES LTDA', `cod_completo` = '1509-1', `cod` = '1509', `filial` = '01', `municipio` = 'SÃO PAULO', `cnpj` = '23873152000102', `ccm` = '54010918', `regime_tributario` = 'LUCRO PRESUMIDO', `dia_previa_1` = '0', `dia_previa_2` = '11', `data_guia_iss` = '6', `nota_do_milhao` = true, `nfse` = true, `nfts` = true, `guia_iss` = true, `encerra_dctfweb` = true",
2026-02-02T09:35:40:   sqlState: '23000',
2026-02-02T09:35:40:   sqlMessage: "Duplicate entry '1509-1' for key 'empresas.unique_cod_completo'"
2026-02-02T09:35:40: }
2026-02-02T09:36:58: Error: Duplicate entry '1511-1' for key 'empresas.unique_cod_completo'
2026-02-02T09:36:58:     at PromisePool.query (C:\Users\00106\Desktop\IMPLEMENTAÇÃO\backend\node_modules\mysql2\lib\promise\pool.js:36:22)
2026-02-02T09:36:58:     at exports.criar (C:\Users\00106\Desktop\IMPLEMENTAÇÃO\backend\src\controllers\empresas.controller.js:41:14)
2026-02-02T09:36:58:     at Layer.handleRequest (C:\Users\00106\Desktop\IMPLEMENTAÇÃO\backend\node_modules\router\lib\layer.js:152:17)
2026-02-02T09:36:58:     at next (C:\Users\00106\Desktop\IMPLEMENTAÇÃO\backend\node_modules\router\lib\route.js:157:13)
2026-02-02T09:36:58:     at auth (C:\Users\00106\Desktop\IMPLEMENTAÇÃO\backend\src\middleware\auth.js:32:5)
2026-02-02T09:36:58:     at process.processTicksAndRejections (node:internal/process/task_queues:103:5) {
2026-02-02T09:36:58:   code: 'ER_DUP_ENTRY',
2026-02-02T09:36:58:   errno: 1062,
2026-02-02T09:36:58:   sql: "INSERT INTO empresas SET `razao_social` = 'BEBELLA LAVANDERIA LTDA', `cod_completo` = '1511-1', `cod` = '1511', `filial` = '01', `municipio` = 'SÃO JOSÉ DO RIO PRETO', `cnpj` = '59287864000189', `ccm` = '00000000', `regime_tributario` = 'SIMPLES NACIONAL', `dia_previa_1` = '1', `dia_previa_2` = '0', `data_guia_iss` = '6', `nota_do_milhao` = false, `nfse` = false, `nfts` = false, `guia_iss` = true, `encerra_dctfweb` = true",
2026-02-02T09:36:58:   sqlState: '23000',
2026-02-02T09:36:58:   sqlMessage: "Duplicate entry '1511-1' for key 'empresas.unique_cod_completo'"
2026-02-02T09:36:58: }
2026-02-02T09:38:21: Error: Duplicate entry '1512-1' for key 'empresas.unique_cod_completo'
2026-02-02T09:38:21:     at PromisePool.query (C:\Users\00106\Desktop\IMPLEMENTAÇÃO\backend\node_modules\mysql2\lib\promise\pool.js:36:22)
2026-02-02T09:38:21:     at exports.criar (C:\Users\00106\Desktop\IMPLEMENTAÇÃO\backend\src\controllers\empresas.controller.js:41:14)
2026-02-02T09:38:21:     at Layer.handleRequest (C:\Users\00106\Desktop\IMPLEMENTAÇÃO\backend\node_modules\router\lib\layer.js:152:17)
2026-02-02T09:38:21:     at next (C:\Users\00106\Desktop\IMPLEMENTAÇÃO\backend\node_modules\router\lib\route.js:157:13)
2026-02-02T09:38:21:     at auth (C:\Users\00106\Desktop\IMPLEMENTAÇÃO\backend\src\middleware\auth.js:32:5)
2026-02-02T09:38:21:     at process.processTicksAndRejections (node:internal/process/task_queues:103:5) {
2026-02-02T09:38:21:   code: 'ER_DUP_ENTRY',
2026-02-02T09:38:21:   errno: 1062,
2026-02-02T09:38:21:   sql: "INSERT INTO empresas SET `razao_social` = 'LAVANDERIA DAMHA LTDA', `cod_completo` = '1512-1', `cod` = '1512', `filial` = '01', `municipio` = 'SÃO JOSÉ DO RIO PRETO', `cnpj` = '59280559000165', `ccm` = '00000000', `regime_tributario` = 'SIMPLES NACIONAL', `dia_previa_1` = '0', `dia_previa_2` = '0', `data_guia_iss` = '6', `nota_do_milhao` = false, `nfse` = false, `nfts` = false, `guia_iss` = true, `encerra_dctfweb` = true",
2026-02-02T09:38:21:   sqlState: '23000',
2026-02-02T09:38:21:   sqlMessage: "Duplicate entry '1512-1' for key 'empresas.unique_cod_completo'"
2026-02-02T09:38:21: }
2026-02-02T09:39:41: Error: Duplicate entry '1513-1' for key 'empresas.unique_cod_completo'
2026-02-02T09:39:41:     at PromisePool.query (C:\Users\00106\Desktop\IMPLEMENTAÇÃO\backend\node_modules\mysql2\lib\promise\pool.js:36:22)
2026-02-02T09:39:41:     at exports.criar (C:\Users\00106\Desktop\IMPLEMENTAÇÃO\backend\src\controllers\empresas.controller.js:41:14)
2026-02-02T09:39:41:     at Layer.handleRequest (C:\Users\00106\Desktop\IMPLEMENTAÇÃO\backend\node_modules\router\lib\layer.js:152:17)
2026-02-02T09:39:41:     at next (C:\Users\00106\Desktop\IMPLEMENTAÇÃO\backend\node_modules\router\lib\route.js:157:13)
2026-02-02T09:39:41:     at auth (C:\Users\00106\Desktop\IMPLEMENTAÇÃO\backend\src\middleware\auth.js:32:5)
2026-02-02T09:39:41:     at process.processTicksAndRejections (node:internal/process/task_queues:103:5) {
2026-02-02T09:39:41:   code: 'ER_DUP_ENTRY',
2026-02-02T09:39:41:   errno: 1062,
2026-02-02T09:39:41:   sql: "INSERT INTO empresas SET `razao_social` = 'LAVANDERIA ANDALO LTDA', `cod_completo` = '1513-1', `cod` = '1513', `filial` = '01', `municipio` = 'SÃO JOSÉ DO RIO PRETO', `cnpj` = '59283172000162', `ccm` = '00000000', `regime_tributario` = 'SIMPLES NACIONAL', `dia_previa_1` = '0', `dia_previa_2` = '0', `data_guia_iss` = '6', `nota_do_milhao` = false, `nfse` = false, `nfts` = false, `guia_iss` = true, `encerra_dctfweb` = true",
2026-02-02T09:39:41:   sqlState: '23000',
2026-02-02T09:39:41:   sqlMessage: "Duplicate entry '1513-1' for key 'empresas.unique_cod_completo'"
2026-02-02T09:39:41: }
2026-02-02T09:41:08: Error: Duplicate entry '1515-1' for key 'empresas.unique_cod_completo'
2026-02-02T09:41:08:     at PromisePool.query (C:\Users\00106\Desktop\IMPLEMENTAÇÃO\backend\node_modules\mysql2\lib\promise\pool.js:36:22)
2026-02-02T09:41:08:     at exports.criar (C:\Users\00106\Desktop\IMPLEMENTAÇÃO\backend\src\controllers\empresas.controller.js:41:14)
2026-02-02T09:41:08:     at Layer.handleRequest (C:\Users\00106\Desktop\IMPLEMENTAÇÃO\backend\node_modules\router\lib\layer.js:152:17)
2026-02-02T09:41:08:     at next (C:\Users\00106\Desktop\IMPLEMENTAÇÃO\backend\node_modules\router\lib\route.js:157:13)
2026-02-02T09:41:08:     at auth (C:\Users\00106\Desktop\IMPLEMENTAÇÃO\backend\src\middleware\auth.js:32:5)
2026-02-02T09:41:08:     at process.processTicksAndRejections (node:internal/process/task_queues:103:5) {
2026-02-02T09:41:08:   code: 'ER_DUP_ENTRY',
2026-02-02T09:41:08:   errno: 1062,
2026-02-02T09:41:08:   sql: "INSERT INTO empresas SET `razao_social` = 'PH SERVICOS COMERCIAIS LTDA', `cod_completo` = '1515-1', `cod` = '1515', `filial` = '01', `municipio` = 'SÃO PAULO', `cnpj` = '59667138000191', `ccm` = '17246199', `regime_tributario` = 'SIMPLES NACIONAL', `dia_previa_1` = '1', `dia_previa_2` = '11', `data_guia_iss` = '6', `nota_do_milhao` = true, `nfse` = true, `nfts` = true, `guia_iss` = true, `encerra_dctfweb` = true",
2026-02-02T09:41:08:   sqlState: '23000',
2026-02-02T09:41:08:   sqlMessage: "Duplicate entry '1515-1' for key 'empresas.unique_cod_completo'"
2026-02-02T09:41:08: }
2026-02-02T09:42:34: Error: Duplicate entry '1517-1' for key 'empresas.unique_cod_completo'
2026-02-02T09:42:34:     at PromisePool.query (C:\Users\00106\Desktop\IMPLEMENTAÇÃO\backend\node_modules\mysql2\lib\promise\pool.js:36:22)
2026-02-02T09:42:34:     at exports.criar (C:\Users\00106\Desktop\IMPLEMENTAÇÃO\backend\src\controllers\empresas.controller.js:41:14)
2026-02-02T09:42:34:     at Layer.handleRequest (C:\Users\00106\Desktop\IMPLEMENTAÇÃO\backend\node_modules\router\lib\layer.js:152:17)
2026-02-02T09:42:34:     at next (C:\Users\00106\Desktop\IMPLEMENTAÇÃO\backend\node_modules\router\lib\route.js:157:13)
2026-02-02T09:42:34:     at auth (C:\Users\00106\Desktop\IMPLEMENTAÇÃO\backend\src\middleware\auth.js:32:5)
2026-02-02T09:42:34:     at process.processTicksAndRejections (node:internal/process/task_queues:103:5) {
2026-02-02T09:42:34:   code: 'ER_DUP_ENTRY',
2026-02-02T09:42:34:   errno: 1062,
2026-02-02T09:42:34:   sql: "INSERT INTO empresas SET `razao_social` = 'MVC COMERCIO E SERVICOS DE PET SHOP S S LTDA', `cod_completo` = '1517-1', `cod` = '1517', `filial` = '01', `municipio` = 'SÃO PAULO', `cnpj` = '05265779000190', `ccm` = '31597041', `regime_tributario` = 'LUCRO PRESUMIDO', `dia_previa_1` = '0', `dia_previa_2` = '11', `data_guia_iss` = '6', `nota_do_milhao` = true, `nfse` = true, `nfts` = true, `guia_iss` = true, `encerra_dctfweb` = true",
2026-02-02T09:42:34:   sqlState: '23000',
2026-02-02T09:42:34:   sqlMessage: "Duplicate entry '1517-1' for key 'empresas.unique_cod_completo'"
2026-02-02T09:42:34: }
2026-02-02T09:43:55: Error: Duplicate entry '0266-1' for key 'empresas.unique_cod_completo'
2026-02-02T09:43:55:     at PromisePool.query (C:\Users\00106\Desktop\IMPLEMENTAÇÃO\backend\node_modules\mysql2\lib\promise\pool.js:36:22)
2026-02-02T09:43:55:     at exports.criar (C:\Users\00106\Desktop\IMPLEMENTAÇÃO\backend\src\controllers\empresas.controller.js:41:14)
2026-02-02T09:43:55:     at Layer.handleRequest (C:\Users\00106\Desktop\IMPLEMENTAÇÃO\backend\node_modules\router\lib\layer.js:152:17)
2026-02-02T09:43:55:     at next (C:\Users\00106\Desktop\IMPLEMENTAÇÃO\backend\node_modules\router\lib\route.js:157:13)
2026-02-02T09:43:55:     at auth (C:\Users\00106\Desktop\IMPLEMENTAÇÃO\backend\src\middleware\auth.js:32:5)
2026-02-02T09:43:55:     at process.processTicksAndRejections (node:internal/process/task_queues:103:5) {
2026-02-02T09:43:55:   code: 'ER_DUP_ENTRY',
2026-02-02T09:43:55:   errno: 1062,
2026-02-02T09:43:55:   sql: "INSERT INTO empresas SET `razao_social` = 'TENNIS HILL ACADEMIA E EQUIPAMENTOS LTDA', `cod_completo` = '0266-1', `cod` = '0266', `filial` = '01', `municipio` = 'CARAPICUIBA', `cnpj` = '57261836000167', `ccm` = '00000000', `regime_tributario` = 'SIMPLES NACIONAL', `dia_previa_1` = '1', `dia_previa_2` = '0', `data_guia_iss` = '6', `nota_do_milhao` = false, `nfse` = false, `nfts` = false, `guia_iss` = true, `encerra_dctfweb` = true",
2026-02-02T09:43:55:   sqlState: '23000',
2026-02-02T09:43:55:   sqlMessage: "Duplicate entry '0266-1' for key 'empresas.unique_cod_completo'"
2026-02-02T09:43:55: }
2026-02-02T09:45:15: Error: Duplicate entry '1518-1' for key 'empresas.unique_cod_completo'
2026-02-02T09:45:15:     at PromisePool.query (C:\Users\00106\Desktop\IMPLEMENTAÇÃO\backend\node_modules\mysql2\lib\promise\pool.js:36:22)
2026-02-02T09:45:15:     at exports.criar (C:\Users\00106\Desktop\IMPLEMENTAÇÃO\backend\src\controllers\empresas.controller.js:41:14)
2026-02-02T09:45:15:     at Layer.handleRequest (C:\Users\00106\Desktop\IMPLEMENTAÇÃO\backend\node_modules\router\lib\layer.js:152:17)
2026-02-02T09:45:15:     at next (C:\Users\00106\Desktop\IMPLEMENTAÇÃO\backend\node_modules\router\lib\route.js:157:13)
2026-02-02T09:45:15:     at auth (C:\Users\00106\Desktop\IMPLEMENTAÇÃO\backend\src\middleware\auth.js:32:5)
2026-02-02T09:45:15:     at process.processTicksAndRejections (node:internal/process/task_queues:103:5) {
2026-02-02T09:45:15:   code: 'ER_DUP_ENTRY',
2026-02-02T09:45:15:   errno: 1062,
2026-02-02T09:45:15:   sql: "INSERT INTO empresas SET `razao_social` = 'OMAR REYES MANCILLA SERVICOS ADMINISTRATIVOS', `cod_completo` = '1518-1', `cod` = '1518', `filial` = '01', `municipio` = 'ASSIS', `cnpj` = '27239645000138', `ccm` = '00000000', `regime_tributario` = 'SIMPLES NACIONAL', `dia_previa_1` = '0', `dia_previa_2` = '0', `data_guia_iss` = '6', `nota_do_milhao` = false, `nfse` = false, `nfts` = false, `guia_iss` = true, `encerra_dctfweb` = true",
2026-02-02T09:45:15:   sqlState: '23000',
2026-02-02T09:45:15:   sqlMessage: "Duplicate entry '1518-1' for key 'empresas.unique_cod_completo'"
2026-02-02T09:45:15: }
2026-02-02T09:46:44: Error: Duplicate entry '1519-1' for key 'empresas.unique_cod_completo'
2026-02-02T09:46:44:     at PromisePool.query (C:\Users\00106\Desktop\IMPLEMENTAÇÃO\backend\node_modules\mysql2\lib\promise\pool.js:36:22)
2026-02-02T09:46:44:     at exports.criar (C:\Users\00106\Desktop\IMPLEMENTAÇÃO\backend\src\controllers\empresas.controller.js:41:14)
2026-02-02T09:46:44:     at Layer.handleRequest (C:\Users\00106\Desktop\IMPLEMENTAÇÃO\backend\node_modules\router\lib\layer.js:152:17)
2026-02-02T09:46:44:     at next (C:\Users\00106\Desktop\IMPLEMENTAÇÃO\backend\node_modules\router\lib\route.js:157:13)
2026-02-02T09:46:44:     at auth (C:\Users\00106\Desktop\IMPLEMENTAÇÃO\backend\src\middleware\auth.js:32:5)
2026-02-02T09:46:44:     at process.processTicksAndRejections (node:internal/process/task_queues:103:5) {
2026-02-02T09:46:44:   code: 'ER_DUP_ENTRY',
2026-02-02T09:46:44:   errno: 1062,
2026-02-02T09:46:44:   sql: "INSERT INTO empresas SET `razao_social` = 'AIMI EV MOTORS LTDA', `cod_completo` = '1519-1', `cod` = '1519', `filial` = '01', `municipio` = 'SÃO PAULO', `cnpj` = '60909247000157', `ccm` = '18371825', `regime_tributario` = 'LUCRO PRESUMIDO', `dia_previa_1` = '0', `dia_previa_2` = '11', `data_guia_iss` = '6', `nota_do_milhao` = true, `nfse` = true, `nfts` = true, `guia_iss` = true, `encerra_dctfweb` = true",
2026-02-02T09:46:44:   sqlState: '23000',
2026-02-02T09:46:44:   sqlMessage: "Duplicate entry '1519-1' for key 'empresas.unique_cod_completo'"
2026-02-02T09:46:44: }
2026-02-02T09:48:02: Error: Duplicate entry '1518-1' for key 'empresas.unique_cod_completo'
2026-02-02T09:48:02:     at PromisePool.query (C:\Users\00106\Desktop\IMPLEMENTAÇÃO\backend\node_modules\mysql2\lib\promise\pool.js:36:22)
2026-02-02T09:48:02:     at exports.criar (C:\Users\00106\Desktop\IMPLEMENTAÇÃO\backend\src\controllers\empresas.controller.js:41:14)
2026-02-02T09:48:02:     at Layer.handleRequest (C:\Users\00106\Desktop\IMPLEMENTAÇÃO\backend\node_modules\router\lib\layer.js:152:17)
2026-02-02T09:48:02:     at next (C:\Users\00106\Desktop\IMPLEMENTAÇÃO\backend\node_modules\router\lib\route.js:157:13)
2026-02-02T09:48:02:     at auth (C:\Users\00106\Desktop\IMPLEMENTAÇÃO\backend\src\middleware\auth.js:32:5)
2026-02-02T09:48:02:     at process.processTicksAndRejections (node:internal/process/task_queues:103:5) {
2026-02-02T09:48:02:   code: 'ER_DUP_ENTRY',
2026-02-02T09:48:02:   errno: 1062,
2026-02-02T09:48:02:   sql: "INSERT INTO empresas SET `razao_social` = 'OMAR REYES MANCILLA SERVICOS ADMINISTRATIVOS', `cod_completo` = '1518-1', `cod` = '1518', `filial` = '01', `municipio` = 'ASSIS', `cnpj` = '27239645000138', `ccm` = '00000000', `regime_tributario` = 'SIMPLES NACIONAL', `dia_previa_1` = '0', `dia_previa_2` = '0', `data_guia_iss` = '6', `nota_do_milhao` = false, `nfse` = false, `nfts` = false, `guia_iss` = true, `encerra_dctfweb` = true",
2026-02-02T09:48:02:   sqlState: '23000',
2026-02-02T09:48:02:   sqlMessage: "Duplicate entry '1518-1' for key 'empresas.unique_cod_completo'"
2026-02-02T09:48:02: }
2026-02-02T09:49:41: Error: Duplicate entry '1522-1' for key 'empresas.unique_cod_completo'
2026-02-02T09:49:41:     at PromisePool.query (C:\Users\00106\Desktop\IMPLEMENTAÇÃO\backend\node_modules\mysql2\lib\promise\pool.js:36:22)
2026-02-02T09:49:41:     at exports.criar (C:\Users\00106\Desktop\IMPLEMENTAÇÃO\backend\src\controllers\empresas.controller.js:41:14)
2026-02-02T09:49:41:     at Layer.handleRequest (C:\Users\00106\Desktop\IMPLEMENTAÇÃO\backend\node_modules\router\lib\layer.js:152:17)
2026-02-02T09:49:41:     at next (C:\Users\00106\Desktop\IMPLEMENTAÇÃO\backend\node_modules\router\lib\route.js:157:13)
2026-02-02T09:49:41:     at auth (C:\Users\00106\Desktop\IMPLEMENTAÇÃO\backend\src\middleware\auth.js:32:5)
2026-02-02T09:49:41:     at process.processTicksAndRejections (node:internal/process/task_queues:103:5) {
2026-02-02T09:49:41:   code: 'ER_DUP_ENTRY',
2026-02-02T09:49:41:   errno: 1062,
2026-02-02T09:49:41:   sql: "INSERT INTO empresas SET `razao_social` = 'PRISCILA ELAINE CREPALDI DE LIMA', `cod_completo` = '1522-1', `cod` = '1522', `filial` = '01', `municipio` = 'SÃO PAULO', `cnpj` = '48305443000117', `ccm` = '74829823', `regime_tributario` = 'SIMPLES NACIONAL', `dia_previa_1` = '1', `dia_previa_2` = '11', `data_guia_iss` = '6', `nota_do_milhao` = true, `nfse` = true, `nfts` = true, `guia_iss` = true, `encerra_dctfweb` = true",
2026-02-02T09:49:41:   sqlState: '23000',
2026-02-02T09:49:41:   sqlMessage: "Duplicate entry '1522-1' for key 'empresas.unique_cod_completo'"
2026-02-02T09:49:41: }
2026-02-02T09:51:07: Error: Duplicate entry '1523-1' for key 'empresas.unique_cod_completo'
2026-02-02T09:51:07:     at PromisePool.query (C:\Users\00106\Desktop\IMPLEMENTAÇÃO\backend\node_modules\mysql2\lib\promise\pool.js:36:22)
2026-02-02T09:51:07:     at exports.criar (C:\Users\00106\Desktop\IMPLEMENTAÇÃO\backend\src\controllers\empresas.controller.js:41:14)
2026-02-02T09:51:07:     at Layer.handleRequest (C:\Users\00106\Desktop\IMPLEMENTAÇÃO\backend\node_modules\router\lib\layer.js:152:17)
2026-02-02T09:51:07:     at next (C:\Users\00106\Desktop\IMPLEMENTAÇÃO\backend\node_modules\router\lib\route.js:157:13)
2026-02-02T09:51:07:     at auth (C:\Users\00106\Desktop\IMPLEMENTAÇÃO\backend\src\middleware\auth.js:32:5)
2026-02-02T09:51:07:     at process.processTicksAndRejections (node:internal/process/task_queues:103:5) {
2026-02-02T09:51:07:   code: 'ER_DUP_ENTRY',
2026-02-02T09:51:07:   errno: 1062,
2026-02-02T09:51:07:   sql: "INSERT INTO empresas SET `razao_social` = 'CLINICA DE PSICOLOGIA PATTY RODRIGUES GOMES LTDA', `cod_completo` = '1523-1', `cod` = '1523', `filial` = '01', `municipio` = 'SÃO PAULO', `cnpj` = '62619248000192', `ccm` = '19844190', `regime_tributario` = 'LUCRO PRESUMIDO', `dia_previa_1` = '1', `dia_previa_2` = '11', `data_guia_iss` = '6', `nota_do_milhao` = true, `nfse` = true, `nfts` = true, `guia_iss` = true, `encerra_dctfweb` = true",
2026-02-02T09:51:07:   sqlState: '23000',
2026-02-02T09:51:07:   sqlMessage: "Duplicate entry '1523-1' for key 'empresas.unique_cod_completo'"
2026-02-02T09:51:07: }
2026-02-02T09:52:42: Error: Duplicate entry '1524-1' for key 'empresas.unique_cod_completo'
2026-02-02T09:52:42:     at PromisePool.query (C:\Users\00106\Desktop\IMPLEMENTAÇÃO\backend\node_modules\mysql2\lib\promise\pool.js:36:22)
2026-02-02T09:52:42:     at exports.criar (C:\Users\00106\Desktop\IMPLEMENTAÇÃO\backend\src\controllers\empresas.controller.js:41:14)
2026-02-02T09:52:42:     at Layer.handleRequest (C:\Users\00106\Desktop\IMPLEMENTAÇÃO\backend\node_modules\router\lib\layer.js:152:17)
2026-02-02T09:52:42:     at next (C:\Users\00106\Desktop\IMPLEMENTAÇÃO\backend\node_modules\router\lib\route.js:157:13)
2026-02-02T09:52:42:     at auth (C:\Users\00106\Desktop\IMPLEMENTAÇÃO\backend\src\middleware\auth.js:32:5)
2026-02-02T09:52:42:     at process.processTicksAndRejections (node:internal/process/task_queues:103:5) {
2026-02-02T09:52:42:   code: 'ER_DUP_ENTRY',
2026-02-02T09:52:42:   errno: 1062,
2026-02-02T09:52:42:   sql: "INSERT INTO empresas SET `razao_social` = 'LEO CAFE LTDA', `cod_completo` = '1524-1', `cod` = '1524', `filial` = '01', `municipio` = 'SÃO PAULO', `cnpj` = '62650900000131', `ccm` = '19915730', `regime_tributario` = 'SIMPLES NACIONAL', `dia_previa_1` = '1', `dia_previa_2` = '11', `data_guia_iss` = '6', `nota_do_milhao` = true, `nfse` = true, `nfts` = true, `guia_iss` = true, `encerra_dctfweb` = true",
2026-02-02T09:52:42:   sqlState: '23000',
2026-02-02T09:52:42:   sqlMessage: "Duplicate entry '1524-1' for key 'empresas.unique_cod_completo'"
2026-02-02T09:52:42: }
2026-02-02T09:54:12: Error: Duplicate entry '1525-1' for key 'empresas.unique_cod_completo'
2026-02-02T09:54:12:     at PromisePool.query (C:\Users\00106\Desktop\IMPLEMENTAÇÃO\backend\node_modules\mysql2\lib\promise\pool.js:36:22)
2026-02-02T09:54:12:     at exports.criar (C:\Users\00106\Desktop\IMPLEMENTAÇÃO\backend\src\controllers\empresas.controller.js:41:14)
2026-02-02T09:54:12:     at Layer.handleRequest (C:\Users\00106\Desktop\IMPLEMENTAÇÃO\backend\node_modules\router\lib\layer.js:152:17)
2026-02-02T09:54:12:     at next (C:\Users\00106\Desktop\IMPLEMENTAÇÃO\backend\node_modules\router\lib\route.js:157:13)
2026-02-02T09:54:12:     at auth (C:\Users\00106\Desktop\IMPLEMENTAÇÃO\backend\src\middleware\auth.js:32:5)
2026-02-02T09:54:12:     at process.processTicksAndRejections (node:internal/process/task_queues:103:5) {
2026-02-02T09:54:12:   code: 'ER_DUP_ENTRY',
2026-02-02T09:54:12:   errno: 1062,
2026-02-02T09:54:12:   sql: "INSERT INTO empresas SET `razao_social` = 'EDIFICIO MARIA HELENA', `cod_completo` = '1525-1', `cod` = '1525', `filial` = '01', `municipio` = 'SÃO PAULO', `cnpj` = '62801142000105', `ccm` = '00287385', `regime_tributario` = 'IMUNE/INSENTO', `dia_previa_1` = '1', `dia_previa_2` = '11', `data_guia_iss` = '6', `nota_do_milhao` = true, `nfse` = true, `nfts` = true, `guia_iss` = true, `encerra_dctfweb` = true",
2026-02-02T09:54:12:   sqlState: '23000',
2026-02-02T09:54:12:   sqlMessage: "Duplicate entry '1525-1' for key 'empresas.unique_cod_completo'"
2026-02-02T09:54:12: }
2026-02-02T09:55:36: Error: Duplicate entry '1526-1' for key 'empresas.unique_cod_completo'
2026-02-02T09:55:36:     at PromisePool.query (C:\Users\00106\Desktop\IMPLEMENTAÇÃO\backend\node_modules\mysql2\lib\promise\pool.js:36:22)
2026-02-02T09:55:36:     at exports.criar (C:\Users\00106\Desktop\IMPLEMENTAÇÃO\backend\src\controllers\empresas.controller.js:41:14)
2026-02-02T09:55:36:     at Layer.handleRequest (C:\Users\00106\Desktop\IMPLEMENTAÇÃO\backend\node_modules\router\lib\layer.js:152:17)
2026-02-02T09:55:36:     at next (C:\Users\00106\Desktop\IMPLEMENTAÇÃO\backend\node_modules\router\lib\route.js:157:13)
2026-02-02T09:55:36:     at auth (C:\Users\00106\Desktop\IMPLEMENTAÇÃO\backend\src\middleware\auth.js:32:5)
2026-02-02T09:55:36:     at process.processTicksAndRejections (node:internal/process/task_queues:103:5) {
2026-02-02T09:55:36:   code: 'ER_DUP_ENTRY',
2026-02-02T09:55:36:   errno: 1062,
2026-02-02T09:55:36:   sql: "INSERT INTO empresas SET `razao_social` = 'HND IMPORTADORA LTDA', `cod_completo` = '1526-1', `cod` = '1526', `filial` = '01', `municipio` = 'SÃO PAULO', `cnpj` = '59166118000218', `ccm` = '00406791', `regime_tributario` = 'LUCRO PRESUMIDO', `dia_previa_1` = '1', `dia_previa_2` = '11', `data_guia_iss` = '6', `nota_do_milhao` = true, `nfse` = true, `nfts` = true, `guia_iss` = true, `encerra_dctfweb` = false",
2026-02-02T09:55:36:   sqlState: '23000',
2026-02-02T09:55:36:   sqlMessage: "Duplicate entry '1526-1' for key 'empresas.unique_cod_completo'"
2026-02-02T09:55:36: }
2026-02-02T09:57:02: Error: Duplicate entry '1527-1' for key 'empresas.unique_cod_completo'
2026-02-02T09:57:02:     at PromisePool.query (C:\Users\00106\Desktop\IMPLEMENTAÇÃO\backend\node_modules\mysql2\lib\promise\pool.js:36:22)
2026-02-02T09:57:02:     at exports.criar (C:\Users\00106\Desktop\IMPLEMENTAÇÃO\backend\src\controllers\empresas.controller.js:41:14)
2026-02-02T09:57:02:     at Layer.handleRequest (C:\Users\00106\Desktop\IMPLEMENTAÇÃO\backend\node_modules\router\lib\layer.js:152:17)
2026-02-02T09:57:02:     at next (C:\Users\00106\Desktop\IMPLEMENTAÇÃO\backend\node_modules\router\lib\route.js:157:13)
2026-02-02T09:57:02:     at auth (C:\Users\00106\Desktop\IMPLEMENTAÇÃO\backend\src\middleware\auth.js:32:5)
2026-02-02T09:57:02:     at process.processTicksAndRejections (node:internal/process/task_queues:103:5) {
2026-02-02T09:57:02:   code: 'ER_DUP_ENTRY',
2026-02-02T09:57:02:   errno: 1062,
2026-02-02T09:57:02:   sql: "INSERT INTO empresas SET `razao_social` = 'DUGAR EMPREENDIMENTOS E PARTICIPACOES LTDA', `cod_completo` = '1527-1', `cod` = '1527', `filial` = '01', `municipio` = 'SÃO PAULO', `cnpj` = '62808373000140', `ccm` = '10334149', `regime_tributario` = 'LUCRO PRESUMIDO', `dia_previa_1` = '1', `dia_previa_2` = '11', `data_guia_iss` = '6', `nota_do_milhao` = true, `nfse` = true, `nfts` = true, `guia_iss` = true, `encerra_dctfweb` = true",
2026-02-02T09:57:02:   sqlState: '23000',
2026-02-02T09:57:02:   sqlMessage: "Duplicate entry '1527-1' for key 'empresas.unique_cod_completo'"
2026-02-02T09:57:02: }
2026-02-02T09:58:36: Error: Duplicate entry '1528-1' for key 'empresas.unique_cod_completo'
2026-02-02T09:58:36:     at PromisePool.query (C:\Users\00106\Desktop\IMPLEMENTAÇÃO\backend\node_modules\mysql2\lib\promise\pool.js:36:22)
2026-02-02T09:58:36:     at exports.criar (C:\Users\00106\Desktop\IMPLEMENTAÇÃO\backend\src\controllers\empresas.controller.js:41:14)
2026-02-02T09:58:36:     at Layer.handleRequest (C:\Users\00106\Desktop\IMPLEMENTAÇÃO\backend\node_modules\router\lib\layer.js:152:17)
2026-02-02T09:58:36:     at next (C:\Users\00106\Desktop\IMPLEMENTAÇÃO\backend\node_modules\router\lib\route.js:157:13)
2026-02-02T09:58:36:     at auth (C:\Users\00106\Desktop\IMPLEMENTAÇÃO\backend\src\middleware\auth.js:32:5)
2026-02-02T09:58:36:     at process.processTicksAndRejections (node:internal/process/task_queues:103:5) {
2026-02-02T09:58:36:   code: 'ER_DUP_ENTRY',
2026-02-02T09:58:36:   errno: 1062,
2026-02-02T09:58:36:   sql: "INSERT INTO empresas SET `razao_social` = 'COFFEE BEAN TECHNOLOGY CONSULTORIA EM MARKETING LIMITADA', `cod_completo` = '1528-1', `cod` = '1528', `filial` = '01', `municipio` = 'SÃO PAULO', `cnpj` = '08881608000184', `ccm` = '00000000', `regime_tributario` = 'LUCRO REAL', `dia_previa_1` = '1', `dia_previa_2` = '11', `data_guia_iss` = '6', `nota_do_milhao` = true, `nfse` = true, `nfts` = true, `guia_iss` = true, `encerra_dctfweb` = true",
2026-02-02T09:58:36:   sqlState: '23000',
2026-02-02T09:58:36:   sqlMessage: "Duplicate entry '1528-1' for key 'empresas.unique_cod_completo'"
2026-02-02T09:58:36: }
2026-02-02T10:01:36: Error: Duplicate entry '1530-1' for key 'empresas.unique_cod_completo'
2026-02-02T10:01:36:     at PromisePool.query (C:\Users\00106\Desktop\IMPLEMENTAÇÃO\backend\node_modules\mysql2\lib\promise\pool.js:36:22)
2026-02-02T10:01:36:     at exports.criar (C:\Users\00106\Desktop\IMPLEMENTAÇÃO\backend\src\controllers\empresas.controller.js:41:14)
2026-02-02T10:01:36:     at Layer.handleRequest (C:\Users\00106\Desktop\IMPLEMENTAÇÃO\backend\node_modules\router\lib\layer.js:152:17)
2026-02-02T10:01:36:     at next (C:\Users\00106\Desktop\IMPLEMENTAÇÃO\backend\node_modules\router\lib\route.js:157:13)
2026-02-02T10:01:36:     at auth (C:\Users\00106\Desktop\IMPLEMENTAÇÃO\backend\src\middleware\auth.js:32:5)
2026-02-02T10:01:36:     at process.processTicksAndRejections (node:internal/process/task_queues:103:5) {
2026-02-02T10:01:36:   code: 'ER_DUP_ENTRY',
2026-02-02T10:01:36:   errno: 1062,
2026-02-02T10:01:36:   sql: "INSERT INTO empresas SET `razao_social` = 'ABCR INOVACOES LTDA', `cod_completo` = '1530-1', `cod` = '1530', `filial` = '01', `municipio` = 'SÃO PAULO', `cnpj` = '64667460000150', `ccm` = '00000000', `regime_tributario` = 'SIMPLES NACIONAL', `dia_previa_1` = '1', `dia_previa_2` = '11', `data_guia_iss` = '6', `nota_do_milhao` = true, `nfse` = true, `nfts` = true, `guia_iss` = true, `encerra_dctfweb` = true",
2026-02-02T10:01:36:   sqlState: '23000',
2026-02-02T10:01:36:   sqlMessage: "Duplicate entry '1530-1' for key 'empresas.unique_cod_completo'"
2026-02-02T10:01:36: }
2026-02-02T10:04:19: Error: Duplicate entry '1531-1' for key 'empresas.unique_cod_completo'
2026-02-02T10:04:19:     at PromisePool.query (C:\Users\00106\Desktop\IMPLEMENTAÇÃO\backend\node_modules\mysql2\lib\promise\pool.js:36:22)
2026-02-02T10:04:19:     at exports.criar (C:\Users\00106\Desktop\IMPLEMENTAÇÃO\backend\src\controllers\empresas.controller.js:41:14)
2026-02-02T10:04:19:     at Layer.handleRequest (C:\Users\00106\Desktop\IMPLEMENTAÇÃO\backend\node_modules\router\lib\layer.js:152:17)
2026-02-02T10:04:19:     at next (C:\Users\00106\Desktop\IMPLEMENTAÇÃO\backend\node_modules\router\lib\route.js:157:13)
2026-02-02T10:04:19:     at auth (C:\Users\00106\Desktop\IMPLEMENTAÇÃO\backend\src\middleware\auth.js:32:5)
2026-02-02T10:04:19:     at process.processTicksAndRejections (node:internal/process/task_queues:103:5) {
2026-02-02T10:04:19:   code: 'ER_DUP_ENTRY',
2026-02-02T10:04:19:   errno: 1062,
2026-02-02T10:04:19:   sql: "INSERT INTO empresas SET `razao_social` = 'NEOS GRIFFIN TECNOLOGIA E SERVICOS LTDA', `cod_completo` = '1531-1', `cod` = '1531', `filial` = '01', `municipio` = 'SÃO PAULO', `cnpj` = '33224488000190', `ccm` = '62263650', `regime_tributario` = 'SIMPLES NACIONAL', `dia_previa_1` = '1', `dia_previa_2` = '11', `data_guia_iss` = '6', `nota_do_milhao` = true, `nfse` = true, `nfts` = true, `guia_iss` = true, `encerra_dctfweb` = true",
2026-02-02T10:04:19:   sqlState: '23000',
2026-02-02T10:04:19:   sqlMessage: "Duplicate entry '1531-1' for key 'empresas.unique_cod_completo'"
2026-02-02T10:04:19: }
2026-02-02T10:07:43: Error: Duplicate entry '0013-1' for key 'empresas.unique_cod_completo'
2026-02-02T10:07:43:     at PromisePool.query (C:\Users\00106\Desktop\IMPLEMENTAÇÃO\backend\node_modules\mysql2\lib\promise\pool.js:36:22)
2026-02-02T10:07:43:     at exports.criar (C:\Users\00106\Desktop\IMPLEMENTAÇÃO\backend\src\controllers\empresas.controller.js:41:14)
2026-02-02T10:07:43:     at Layer.handleRequest (C:\Users\00106\Desktop\IMPLEMENTAÇÃO\backend\node_modules\router\lib\layer.js:152:17)
2026-02-02T10:07:43:     at next (C:\Users\00106\Desktop\IMPLEMENTAÇÃO\backend\node_modules\router\lib\route.js:157:13)
2026-02-02T10:07:43:     at auth (C:\Users\00106\Desktop\IMPLEMENTAÇÃO\backend\src\middleware\auth.js:32:5)
2026-02-02T10:07:43:     at process.processTicksAndRejections (node:internal/process/task_queues:103:5) {
2026-02-02T10:07:43:   code: 'ER_DUP_ENTRY',
2026-02-02T10:07:43:   errno: 1062,
2026-02-02T10:07:43:   sql: "INSERT INTO empresas SET `razao_social` = 'PRINTEC COMUNICACAO LTDA', `cod_completo` = '0013-1', `cod` = '0013', `filial` = '01', `municipio` = 'SÃO PAULO', `cnpj` = '45729324000101', `ccm` = '86439758', `regime_tributario` = 'SIMPLES NACIONAL', `dia_previa_1` = '1', `dia_previa_2` = '11', `data_guia_iss` = '6', `nota_do_milhao` = true, `nfse` = true, `nfts` = true, `guia_iss` = true, `encerra_dctfweb` = true",
2026-02-02T10:07:43:   sqlState: '23000',
2026-02-02T10:07:43:   sqlMessage: "Duplicate entry '0013-1' for key 'empresas.unique_cod_completo'"
2026-02-02T10:07:43: }
2026-02-02T10:09:22: Error: Duplicate entry '0132-1' for key 'empresas.unique_cod_completo'
2026-02-02T10:09:22:     at PromisePool.query (C:\Users\00106\Desktop\IMPLEMENTAÇÃO\backend\node_modules\mysql2\lib\promise\pool.js:36:22)
2026-02-02T10:09:22:     at exports.criar (C:\Users\00106\Desktop\IMPLEMENTAÇÃO\backend\src\controllers\empresas.controller.js:41:14)
2026-02-02T10:09:22:     at Layer.handleRequest (C:\Users\00106\Desktop\IMPLEMENTAÇÃO\backend\node_modules\router\lib\layer.js:152:17)
2026-02-02T10:09:22:     at next (C:\Users\00106\Desktop\IMPLEMENTAÇÃO\backend\node_modules\router\lib\route.js:157:13)
2026-02-02T10:09:22:     at auth (C:\Users\00106\Desktop\IMPLEMENTAÇÃO\backend\src\middleware\auth.js:32:5)
2026-02-02T10:09:22:     at process.processTicksAndRejections (node:internal/process/task_queues:103:5) {
2026-02-02T10:09:22:   code: 'ER_DUP_ENTRY',
2026-02-02T10:09:22:   errno: 1062,
2026-02-02T10:09:22:   sql: "INSERT INTO empresas SET `razao_social` = 'AZEVEDO - NEGOCIOS IMOBILIARIOS LTDA', `cod_completo` = '0132-1', `cod` = '0132', `filial` = '01', `municipio` = 'SÃO PAULO', `cnpj` = '57353526000172', `ccm` = '94138893', `regime_tributario` = 'SIMPLES NACIONAL', `dia_previa_1` = '1', `dia_previa_2` = '6', `data_guia_iss` = '6', `nota_do_milhao` = true, `nfse` = true, `nfts` = true, `guia_iss` = true, `encerra_dctfweb` = true",
2026-02-02T10:09:22:   sqlState: '23000',
2026-02-02T10:09:22:   sqlMessage: "Duplicate entry '0132-1' for key 'empresas.unique_cod_completo'"
2026-02-02T10:09:22: }
2026-02-02T10:12:30: Error: Duplicate entry '0212-1' for key 'empresas.unique_cod_completo'
2026-02-02T10:12:30:     at PromisePool.query (C:\Users\00106\Desktop\IMPLEMENTAÇÃO\backend\node_modules\mysql2\lib\promise\pool.js:36:22)
2026-02-02T10:12:30:     at exports.criar (C:\Users\00106\Desktop\IMPLEMENTAÇÃO\backend\src\controllers\empresas.controller.js:41:14)
2026-02-02T10:12:30:     at Layer.handleRequest (C:\Users\00106\Desktop\IMPLEMENTAÇÃO\backend\node_modules\router\lib\layer.js:152:17)
2026-02-02T10:12:30:     at next (C:\Users\00106\Desktop\IMPLEMENTAÇÃO\backend\node_modules\router\lib\route.js:157:13)
2026-02-02T10:12:30:     at auth (C:\Users\00106\Desktop\IMPLEMENTAÇÃO\backend\src\middleware\auth.js:32:5)
2026-02-02T10:12:30:     at process.processTicksAndRejections (node:internal/process/task_queues:103:5) {
2026-02-02T10:12:30:   code: 'ER_DUP_ENTRY',
2026-02-02T10:12:30:   errno: 1062,
2026-02-02T10:12:30:   sql: "INSERT INTO empresas SET `razao_social` = 'REGISTRO SERVICOS DE APOIO ADMINISTRATIVO LTDA', `cod_completo` = '0212-1', `cod` = '0212', `filial` = '01', `municipio` = 'SÃO PAULO', `cnpj` = '02761673000190', `ccm` = '27296040', `regime_tributario` = 'SIMPLES NACIONAL', `dia_previa_1` = '1', `dia_previa_2` = '11', `data_guia_iss` = '6', `nota_do_milhao` = true, `nfse` = true, `nfts` = true, `guia_iss` = true, `encerra_dctfweb` = true",
2026-02-02T10:12:30:   sqlState: '23000',
2026-02-02T10:12:30:   sqlMessage: "Duplicate entry '0212-1' for key 'empresas.unique_cod_completo'"
2026-02-02T10:12:30: }
2026-02-02T10:14:04: Error: Duplicate entry '0296-1' for key 'empresas.unique_cod_completo'
2026-02-02T10:14:04:     at PromisePool.query (C:\Users\00106\Desktop\IMPLEMENTAÇÃO\backend\node_modules\mysql2\lib\promise\pool.js:36:22)
2026-02-02T10:14:04:     at exports.criar (C:\Users\00106\Desktop\IMPLEMENTAÇÃO\backend\src\controllers\empresas.controller.js:41:14)
2026-02-02T10:14:04:     at Layer.handleRequest (C:\Users\00106\Desktop\IMPLEMENTAÇÃO\backend\node_modules\router\lib\layer.js:152:17)
2026-02-02T10:14:04:     at next (C:\Users\00106\Desktop\IMPLEMENTAÇÃO\backend\node_modules\router\lib\route.js:157:13)
2026-02-02T10:14:04:     at auth (C:\Users\00106\Desktop\IMPLEMENTAÇÃO\backend\src\middleware\auth.js:32:5)
2026-02-02T10:14:04:     at process.processTicksAndRejections (node:internal/process/task_queues:103:5) {
2026-02-02T10:14:04:   code: 'ER_DUP_ENTRY',
2026-02-02T10:14:04:   errno: 1062,
2026-02-02T10:14:04:   sql: "INSERT INTO empresas SET `razao_social` = 'LEGALIZACAO SERVICOS E APOIO ADMINISTRATIVO LTDA', `cod_completo` = '0296-1', `cod` = '0296', `filial` = '01', `municipio` = 'SÃO PAULO', `cnpj` = '02819484000120', `ccm` = '27360580', `regime_tributario` = 'SIMPLES NACIONAL', `dia_previa_1` = '1', `dia_previa_2` = '11', `data_guia_iss` = '6', `nota_do_milhao` = true, `nfse` = true, `nfts` = true, `guia_iss` = true, `encerra_dctfweb` = true",
2026-02-02T10:14:04:   sqlState: '23000',
2026-02-02T10:14:04:   sqlMessage: "Duplicate entry '0296-1' for key 'empresas.unique_cod_completo'"
2026-02-02T10:14:04: }
2026-02-02T10:15:36: Error: Duplicate entry '0550-1' for key 'empresas.unique_cod_completo'
2026-02-02T10:15:36:     at PromisePool.query (C:\Users\00106\Desktop\IMPLEMENTAÇÃO\backend\node_modules\mysql2\lib\promise\pool.js:36:22)
2026-02-02T10:15:36:     at exports.criar (C:\Users\00106\Desktop\IMPLEMENTAÇÃO\backend\src\controllers\empresas.controller.js:41:14)
2026-02-02T10:15:36:     at Layer.handleRequest (C:\Users\00106\Desktop\IMPLEMENTAÇÃO\backend\node_modules\router\lib\layer.js:152:17)
2026-02-02T10:15:36:     at next (C:\Users\00106\Desktop\IMPLEMENTAÇÃO\backend\node_modules\router\lib\route.js:157:13)
2026-02-02T10:15:36:     at auth (C:\Users\00106\Desktop\IMPLEMENTAÇÃO\backend\src\middleware\auth.js:32:5)
2026-02-02T10:15:36:     at process.processTicksAndRejections (node:internal/process/task_queues:103:5) {
2026-02-02T10:15:36:   code: 'ER_DUP_ENTRY',
2026-02-02T10:15:36:   errno: 1062,
2026-02-02T10:15:36:   sql: "INSERT INTO empresas SET `razao_social` = 'SPACO CONSULTORIA IMOBILIARIA LTDA', `cod_completo` = '0550-1', `cod` = '0550', `filial` = '01', `municipio` = 'SÃO PAULO', `cnpj` = '03188529000179', `ccm` = '27938433', `regime_tributario` = 'SIMPLES NACIONAL', `dia_previa_1` = '1', `dia_previa_2` = '11', `data_guia_iss` = '6', `nota_do_milhao` = true, `nfse` = true, `nfts` = true, `guia_iss` = true, `encerra_dctfweb` = true",
2026-02-02T10:15:36:   sqlState: '23000',
2026-02-02T10:15:36:   sqlMessage: "Duplicate entry '0550-1' for key 'empresas.unique_cod_completo'"
2026-02-02T10:15:36: }
2026-02-02T10:17:09: Error: Duplicate entry '0979-1' for key 'empresas.unique_cod_completo'
2026-02-02T10:17:09:     at PromisePool.query (C:\Users\00106\Desktop\IMPLEMENTAÇÃO\backend\node_modules\mysql2\lib\promise\pool.js:36:22)
2026-02-02T10:17:09:     at exports.criar (C:\Users\00106\Desktop\IMPLEMENTAÇÃO\backend\src\controllers\empresas.controller.js:41:14)
2026-02-02T10:17:09:     at Layer.handleRequest (C:\Users\00106\Desktop\IMPLEMENTAÇÃO\backend\node_modules\router\lib\layer.js:152:17)
2026-02-02T10:17:09:     at next (C:\Users\00106\Desktop\IMPLEMENTAÇÃO\backend\node_modules\router\lib\route.js:157:13)
2026-02-02T10:17:09:     at auth (C:\Users\00106\Desktop\IMPLEMENTAÇÃO\backend\src\middleware\auth.js:32:5)
2026-02-02T10:17:09:     at process.processTicksAndRejections (node:internal/process/task_queues:103:5) {
2026-02-02T10:17:09:   code: 'ER_DUP_ENTRY',
2026-02-02T10:17:09:   errno: 1062,
2026-02-02T10:17:09:   sql: "INSERT INTO empresas SET `razao_social` = 'EXXATAS ATELIER DE COSTURAS LTDA', `cod_completo` = '0979-1', `cod` = '0979', `filial` = '01', `municipio` = 'SÃO PAULO', `cnpj` = '08636612000187', `ccm` = '36047490', `regime_tributario` = 'SIMPLES NACIONAL', `dia_previa_1` = '1', `dia_previa_2` = '11', `data_guia_iss` = '6', `nota_do_milhao` = true, `nfse` = true, `nfts` = true, `guia_iss` = true, `encerra_dctfweb` = true",
2026-02-02T10:17:09:   sqlState: '23000',
2026-02-02T10:17:09:   sqlMessage: "Duplicate entry '0979-1' for key 'empresas.unique_cod_completo'"
2026-02-02T10:17:09: }
2026-02-02T10:18:42: Error: Duplicate entry '0988-1' for key 'empresas.unique_cod_completo'
2026-02-02T10:18:42:     at PromisePool.query (C:\Users\00106\Desktop\IMPLEMENTAÇÃO\backend\node_modules\mysql2\lib\promise\pool.js:36:22)
2026-02-02T10:18:42:     at exports.criar (C:\Users\00106\Desktop\IMPLEMENTAÇÃO\backend\src\controllers\empresas.controller.js:41:14)
2026-02-02T10:18:42:     at Layer.handleRequest (C:\Users\00106\Desktop\IMPLEMENTAÇÃO\backend\node_modules\router\lib\layer.js:152:17)
2026-02-02T10:18:42:     at next (C:\Users\00106\Desktop\IMPLEMENTAÇÃO\backend\node_modules\router\lib\route.js:157:13)
2026-02-02T10:18:42:     at auth (C:\Users\00106\Desktop\IMPLEMENTAÇÃO\backend\src\middleware\auth.js:32:5)
2026-02-02T10:18:42:     at process.processTicksAndRejections (node:internal/process/task_queues:103:5) {
2026-02-02T10:18:42:   code: 'ER_DUP_ENTRY',
2026-02-02T10:18:42:   errno: 1062,
2026-02-02T10:18:42:   sql: "INSERT INTO empresas SET `razao_social` = 'MARSYL SERVICOS DE TELEMARKETING LTDA', `cod_completo` = '0988-1', `cod` = '0988', `filial` = '01', `municipio` = 'SÃO PAULO', `cnpj` = '08744584000111', `ccm` = '36206903', `regime_tributario` = 'SIMPLES NACIONAL', `dia_previa_1` = '1', `dia_previa_2` = '11', `data_guia_iss` = '6', `nota_do_milhao` = true, `nfse` = true, `nfts` = true, `guia_iss` = true, `encerra_dctfweb` = true",
2026-02-02T10:18:42:   sqlState: '23000',
2026-02-02T10:18:42:   sqlMessage: "Duplicate entry '0988-1' for key 'empresas.unique_cod_completo'"
2026-02-02T10:18:42: }
2026-02-02T10:20:22: Error: Duplicate entry '1018-1' for key 'empresas.unique_cod_completo'
2026-02-02T10:20:22:     at PromisePool.query (C:\Users\00106\Desktop\IMPLEMENTAÇÃO\backend\node_modules\mysql2\lib\promise\pool.js:36:22)
2026-02-02T10:20:22:     at exports.criar (C:\Users\00106\Desktop\IMPLEMENTAÇÃO\backend\src\controllers\empresas.controller.js:41:14)
2026-02-02T10:20:22:     at Layer.handleRequest (C:\Users\00106\Desktop\IMPLEMENTAÇÃO\backend\node_modules\router\lib\layer.js:152:17)
2026-02-02T10:20:22:     at next (C:\Users\00106\Desktop\IMPLEMENTAÇÃO\backend\node_modules\router\lib\route.js:157:13)
2026-02-02T10:20:22:     at auth (C:\Users\00106\Desktop\IMPLEMENTAÇÃO\backend\src\middleware\auth.js:32:5)
2026-02-02T10:20:22:     at process.processTicksAndRejections (node:internal/process/task_queues:103:5) {
2026-02-02T10:20:22:   code: 'ER_DUP_ENTRY',
2026-02-02T10:20:22:   errno: 1062,
2026-02-02T10:20:22:   sql: "INSERT INTO empresas SET `razao_social` = 'BIASI DESIGN LTDA', `cod_completo` = '1018-1', `cod` = '1018', `filial` = '01', `municipio` = 'SÃO PAULO', `cnpj` = '04994402000100', `ccm` = '31119131', `regime_tributario` = 'SIMPLES NACIONAL', `dia_previa_1` = '1', `dia_previa_2` = '11', `data_guia_iss` = '6', `nota_do_milhao` = true, `nfse` = true, `nfts` = true, `guia_iss` = true, `encerra_dctfweb` = true",
2026-02-02T10:20:22:   sqlState: '23000',
2026-02-02T10:20:22:   sqlMessage: "Duplicate entry '1018-1' for key 'empresas.unique_cod_completo'"
2026-02-02T10:20:22: }
2026-02-02T10:21:50: Error: Duplicate entry '1021-1' for key 'empresas.unique_cod_completo'
2026-02-02T10:21:50:     at PromisePool.query (C:\Users\00106\Desktop\IMPLEMENTAÇÃO\backend\node_modules\mysql2\lib\promise\pool.js:36:22)
2026-02-02T10:21:50:     at exports.criar (C:\Users\00106\Desktop\IMPLEMENTAÇÃO\backend\src\controllers\empresas.controller.js:41:14)
2026-02-02T10:21:50:     at Layer.handleRequest (C:\Users\00106\Desktop\IMPLEMENTAÇÃO\backend\node_modules\router\lib\layer.js:152:17)
2026-02-02T10:21:50:     at next (C:\Users\00106\Desktop\IMPLEMENTAÇÃO\backend\node_modules\router\lib\route.js:157:13)
2026-02-02T10:21:50:     at auth (C:\Users\00106\Desktop\IMPLEMENTAÇÃO\backend\src\middleware\auth.js:32:5)
2026-02-02T10:21:50:     at process.processTicksAndRejections (node:internal/process/task_queues:103:5) {
2026-02-02T10:21:50:   code: 'ER_DUP_ENTRY',
2026-02-02T10:21:50:   errno: 1062,
2026-02-02T10:21:50:   sql: "INSERT INTO empresas SET `razao_social` = 'HARMONY CONSULTORIA E PARTICIPACOES LTDA', `cod_completo` = '1021-1', `cod` = '1021', `filial` = '01', `municipio` = 'SÃO PAULO', `cnpj` = '08963029000180', `ccm` = '36562998', `regime_tributario` = 'SIMPLES NACIONAL', `dia_previa_1` = '1', `dia_previa_2` = '11', `data_guia_iss` = '6', `nota_do_milhao` = true, `nfse` = true, `nfts` = true, `guia_iss` = true, `encerra_dctfweb` = true",
2026-02-02T10:21:50:   sqlState: '23000',
2026-02-02T10:21:50:   sqlMessage: "Duplicate entry '1021-1' for key 'empresas.unique_cod_completo'"
2026-02-02T10:21:50: }
2026-02-02T10:23:15: Error: Duplicate entry '1209-1' for key 'empresas.unique_cod_completo'
2026-02-02T10:23:15:     at PromisePool.query (C:\Users\00106\Desktop\IMPLEMENTAÇÃO\backend\node_modules\mysql2\lib\promise\pool.js:36:22)
2026-02-02T10:23:15:     at exports.criar (C:\Users\00106\Desktop\IMPLEMENTAÇÃO\backend\src\controllers\empresas.controller.js:41:14)
2026-02-02T10:23:15:     at Layer.handleRequest (C:\Users\00106\Desktop\IMPLEMENTAÇÃO\backend\node_modules\router\lib\layer.js:152:17)
2026-02-02T10:23:15:     at next (C:\Users\00106\Desktop\IMPLEMENTAÇÃO\backend\node_modules\router\lib\route.js:157:13)
2026-02-02T10:23:15:     at auth (C:\Users\00106\Desktop\IMPLEMENTAÇÃO\backend\src\middleware\auth.js:32:5)
2026-02-02T10:23:15:     at process.processTicksAndRejections (node:internal/process/task_queues:103:5) {
2026-02-02T10:23:15:   code: 'ER_DUP_ENTRY',
2026-02-02T10:23:15:   errno: 1062,
2026-02-02T10:23:15:   sql: "INSERT INTO empresas SET `razao_social` = 'INTERCONTROLE SERVICOS ADMINISTRATIVOS EMPRESARIAIS LTDA', `cod_completo` = '1209-1', `cod` = '1209', `filial` = '01', `municipio` = 'SÃO PAULO', `cnpj` = '14630251000164', `ccm` = '44167822', `regime_tributario` = 'SIMPLES NACIONAL', `dia_previa_1` = '1', `dia_previa_2` = '10', `data_guia_iss` = '0', `nota_do_milhao` = true, `nfse` = true, `nfts` = true, `guia_iss` = false, `encerra_dctfweb` = true",
2026-02-02T10:23:15:   sqlState: '23000',
2026-02-02T10:23:15:   sqlMessage: "Duplicate entry '1209-1' for key 'empresas.unique_cod_completo'"
2026-02-02T10:23:15: }
2026-02-02T10:24:36: Error: Duplicate entry '1214-1' for key 'empresas.unique_cod_completo'
2026-02-02T10:24:36:     at PromisePool.query (C:\Users\00106\Desktop\IMPLEMENTAÇÃO\backend\node_modules\mysql2\lib\promise\pool.js:36:22)
2026-02-02T10:24:36:     at exports.criar (C:\Users\00106\Desktop\IMPLEMENTAÇÃO\backend\src\controllers\empresas.controller.js:41:14)
2026-02-02T10:24:36:     at Layer.handleRequest (C:\Users\00106\Desktop\IMPLEMENTAÇÃO\backend\node_modules\router\lib\layer.js:152:17)
2026-02-02T10:24:36:     at next (C:\Users\00106\Desktop\IMPLEMENTAÇÃO\backend\node_modules\router\lib\route.js:157:13)
2026-02-02T10:24:36:     at auth (C:\Users\00106\Desktop\IMPLEMENTAÇÃO\backend\src\middleware\auth.js:32:5)
2026-02-02T10:24:36:     at process.processTicksAndRejections (node:internal/process/task_queues:103:5) {
2026-02-02T10:24:36:   code: 'ER_DUP_ENTRY',
2026-02-02T10:24:36:   errno: 1062,
2026-02-02T10:24:36:   sql: "INSERT INTO empresas SET `razao_social` = 'MULTIPLUS APOIO ADMINISTRATIVO LTDA', `cod_completo` = '1214-1', `cod` = '1214', `filial` = '01', `municipio` = 'SÃO PAULO', `cnpj` = '14748386000129', `ccm` = '44262795', `regime_tributario` = 'SIMPLES NACIONAL', `dia_previa_1` = '1', `dia_previa_2` = '10', `data_guia_iss` = '0', `nota_do_milhao` = true, `nfse` = true, `nfts` = true, `guia_iss` = false, `encerra_dctfweb` = true",
2026-02-02T10:24:36:   sqlState: '23000',
2026-02-02T10:24:36:   sqlMessage: "Duplicate entry '1214-1' for key 'empresas.unique_cod_completo'"
2026-02-02T10:24:36: }
2026-02-02T10:26:02: Error: Duplicate entry '1316-1' for key 'empresas.unique_cod_completo'
2026-02-02T10:26:02:     at PromisePool.query (C:\Users\00106\Desktop\IMPLEMENTAÇÃO\backend\node_modules\mysql2\lib\promise\pool.js:36:22)
2026-02-02T10:26:02:     at exports.criar (C:\Users\00106\Desktop\IMPLEMENTAÇÃO\backend\src\controllers\empresas.controller.js:41:14)
2026-02-02T10:26:02:     at Layer.handleRequest (C:\Users\00106\Desktop\IMPLEMENTAÇÃO\backend\node_modules\router\lib\layer.js:152:17)
2026-02-02T10:26:02:     at next (C:\Users\00106\Desktop\IMPLEMENTAÇÃO\backend\node_modules\router\lib\route.js:157:13)
2026-02-02T10:26:02:     at auth (C:\Users\00106\Desktop\IMPLEMENTAÇÃO\backend\src\middleware\auth.js:32:5)
2026-02-02T10:26:02:     at process.processTicksAndRejections (node:internal/process/task_queues:103:5) {
2026-02-02T10:26:02:   code: 'ER_DUP_ENTRY',
2026-02-02T10:26:02:   errno: 1062,
2026-02-02T10:26:02:   sql: "INSERT INTO empresas SET `razao_social` = 'ZANGARI GESTAO DE SERVICOS ADMINISTRATIVOS LTDA', `cod_completo` = '1316-1', `cod` = '1316', `filial` = '01', `municipio` = 'SÃO PAULO', `cnpj` = '23087726000109', `ccm` = '52989151', `regime_tributario` = 'SIMPLES NACIONAL', `dia_previa_1` = '1', `dia_previa_2` = '11', `data_guia_iss` = '6', `nota_do_milhao` = true, `nfse` = true, `nfts` = true, `guia_iss` = true, `encerra_dctfweb` = true",
2026-02-02T10:26:02:   sqlState: '23000',
2026-02-02T10:26:02:   sqlMessage: "Duplicate entry '1316-1' for key 'empresas.unique_cod_completo'"
2026-02-02T10:26:02: }
2026-02-02T10:27:27: Error: Duplicate entry '1327-1' for key 'empresas.unique_cod_completo'
2026-02-02T10:27:27:     at PromisePool.query (C:\Users\00106\Desktop\IMPLEMENTAÇÃO\backend\node_modules\mysql2\lib\promise\pool.js:36:22)
2026-02-02T10:27:27:     at exports.criar (C:\Users\00106\Desktop\IMPLEMENTAÇÃO\backend\src\controllers\empresas.controller.js:41:14)
2026-02-02T10:27:27:     at Layer.handleRequest (C:\Users\00106\Desktop\IMPLEMENTAÇÃO\backend\node_modules\router\lib\layer.js:152:17)
2026-02-02T10:27:27:     at next (C:\Users\00106\Desktop\IMPLEMENTAÇÃO\backend\node_modules\router\lib\route.js:157:13)
2026-02-02T10:27:27:     at auth (C:\Users\00106\Desktop\IMPLEMENTAÇÃO\backend\src\middleware\auth.js:32:5)
2026-02-02T10:27:27:     at process.processTicksAndRejections (node:internal/process/task_queues:103:5) {
2026-02-02T10:27:27:   code: 'ER_DUP_ENTRY',
2026-02-02T10:27:27:   errno: 1062,
2026-02-02T10:27:27:   sql: "INSERT INTO empresas SET `razao_social` = 'A S SUZUKI APOIO ADMINISTRATIVO LTDA', `cod_completo` = '1327-1', `cod` = '1327', `filial` = '01', `municipio` = 'SÃO PAULO', `cnpj` = '24004789000117', `ccm` = '54053323', `regime_tributario` = 'SIMPLES NACIONAL', `dia_previa_1` = '1', `dia_previa_2` = '11', `data_guia_iss` = '6', `nota_do_milhao` = true, `nfse` = true, `nfts` = true, `guia_iss` = true, `encerra_dctfweb` = true",
2026-02-02T10:27:27:   sqlState: '23000',
2026-02-02T10:27:27:   sqlMessage: "Duplicate entry '1327-1' for key 'empresas.unique_cod_completo'"
2026-02-02T10:27:27: }
2026-02-02T10:28:54: Error: Duplicate entry '1332-1' for key 'empresas.unique_cod_completo'
2026-02-02T10:28:54:     at PromisePool.query (C:\Users\00106\Desktop\IMPLEMENTAÇÃO\backend\node_modules\mysql2\lib\promise\pool.js:36:22)
2026-02-02T10:28:54:     at exports.criar (C:\Users\00106\Desktop\IMPLEMENTAÇÃO\backend\src\controllers\empresas.controller.js:41:14)
2026-02-02T10:28:54:     at Layer.handleRequest (C:\Users\00106\Desktop\IMPLEMENTAÇÃO\backend\node_modules\router\lib\layer.js:152:17)
2026-02-02T10:28:54:     at next (C:\Users\00106\Desktop\IMPLEMENTAÇÃO\backend\node_modules\router\lib\route.js:157:13)
2026-02-02T10:28:54:     at auth (C:\Users\00106\Desktop\IMPLEMENTAÇÃO\backend\src\middleware\auth.js:32:5)
2026-02-02T10:28:54:     at process.processTicksAndRejections (node:internal/process/task_queues:103:5) {
2026-02-02T10:28:54:   code: 'ER_DUP_ENTRY',
2026-02-02T10:28:54:   errno: 1062,
2026-02-02T10:28:54:   sql: "INSERT INTO empresas SET `razao_social` = 'CENTRO AVANCADO DE NEUROPSICOLOGIA LTDA', `cod_completo` = '1332-1', `cod` = '1332', `filial` = '01', `municipio` = 'SÃO PAULO', `cnpj` = '07716240000136', `ccm` = '35150181', `regime_tributario` = 'SIMPLES NACIONAL', `dia_previa_1` = '1', `dia_previa_2` = '6', `data_guia_iss` = '0', `nota_do_milhao` = true, `nfse` = true, `nfts` = true, `guia_iss` = false, `encerra_dctfweb` = true",
2026-02-02T10:28:54:   sqlState: '23000',
2026-02-02T10:28:54:   sqlMessage: "Duplicate entry '1332-1' for key 'empresas.unique_cod_completo'"
2026-02-02T10:28:54: }
2026-02-02T10:30:20: Error: Duplicate entry '1344-1' for key 'empresas.unique_cod_completo'
2026-02-02T10:30:20:     at PromisePool.query (C:\Users\00106\Desktop\IMPLEMENTAÇÃO\backend\node_modules\mysql2\lib\promise\pool.js:36:22)
2026-02-02T10:30:20:     at exports.criar (C:\Users\00106\Desktop\IMPLEMENTAÇÃO\backend\src\controllers\empresas.controller.js:41:14)
2026-02-02T10:30:20:     at Layer.handleRequest (C:\Users\00106\Desktop\IMPLEMENTAÇÃO\backend\node_modules\router\lib\layer.js:152:17)
2026-02-02T10:30:20:     at next (C:\Users\00106\Desktop\IMPLEMENTAÇÃO\backend\node_modules\router\lib\route.js:157:13)
2026-02-02T10:30:20:     at auth (C:\Users\00106\Desktop\IMPLEMENTAÇÃO\backend\src\middleware\auth.js:32:5)
2026-02-02T10:30:20:     at process.processTicksAndRejections (node:internal/process/task_queues:103:5) {
2026-02-02T10:30:20:   code: 'ER_DUP_ENTRY',
2026-02-02T10:30:20:   errno: 1062,
2026-02-02T10:30:20:   sql: "INSERT INTO empresas SET `razao_social` = 'ICO ESTACIONAMENTOS LTDA', `cod_completo` = '1344-1', `cod` = '1344', `filial` = '01', `municipio` = 'SÃO PAULO', `cnpj` = '57797433000137', `ccm` = '94388962', `regime_tributario` = 'LUCRO PRESUMIDO', `dia_previa_1` = '1', `dia_previa_2` = '10', `data_guia_iss` = '9', `nota_do_milhao` = true, `nfse` = true, `nfts` = true, `guia_iss` = true, `encerra_dctfweb` = true",
2026-02-02T10:30:20:   sqlState: '23000',
2026-02-02T10:30:20:   sqlMessage: "Duplicate entry '1344-1' for key 'empresas.unique_cod_completo'"
2026-02-02T10:30:20: }
2026-02-02T10:31:42: Error: Duplicate entry '1344-2' for key 'empresas.unique_cod_completo'
2026-02-02T10:31:42:     at PromisePool.query (C:\Users\00106\Desktop\IMPLEMENTAÇÃO\backend\node_modules\mysql2\lib\promise\pool.js:36:22)
2026-02-02T10:31:42:     at exports.criar (C:\Users\00106\Desktop\IMPLEMENTAÇÃO\backend\src\controllers\empresas.controller.js:41:14)
2026-02-02T10:31:42:     at Layer.handleRequest (C:\Users\00106\Desktop\IMPLEMENTAÇÃO\backend\node_modules\router\lib\layer.js:152:17)
2026-02-02T10:31:42:     at next (C:\Users\00106\Desktop\IMPLEMENTAÇÃO\backend\node_modules\router\lib\route.js:157:13)
2026-02-02T10:31:42:     at auth (C:\Users\00106\Desktop\IMPLEMENTAÇÃO\backend\src\middleware\auth.js:32:5)
2026-02-02T10:31:42:     at process.processTicksAndRejections (node:internal/process/task_queues:103:5) {
2026-02-02T10:31:42:   code: 'ER_DUP_ENTRY',
2026-02-02T10:31:42:   errno: 1062,
2026-02-02T10:31:42:   sql: "INSERT INTO empresas SET `razao_social` = 'ICO ESTACIONAMENTOS LTDA', `cod_completo` = '1344-2', `cod` = '1344', `filial` = '02', `municipio` = 'SÃO PAULO', `cnpj` = '57797433000218', `ccm` = '32496010', `regime_tributario` = 'LUCRO PRESUMIDO', `dia_previa_1` = '1', `dia_previa_2` = '10', `data_guia_iss` = '9', `nota_do_milhao` = true, `nfse` = true, `nfts` = true, `guia_iss` = true, `encerra_dctfweb` = false",
2026-02-02T10:31:42:   sqlState: '23000',
2026-02-02T10:31:42:   sqlMessage: "Duplicate entry '1344-2' for key 'empresas.unique_cod_completo'"
2026-02-02T10:31:42: }
2026-02-02T10:33:12: Error: Duplicate entry '1344-30' for key 'empresas.unique_cod_completo'
2026-02-02T10:33:12:     at PromisePool.query (C:\Users\00106\Desktop\IMPLEMENTAÇÃO\backend\node_modules\mysql2\lib\promise\pool.js:36:22)
2026-02-02T10:33:12:     at exports.criar (C:\Users\00106\Desktop\IMPLEMENTAÇÃO\backend\src\controllers\empresas.controller.js:41:14)
2026-02-02T10:33:12:     at Layer.handleRequest (C:\Users\00106\Desktop\IMPLEMENTAÇÃO\backend\node_modules\router\lib\layer.js:152:17)
2026-02-02T10:33:12:     at next (C:\Users\00106\Desktop\IMPLEMENTAÇÃO\backend\node_modules\router\lib\route.js:157:13)
2026-02-02T10:33:12:     at auth (C:\Users\00106\Desktop\IMPLEMENTAÇÃO\backend\src\middleware\auth.js:32:5)
2026-02-02T10:33:12:     at process.processTicksAndRejections (node:internal/process/task_queues:103:5) {
2026-02-02T10:33:12:   code: 'ER_DUP_ENTRY',
2026-02-02T10:33:12:   errno: 1062,
2026-02-02T10:33:12:   sql: "INSERT INTO empresas SET `razao_social` = 'ICO ESTACIONAMENTOS LTDA', `cod_completo` = '1344-30', `cod` = '1344', `filial` = '30', `municipio` = 'SÃO PAULO', `cnpj` = '57797433003071', `ccm` = '32490640', `regime_tributario` = 'LUCRO PRESUMIDO', `dia_previa_1` = '1', `dia_previa_2` = '10', `data_guia_iss` = '9', `nota_do_milhao` = true, `nfse` = true, `nfts` = true, `guia_iss` = true, `encerra_dctfweb` = false",
2026-02-02T10:33:12:   sqlState: '23000',
2026-02-02T10:33:12:   sqlMessage: "Duplicate entry '1344-30' for key 'empresas.unique_cod_completo'"
2026-02-02T10:33:12: }
2026-02-02T10:34:36: Error: Duplicate entry '1344-33' for key 'empresas.unique_cod_completo'
2026-02-02T10:34:36:     at PromisePool.query (C:\Users\00106\Desktop\IMPLEMENTAÇÃO\backend\node_modules\mysql2\lib\promise\pool.js:36:22)
2026-02-02T10:34:36:     at exports.criar (C:\Users\00106\Desktop\IMPLEMENTAÇÃO\backend\src\controllers\empresas.controller.js:41:14)
2026-02-02T10:34:36:     at Layer.handleRequest (C:\Users\00106\Desktop\IMPLEMENTAÇÃO\backend\node_modules\router\lib\layer.js:152:17)
2026-02-02T10:34:36:     at next (C:\Users\00106\Desktop\IMPLEMENTAÇÃO\backend\node_modules\router\lib\route.js:157:13)
2026-02-02T10:34:36:     at auth (C:\Users\00106\Desktop\IMPLEMENTAÇÃO\backend\src\middleware\auth.js:32:5)
2026-02-02T10:34:36:     at process.processTicksAndRejections (node:internal/process/task_queues:103:5) {
2026-02-02T10:34:36:   code: 'ER_DUP_ENTRY',
2026-02-02T10:34:36:   errno: 1062,
2026-02-02T10:34:36:   sql: "INSERT INTO empresas SET `razao_social` = 'ICO ESTACIONAMENTOS LTDA', `cod_completo` = '1344-33', `cod` = '1344', `filial` = '33', `municipio` = 'SÃO PAULO', `cnpj` = '57797433003314', `ccm` = '33211167', `regime_tributario` = 'LUCRO PRESUMIDO', `dia_previa_1` = '1', `dia_previa_2` = '10', `data_guia_iss` = '9', `nota_do_milhao` = true, `nfse` = true, `nfts` = true, `guia_iss` = true, `encerra_dctfweb` = false",
2026-02-02T10:34:36:   sqlState: '23000',
2026-02-02T10:34:36:   sqlMessage: "Duplicate entry '1344-33' for key 'empresas.unique_cod_completo'"
2026-02-02T10:34:36: }
2026-02-02T10:35:58: Error: Duplicate entry '1344-34' for key 'empresas.unique_cod_completo'
2026-02-02T10:35:58:     at PromisePool.query (C:\Users\00106\Desktop\IMPLEMENTAÇÃO\backend\node_modules\mysql2\lib\promise\pool.js:36:22)
2026-02-02T10:35:58:     at exports.criar (C:\Users\00106\Desktop\IMPLEMENTAÇÃO\backend\src\controllers\empresas.controller.js:41:14)
2026-02-02T10:35:58:     at Layer.handleRequest (C:\Users\00106\Desktop\IMPLEMENTAÇÃO\backend\node_modules\router\lib\layer.js:152:17)
2026-02-02T10:35:58:     at next (C:\Users\00106\Desktop\IMPLEMENTAÇÃO\backend\node_modules\router\lib\route.js:157:13)
2026-02-02T10:35:58:     at auth (C:\Users\00106\Desktop\IMPLEMENTAÇÃO\backend\src\middleware\auth.js:32:5)
2026-02-02T10:35:58:     at process.processTicksAndRejections (node:internal/process/task_queues:103:5) {
2026-02-02T10:35:58:   code: 'ER_DUP_ENTRY',
2026-02-02T10:35:58:   errno: 1062,
2026-02-02T10:35:58:   sql: "INSERT INTO empresas SET `razao_social` = 'ICO ESTACIONAMENTOS LTDA', `cod_completo` = '1344-34', `cod` = '1344', `filial` = '34', `municipio` = 'SÃO PAULO', `cnpj` = '57797433003414', `ccm` = '34779060', `regime_tributario` = 'LUCRO PRESUMIDO', `dia_previa_1` = '1', `dia_previa_2` = '10', `data_guia_iss` = '9', `nota_do_milhao` = true, `nfse` = true, `nfts` = true, `guia_iss` = true, `encerra_dctfweb` = false",
2026-02-02T10:35:58:   sqlState: '23000',
2026-02-02T10:35:58:   sqlMessage: "Duplicate entry '1344-34' for key 'empresas.unique_cod_completo'"
2026-02-02T10:35:58: }
2026-02-02T10:37:22: Error: Duplicate entry '1344-35' for key 'empresas.unique_cod_completo'
2026-02-02T10:37:22:     at PromisePool.query (C:\Users\00106\Desktop\IMPLEMENTAÇÃO\backend\node_modules\mysql2\lib\promise\pool.js:36:22)
2026-02-02T10:37:22:     at exports.criar (C:\Users\00106\Desktop\IMPLEMENTAÇÃO\backend\src\controllers\empresas.controller.js:41:14)
2026-02-02T10:37:22:     at Layer.handleRequest (C:\Users\00106\Desktop\IMPLEMENTAÇÃO\backend\node_modules\router\lib\layer.js:152:17)
2026-02-02T10:37:22:     at next (C:\Users\00106\Desktop\IMPLEMENTAÇÃO\backend\node_modules\router\lib\route.js:157:13)
2026-02-02T10:37:22:     at auth (C:\Users\00106\Desktop\IMPLEMENTAÇÃO\backend\src\middleware\auth.js:32:5)
2026-02-02T10:37:22:     at process.processTicksAndRejections (node:internal/process/task_queues:103:5) {
2026-02-02T10:37:22:   code: 'ER_DUP_ENTRY',
2026-02-02T10:37:22:   errno: 1062,
2026-02-02T10:37:22:   sql: "INSERT INTO empresas SET `razao_social` = 'ICO ESTACIONAMENTOS LTDA', `cod_completo` = '1344-35', `cod` = '1344', `filial` = '35', `municipio` = 'SÃO PAULO', `cnpj` = '57797433003514', `ccm` = '37689649', `regime_tributario` = 'LUCRO PRESUMIDO', `dia_previa_1` = '1', `dia_previa_2` = '10', `data_guia_iss` = '9', `nota_do_milhao` = true, `nfse` = true, `nfts` = true, `guia_iss` = true, `encerra_dctfweb` = false",
2026-02-02T10:37:22:   sqlState: '23000',
2026-02-02T10:37:22:   sqlMessage: "Duplicate entry '1344-35' for key 'empresas.unique_cod_completo'"
2026-02-02T10:37:22: }
2026-02-02T10:38:47: Error: Duplicate entry '1344-43' for key 'empresas.unique_cod_completo'
2026-02-02T10:38:47:     at PromisePool.query (C:\Users\00106\Desktop\IMPLEMENTAÇÃO\backend\node_modules\mysql2\lib\promise\pool.js:36:22)
2026-02-02T10:38:47:     at exports.criar (C:\Users\00106\Desktop\IMPLEMENTAÇÃO\backend\src\controllers\empresas.controller.js:41:14)
2026-02-02T10:38:47:     at Layer.handleRequest (C:\Users\00106\Desktop\IMPLEMENTAÇÃO\backend\node_modules\router\lib\layer.js:152:17)
2026-02-02T10:38:47:     at next (C:\Users\00106\Desktop\IMPLEMENTAÇÃO\backend\node_modules\router\lib\route.js:157:13)
2026-02-02T10:38:47:     at auth (C:\Users\00106\Desktop\IMPLEMENTAÇÃO\backend\src\middleware\auth.js:32:5)
2026-02-02T10:38:47:     at process.processTicksAndRejections (node:internal/process/task_queues:103:5) {
2026-02-02T10:38:47:   code: 'ER_DUP_ENTRY',
2026-02-02T10:38:47:   errno: 1062,
2026-02-02T10:38:47:   sql: "INSERT INTO empresas SET `razao_social` = 'ICO ESTACIONAMENTOS LTDA', `cod_completo` = '1344-43', `cod` = '1344', `filial` = '43', `municipio` = 'SÃO PAULO', `cnpj` = '57797433004314', `ccm` = '55248128', `regime_tributario` = 'LUCRO PRESUMIDO', `dia_previa_1` = '1', `dia_previa_2` = '10', `data_guia_iss` = '9', `nota_do_milhao` = true, `nfse` = true, `nfts` = true, `guia_iss` = true, `encerra_dctfweb` = false",
2026-02-02T10:38:47:   sqlState: '23000',
2026-02-02T10:38:47:   sqlMessage: "Duplicate entry '1344-43' for key 'empresas.unique_cod_completo'"
2026-02-02T10:38:47: }
2026-02-02T10:40:11: Error: Duplicate entry '1344-44' for key 'empresas.unique_cod_completo'
2026-02-02T10:40:11:     at PromisePool.query (C:\Users\00106\Desktop\IMPLEMENTAÇÃO\backend\node_modules\mysql2\lib\promise\pool.js:36:22)
2026-02-02T10:40:11:     at exports.criar (C:\Users\00106\Desktop\IMPLEMENTAÇÃO\backend\src\controllers\empresas.controller.js:41:14)
2026-02-02T10:40:11:     at Layer.handleRequest (C:\Users\00106\Desktop\IMPLEMENTAÇÃO\backend\node_modules\router\lib\layer.js:152:17)
2026-02-02T10:40:11:     at next (C:\Users\00106\Desktop\IMPLEMENTAÇÃO\backend\node_modules\router\lib\route.js:157:13)
2026-02-02T10:40:11:     at auth (C:\Users\00106\Desktop\IMPLEMENTAÇÃO\backend\src\middleware\auth.js:32:5)
2026-02-02T10:40:11:     at process.processTicksAndRejections (node:internal/process/task_queues:103:5) {
2026-02-02T10:40:11:   code: 'ER_DUP_ENTRY',
2026-02-02T10:40:11:   errno: 1062,
2026-02-02T10:40:11:   sql: "INSERT INTO empresas SET `razao_social` = 'ICO ESTACIONAMENTOS LTDA', `cod_completo` = '1344-44', `cod` = '1344', `filial` = '44', `municipio` = 'SÃO PAULO', `cnpj` = '57797433004414', `ccm` = '55248136', `regime_tributario` = 'LUCRO PRESUMIDO', `dia_previa_1` = '1', `dia_previa_2` = '10', `data_guia_iss` = '9', `nota_do_milhao` = true, `nfse` = true, `nfts` = true, `guia_iss` = true, `encerra_dctfweb` = false",
2026-02-02T10:40:11:   sqlState: '23000',
2026-02-02T10:40:11:   sqlMessage: "Duplicate entry '1344-44' for key 'empresas.unique_cod_completo'"
2026-02-02T10:40:11: }
2026-02-02T10:41:33: Error: Duplicate entry '1344-45' for key 'empresas.unique_cod_completo'
2026-02-02T10:41:33:     at PromisePool.query (C:\Users\00106\Desktop\IMPLEMENTAÇÃO\backend\node_modules\mysql2\lib\promise\pool.js:36:22)
2026-02-02T10:41:33:     at exports.criar (C:\Users\00106\Desktop\IMPLEMENTAÇÃO\backend\src\controllers\empresas.controller.js:41:14)
2026-02-02T10:41:33:     at Layer.handleRequest (C:\Users\00106\Desktop\IMPLEMENTAÇÃO\backend\node_modules\router\lib\layer.js:152:17)
2026-02-02T10:41:33:     at next (C:\Users\00106\Desktop\IMPLEMENTAÇÃO\backend\node_modules\router\lib\route.js:157:13)
2026-02-02T10:41:33:     at auth (C:\Users\00106\Desktop\IMPLEMENTAÇÃO\backend\src\middleware\auth.js:32:5)
2026-02-02T10:41:33:     at process.processTicksAndRejections (node:internal/process/task_queues:103:5) {
2026-02-02T10:41:33:   code: 'ER_DUP_ENTRY',
2026-02-02T10:41:33:   errno: 1062,
2026-02-02T10:41:33:   sql: "INSERT INTO empresas SET `razao_social` = 'ICO ESTACIONAMENTOS LTDA', `cod_completo` = '1344-45', `cod` = '1344', `filial` = '45', `municipio` = 'SÃO PAULO', `cnpj` = '57797433004514', `ccm` = '73388122', `regime_tributario` = 'LUCRO PRESUMIDO', `dia_previa_1` = '1', `dia_previa_2` = '10', `data_guia_iss` = '9', `nota_do_milhao` = true, `nfse` = true, `nfts` = true, `guia_iss` = true, `encerra_dctfweb` = false",
2026-02-02T10:41:33:   sqlState: '23000',
2026-02-02T10:41:33:   sqlMessage: "Duplicate entry '1344-45' for key 'empresas.unique_cod_completo'"
2026-02-02T10:41:33: }
2026-02-02T10:43:00: Error: Duplicate entry '1344-46' for key 'empresas.unique_cod_completo'
2026-02-02T10:43:00:     at PromisePool.query (C:\Users\00106\Desktop\IMPLEMENTAÇÃO\backend\node_modules\mysql2\lib\promise\pool.js:36:22)
2026-02-02T10:43:00:     at exports.criar (C:\Users\00106\Desktop\IMPLEMENTAÇÃO\backend\src\controllers\empresas.controller.js:41:14)
2026-02-02T10:43:00:     at Layer.handleRequest (C:\Users\00106\Desktop\IMPLEMENTAÇÃO\backend\node_modules\router\lib\layer.js:152:17)
2026-02-02T10:43:00:     at next (C:\Users\00106\Desktop\IMPLEMENTAÇÃO\backend\node_modules\router\lib\route.js:157:13)
2026-02-02T10:43:00:     at auth (C:\Users\00106\Desktop\IMPLEMENTAÇÃO\backend\src\middleware\auth.js:32:5)
2026-02-02T10:43:00:     at process.processTicksAndRejections (node:internal/process/task_queues:103:5) {
2026-02-02T10:43:00:   code: 'ER_DUP_ENTRY',
2026-02-02T10:43:00:   errno: 1062,
2026-02-02T10:43:00:   sql: "INSERT INTO empresas SET `razao_social` = 'ICO ESTACIONAMENTOS LTDA', `cod_completo` = '1344-46', `cod` = '1344', `filial` = '46', `municipio` = 'SÃO PAULO', `cnpj` = '57797433004639', `ccm` = '15696820', `regime_tributario` = 'LUCRO PRESUMIDO', `dia_previa_1` = '1', `dia_previa_2` = '11', `data_guia_iss` = '9', `nota_do_milhao` = true, `nfse` = true, `nfts` = true, `guia_iss` = true, `encerra_dctfweb` = false",
2026-02-02T10:43:00:   sqlState: '23000',
2026-02-02T10:43:00:   sqlMessage: "Duplicate entry '1344-46' for key 'empresas.unique_cod_completo'"
2026-02-02T10:43:00: }
2026-02-02T10:44:32: Error: Duplicate entry '1344-47' for key 'empresas.unique_cod_completo'
2026-02-02T10:44:32:     at PromisePool.query (C:\Users\00106\Desktop\IMPLEMENTAÇÃO\backend\node_modules\mysql2\lib\promise\pool.js:36:22)
2026-02-02T10:44:32:     at exports.criar (C:\Users\00106\Desktop\IMPLEMENTAÇÃO\backend\src\controllers\empresas.controller.js:41:14)
2026-02-02T10:44:32:     at Layer.handleRequest (C:\Users\00106\Desktop\IMPLEMENTAÇÃO\backend\node_modules\router\lib\layer.js:152:17)
2026-02-02T10:44:32:     at next (C:\Users\00106\Desktop\IMPLEMENTAÇÃO\backend\node_modules\router\lib\route.js:157:13)
2026-02-02T10:44:32:     at auth (C:\Users\00106\Desktop\IMPLEMENTAÇÃO\backend\src\middleware\auth.js:32:5)
2026-02-02T10:44:32:     at process.processTicksAndRejections (node:internal/process/task_queues:103:5) {
2026-02-02T10:44:32:   code: 'ER_DUP_ENTRY',
2026-02-02T10:44:32:   errno: 1062,
2026-02-02T10:44:32:   sql: "INSERT INTO empresas SET `razao_social` = 'ICO ESTACIONAMENTOS LTDA', `cod_completo` = '1344-47', `cod` = '1344', `filial` = '47', `municipio` = 'SÃO PAULO', `cnpj` = '57797433004710', `ccm` = '19221398', `regime_tributario` = 'LUCRO PRESUMIDO', `dia_previa_1` = '1', `dia_previa_2` = '10', `data_guia_iss` = '9', `nota_do_milhao` = true, `nfse` = true, `nfts` = true, `guia_iss` = true, `encerra_dctfweb` = false",
2026-02-02T10:44:32:   sqlState: '23000',
2026-02-02T10:44:32:   sqlMessage: "Duplicate entry '1344-47' for key 'empresas.unique_cod_completo'"
2026-02-02T10:44:32: }
2026-02-02T10:46:02: Error: Duplicate entry '1347-1' for key 'empresas.unique_cod_completo'
2026-02-02T10:46:02:     at PromisePool.query (C:\Users\00106\Desktop\IMPLEMENTAÇÃO\backend\node_modules\mysql2\lib\promise\pool.js:36:22)
2026-02-02T10:46:02:     at exports.criar (C:\Users\00106\Desktop\IMPLEMENTAÇÃO\backend\src\controllers\empresas.controller.js:41:14)
2026-02-02T10:46:02:     at Layer.handleRequest (C:\Users\00106\Desktop\IMPLEMENTAÇÃO\backend\node_modules\router\lib\layer.js:152:17)
2026-02-02T10:46:02:     at next (C:\Users\00106\Desktop\IMPLEMENTAÇÃO\backend\node_modules\router\lib\route.js:157:13)
2026-02-02T10:46:02:     at auth (C:\Users\00106\Desktop\IMPLEMENTAÇÃO\backend\src\middleware\auth.js:32:5)
2026-02-02T10:46:02:     at process.processTicksAndRejections (node:internal/process/task_queues:103:5) {
2026-02-02T10:46:02:   code: 'ER_DUP_ENTRY',
2026-02-02T10:46:02:   errno: 1062,
2026-02-02T10:46:02:   sql: "INSERT INTO empresas SET `razao_social` = 'ZIG PARK ESTACIONAMENTOS LTDA', `cod_completo` = '1347-1', `cod` = '1347', `filial` = '01', `municipio` = 'SÃO PAULO', `cnpj` = '04916393000139', `ccm` = '31360726', `regime_tributario` = 'SIMPLES NACIONAL', `dia_previa_1` = '1', `dia_previa_2` = '11', `data_guia_iss` = '9', `nota_do_milhao` = true, `nfse` = true, `nfts` = true, `guia_iss` = true, `encerra_dctfweb` = true",
2026-02-02T10:46:02:   sqlState: '23000',
2026-02-02T10:46:02:   sqlMessage: "Duplicate entry '1347-1' for key 'empresas.unique_cod_completo'"
2026-02-02T10:46:02: }
2026-02-02T10:47:28: Error: Duplicate entry '1347-15' for key 'empresas.unique_cod_completo'
2026-02-02T10:47:28:     at PromisePool.query (C:\Users\00106\Desktop\IMPLEMENTAÇÃO\backend\node_modules\mysql2\lib\promise\pool.js:36:22)
2026-02-02T10:47:28:     at exports.criar (C:\Users\00106\Desktop\IMPLEMENTAÇÃO\backend\src\controllers\empresas.controller.js:41:14)
2026-02-02T10:47:28:     at Layer.handleRequest (C:\Users\00106\Desktop\IMPLEMENTAÇÃO\backend\node_modules\router\lib\layer.js:152:17)
2026-02-02T10:47:28:     at next (C:\Users\00106\Desktop\IMPLEMENTAÇÃO\backend\node_modules\router\lib\route.js:157:13)
2026-02-02T10:47:28:     at auth (C:\Users\00106\Desktop\IMPLEMENTAÇÃO\backend\src\middleware\auth.js:32:5)
2026-02-02T10:47:28:     at process.processTicksAndRejections (node:internal/process/task_queues:103:5) {
2026-02-02T10:47:28:   code: 'ER_DUP_ENTRY',
2026-02-02T10:47:28:   errno: 1062,
2026-02-02T10:47:28:   sql: "INSERT INTO empresas SET `razao_social` = 'ZIG PARK ESTACIONAMENTOS LTDA', `cod_completo` = '1347-15', `cod` = '1347', `filial` = '15', `municipio` = 'SÃO PAULO', `cnpj` = '04916393001534', `ccm` = '45341389', `regime_tributario` = 'SIMPLES NACIONAL', `dia_previa_1` = '1', `dia_previa_2` = '11', `data_guia_iss` = '9', `nota_do_milhao` = true, `nfse` = true, `nfts` = true, `guia_iss` = true, `encerra_dctfweb` = false",
2026-02-02T10:47:28:   sqlState: '23000',
2026-02-02T10:47:28:   sqlMessage: "Duplicate entry '1347-15' for key 'empresas.unique_cod_completo'"
2026-02-02T10:47:28: }
2026-02-02T10:48:54: Error: Duplicate entry '1347-19' for key 'empresas.unique_cod_completo'
2026-02-02T10:48:54:     at PromisePool.query (C:\Users\00106\Desktop\IMPLEMENTAÇÃO\backend\node_modules\mysql2\lib\promise\pool.js:36:22)
2026-02-02T10:48:54:     at exports.criar (C:\Users\00106\Desktop\IMPLEMENTAÇÃO\backend\src\controllers\empresas.controller.js:41:14)
2026-02-02T10:48:54:     at Layer.handleRequest (C:\Users\00106\Desktop\IMPLEMENTAÇÃO\backend\node_modules\router\lib\layer.js:152:17)
2026-02-02T10:48:54:     at next (C:\Users\00106\Desktop\IMPLEMENTAÇÃO\backend\node_modules\router\lib\route.js:157:13)
2026-02-02T10:48:54:     at auth (C:\Users\00106\Desktop\IMPLEMENTAÇÃO\backend\src\middleware\auth.js:32:5)
2026-02-02T10:48:54:     at process.processTicksAndRejections (node:internal/process/task_queues:103:5) {
2026-02-02T10:48:54:   code: 'ER_DUP_ENTRY',
2026-02-02T10:48:54:   errno: 1062,
2026-02-02T10:48:54:   sql: "INSERT INTO empresas SET `razao_social` = 'ZIG PARK ESTACIONAMENTOS LTDA', `cod_completo` = '1347-19', `cod` = '1347', `filial` = '19', `municipio` = 'SÃO PAULO', `cnpj` = '04916393001968', `ccm` = '54994780', `regime_tributario` = 'SIMPLES NACIONAL', `dia_previa_1` = '1', `dia_previa_2` = '11', `data_guia_iss` = '9', `nota_do_milhao` = true, `nfse` = true, `nfts` = true, `guia_iss` = true, `encerra_dctfweb` = false",
2026-02-02T10:48:54:   sqlState: '23000',
2026-02-02T10:48:54:   sqlMessage: "Duplicate entry '1347-19' for key 'empresas.unique_cod_completo'"
2026-02-02T10:48:54: }
2026-02-02T10:50:17: Error: Duplicate entry '1347-20' for key 'empresas.unique_cod_completo'
2026-02-02T10:50:17:     at PromisePool.query (C:\Users\00106\Desktop\IMPLEMENTAÇÃO\backend\node_modules\mysql2\lib\promise\pool.js:36:22)
2026-02-02T10:50:17:     at exports.criar (C:\Users\00106\Desktop\IMPLEMENTAÇÃO\backend\src\controllers\empresas.controller.js:41:14)
2026-02-02T10:50:17:     at Layer.handleRequest (C:\Users\00106\Desktop\IMPLEMENTAÇÃO\backend\node_modules\router\lib\layer.js:152:17)
2026-02-02T10:50:17:     at next (C:\Users\00106\Desktop\IMPLEMENTAÇÃO\backend\node_modules\router\lib\route.js:157:13)
2026-02-02T10:50:17:     at auth (C:\Users\00106\Desktop\IMPLEMENTAÇÃO\backend\src\middleware\auth.js:32:5)
2026-02-02T10:50:17:     at process.processTicksAndRejections (node:internal/process/task_queues:103:5) {
2026-02-02T10:50:17:   code: 'ER_DUP_ENTRY',
2026-02-02T10:50:17:   errno: 1062,
2026-02-02T10:50:17:   sql: "INSERT INTO empresas SET `razao_social` = 'ZIG PARK ESTACIONAMENTOS LTDA', `cod_completo` = '1347-20', `cod` = '1347', `filial` = '20', `municipio` = 'SÃO PAULO', `cnpj` = '04916393002000', `ccm` = '55544266', `regime_tributario` = 'SIMPLES NACIONAL', `dia_previa_1` = '1', `dia_previa_2` = '11', `data_guia_iss` = '9', `nota_do_milhao` = true, `nfse` = true, `nfts` = true, `guia_iss` = true, `encerra_dctfweb` = false",
2026-02-02T10:50:17:   sqlState: '23000',
2026-02-02T10:50:17:   sqlMessage: "Duplicate entry '1347-20' for key 'empresas.unique_cod_completo'"
2026-02-02T10:50:17: }
2026-02-02T10:51:55: Error: Duplicate entry '1347-21' for key 'empresas.unique_cod_completo'
2026-02-02T10:51:55:     at PromisePool.query (C:\Users\00106\Desktop\IMPLEMENTAÇÃO\backend\node_modules\mysql2\lib\promise\pool.js:36:22)
2026-02-02T10:51:55:     at exports.criar (C:\Users\00106\Desktop\IMPLEMENTAÇÃO\backend\src\controllers\empresas.controller.js:41:14)
2026-02-02T10:51:55:     at Layer.handleRequest (C:\Users\00106\Desktop\IMPLEMENTAÇÃO\backend\node_modules\router\lib\layer.js:152:17)
2026-02-02T10:51:55:     at next (C:\Users\00106\Desktop\IMPLEMENTAÇÃO\backend\node_modules\router\lib\route.js:157:13)
2026-02-02T10:51:55:     at auth (C:\Users\00106\Desktop\IMPLEMENTAÇÃO\backend\src\middleware\auth.js:32:5)
2026-02-02T10:51:55:     at process.processTicksAndRejections (node:internal/process/task_queues:103:5) {
2026-02-02T10:51:55:   code: 'ER_DUP_ENTRY',
2026-02-02T10:51:55:   errno: 1062,
2026-02-02T10:51:55:   sql: "INSERT INTO empresas SET `razao_social` = 'ZIG PARK ESTACIONAMENTOS LTDA', `cod_completo` = '1347-21', `cod` = '1347', `filial` = '21', `municipio` = 'SÃO PAULO', `cnpj` = '04916393002182', `ccm` = '56268050', `regime_tributario` = 'SIMPLES NACIONAL', `dia_previa_1` = '1', `dia_previa_2` = '11', `data_guia_iss` = '9', `nota_do_milhao` = true, `nfse` = true, `nfts` = true, `guia_iss` = true, `encerra_dctfweb` = false",
2026-02-02T10:51:55:   sqlState: '23000',
2026-02-02T10:51:55:   sqlMessage: "Duplicate entry '1347-21' for key 'empresas.unique_cod_completo'"
2026-02-02T10:51:55: }
2026-02-02T10:53:20: Error: Duplicate entry '1347-27' for key 'empresas.unique_cod_completo'
2026-02-02T10:53:20:     at PromisePool.query (C:\Users\00106\Desktop\IMPLEMENTAÇÃO\backend\node_modules\mysql2\lib\promise\pool.js:36:22)
2026-02-02T10:53:20:     at exports.criar (C:\Users\00106\Desktop\IMPLEMENTAÇÃO\backend\src\controllers\empresas.controller.js:41:14)
2026-02-02T10:53:20:     at Layer.handleRequest (C:\Users\00106\Desktop\IMPLEMENTAÇÃO\backend\node_modules\router\lib\layer.js:152:17)
2026-02-02T10:53:20:     at next (C:\Users\00106\Desktop\IMPLEMENTAÇÃO\backend\node_modules\router\lib\route.js:157:13)
2026-02-02T10:53:20:     at auth (C:\Users\00106\Desktop\IMPLEMENTAÇÃO\backend\src\middleware\auth.js:32:5)
2026-02-02T10:53:20:     at process.processTicksAndRejections (node:internal/process/task_queues:103:5) {
2026-02-02T10:53:20:   code: 'ER_DUP_ENTRY',
2026-02-02T10:53:20:   errno: 1062,
2026-02-02T10:53:20:   sql: "INSERT INTO empresas SET `razao_social` = 'ZIG PARK ESTACIONAMENTOS LTDA', `cod_completo` = '1347-27', `cod` = '1347', `filial` = '27', `municipio` = 'SÃO PAULO', `cnpj` = '04916393002778', `ccm` = '68437145', `regime_tributario` = 'SIMPLES NACIONAL', `dia_previa_1` = '1', `dia_previa_2` = '11', `data_guia_iss` = '9', `nota_do_milhao` = true, `nfse` = true, `nfts` = true, `guia_iss` = true, `encerra_dctfweb` = false",
2026-02-02T10:53:20:   sqlState: '23000',
2026-02-02T10:53:20:   sqlMessage: "Duplicate entry '1347-27' for key 'empresas.unique_cod_completo'"
2026-02-02T10:53:20: }
2026-02-02T10:54:42: Error: Duplicate entry '1347-28' for key 'empresas.unique_cod_completo'
2026-02-02T10:54:42:     at PromisePool.query (C:\Users\00106\Desktop\IMPLEMENTAÇÃO\backend\node_modules\mysql2\lib\promise\pool.js:36:22)
2026-02-02T10:54:42:     at exports.criar (C:\Users\00106\Desktop\IMPLEMENTAÇÃO\backend\src\controllers\empresas.controller.js:41:14)
2026-02-02T10:54:42:     at Layer.handleRequest (C:\Users\00106\Desktop\IMPLEMENTAÇÃO\backend\node_modules\router\lib\layer.js:152:17)
2026-02-02T10:54:42:     at next (C:\Users\00106\Desktop\IMPLEMENTAÇÃO\backend\node_modules\router\lib\route.js:157:13)
2026-02-02T10:54:42:     at auth (C:\Users\00106\Desktop\IMPLEMENTAÇÃO\backend\src\middleware\auth.js:32:5)
2026-02-02T10:54:42:     at process.processTicksAndRejections (node:internal/process/task_queues:103:5) {
2026-02-02T10:54:42:   code: 'ER_DUP_ENTRY',
2026-02-02T10:54:42:   errno: 1062,
2026-02-02T10:54:42:   sql: "INSERT INTO empresas SET `razao_social` = 'ZIG PARK ESTACIONAMENTOS LTDA', `cod_completo` = '1347-28', `cod` = '1347', `filial` = '28', `municipio` = 'SÃO PAULO', `cnpj` = '04916393002859', `ccm` = '68437153', `regime_tributario` = 'SIMPLES NACIONAL', `dia_previa_1` = '1', `dia_previa_2` = '11', `data_guia_iss` = '9', `nota_do_milhao` = true, `nfse` = true, `nfts` = true, `guia_iss` = true, `encerra_dctfweb` = false",
2026-02-02T10:54:42:   sqlState: '23000',
2026-02-02T10:54:42:   sqlMessage: "Duplicate entry '1347-28' for key 'empresas.unique_cod_completo'"
2026-02-02T10:54:42: }
2026-02-02T10:56:09: Error: Duplicate entry '1347-31' for key 'empresas.unique_cod_completo'
2026-02-02T10:56:09:     at PromisePool.query (C:\Users\00106\Desktop\IMPLEMENTAÇÃO\backend\node_modules\mysql2\lib\promise\pool.js:36:22)
2026-02-02T10:56:09:     at exports.criar (C:\Users\00106\Desktop\IMPLEMENTAÇÃO\backend\src\controllers\empresas.controller.js:41:14)
2026-02-02T10:56:09:     at Layer.handleRequest (C:\Users\00106\Desktop\IMPLEMENTAÇÃO\backend\node_modules\router\lib\layer.js:152:17)
2026-02-02T10:56:09:     at next (C:\Users\00106\Desktop\IMPLEMENTAÇÃO\backend\node_modules\router\lib\route.js:157:13)
2026-02-02T10:56:09:     at auth (C:\Users\00106\Desktop\IMPLEMENTAÇÃO\backend\src\middleware\auth.js:32:5)
2026-02-02T10:56:09:     at process.processTicksAndRejections (node:internal/process/task_queues:103:5) {
2026-02-02T10:56:09:   code: 'ER_DUP_ENTRY',
2026-02-02T10:56:09:   errno: 1062,
2026-02-02T10:56:09:   sql: "INSERT INTO empresas SET `razao_social` = 'ZIG PARK ESTACIONAMENTOS LTDA', `cod_completo` = '1347-31', `cod` = '1347', `filial` = '31', `municipio` = 'SÃO PAULO', `cnpj` = '04916393003154', `ccm` = '68437226', `regime_tributario` = 'SIMPLES NACIONAL', `dia_previa_1` = '1', `dia_previa_2` = '11', `data_guia_iss` = '9', `nota_do_milhao` = true, `nfse` = true, `nfts` = true, `guia_iss` = true, `encerra_dctfweb` = false",
2026-02-02T10:56:09:   sqlState: '23000',
2026-02-02T10:56:09:   sqlMessage: "Duplicate entry '1347-31' for key 'empresas.unique_cod_completo'"
2026-02-02T10:56:09: }
2026-02-02T10:57:34: Error: Duplicate entry '1347-32' for key 'empresas.unique_cod_completo'
2026-02-02T10:57:34:     at PromisePool.query (C:\Users\00106\Desktop\IMPLEMENTAÇÃO\backend\node_modules\mysql2\lib\promise\pool.js:36:22)
2026-02-02T10:57:34:     at exports.criar (C:\Users\00106\Desktop\IMPLEMENTAÇÃO\backend\src\controllers\empresas.controller.js:41:14)
2026-02-02T10:57:34:     at Layer.handleRequest (C:\Users\00106\Desktop\IMPLEMENTAÇÃO\backend\node_modules\router\lib\layer.js:152:17)
2026-02-02T10:57:34:     at next (C:\Users\00106\Desktop\IMPLEMENTAÇÃO\backend\node_modules\router\lib\route.js:157:13)
2026-02-02T10:57:34:     at auth (C:\Users\00106\Desktop\IMPLEMENTAÇÃO\backend\src\middleware\auth.js:32:5)
2026-02-02T10:57:34:     at process.processTicksAndRejections (node:internal/process/task_queues:103:5) {
2026-02-02T10:57:34:   code: 'ER_DUP_ENTRY',
2026-02-02T10:57:34:   errno: 1062,
2026-02-02T10:57:34:   sql: "INSERT INTO empresas SET `razao_social` = 'ZIG PARK ESTACIONAMENTOS LTDA', `cod_completo` = '1347-32', `cod` = '1347', `filial` = '32', `municipio` = 'SÃO PAULO', `cnpj` = '04916393003235', `ccm` = '68437234', `regime_tributario` = 'SIMPLES NACIONAL', `dia_previa_1` = '1', `dia_previa_2` = '11', `data_guia_iss` = '9', `nota_do_milhao` = true, `nfse` = true, `nfts` = true, `guia_iss` = true, `encerra_dctfweb` = false",
2026-02-02T10:57:34:   sqlState: '23000',
2026-02-02T10:57:34:   sqlMessage: "Duplicate entry '1347-32' for key 'empresas.unique_cod_completo'"
2026-02-02T10:57:34: }
