2026-02-04T16:43:09: [SUCCESS 2026-02-04T19:43:09.484Z] Servidor rodando na porta 3000
2026-02-04T16:43:09: [SUCCESS 2026-02-04T19:43:09.529Z] MySQL Pool conectado com sucesso
2026-02-04T16:43:30: [INFO 2026-02-04T19:43:30.931Z] POST /auth/login
2026-02-04T16:43:31: [INFO 2026-02-04T19:43:31.207Z] GET /empresas
2026-02-04T16:43:39: [INFO 2026-02-04T19:43:39.887Z] POST /auth/login
2026-02-04T16:43:40: [INFO 2026-02-04T19:43:40.013Z] GET /empresas
2026-02-04T16:46:15: [SUCCESS 2026-02-04T19:46:15.528Z] Servidor rodando na porta 3000
2026-02-04T16:46:15: [SUCCESS 2026-02-04T19:46:15.565Z] MySQL Pool conectado com sucesso
2026-02-04T16:46:39: [INFO 2026-02-04T19:46:39.118Z] POST /auth/login
2026-02-04T16:46:39: [INFO 2026-02-04T19:46:39.201Z] GET /empresas
2026-02-04T16:46:46: [INFO 2026-02-04T19:46:46.213Z] GET /usuarios
2026-02-04T16:46:46: [INFO 2026-02-04T19:46:46.644Z] GET /usuarios
2026-02-04T16:46:48: [INFO 2026-02-04T19:46:48.212Z] GET /empresas
2026-02-04T16:47:04: [SUCCESS 2026-02-04T19:47:04.255Z] Servidor rodando na porta 3000
2026-02-04T16:47:04: [SUCCESS 2026-02-04T19:47:04.297Z] MySQL Pool conectado com sucesso
2026-02-04T16:47:04: [INFO 2026-02-04T19:47:04.320Z] GET /empresas
2026-02-04T16:47:10: [INFO 2026-02-04T19:47:10.214Z] GET /empresas
2026-02-04T16:49:23: [INFO 2026-02-04T19:49:23.109Z] GET /empresas
2026-02-04T16:49:29: [INFO 2026-02-04T19:49:29.837Z] GET /empresas
2026-02-04T16:49:48: [SUCCESS 2026-02-04T19:49:48.807Z] Servidor rodando na porta 3000
2026-02-04T16:49:48: [INFO 2026-02-04T19:49:48.875Z] GET /empresas
2026-02-04T16:49:48: [SUCCESS 2026-02-04T19:49:48.880Z] MySQL Pool conectado com sucesso
2026-02-04T16:49:54: [INFO 2026-02-04T19:49:54.815Z] GET /empresas
2026-02-04T16:50:49: [INFO 2026-02-04T19:50:49.439Z] POST /auth/login
2026-02-04T16:50:49: [INFO 2026-02-04T19:50:49.486Z] GET /empresas
2026-02-04T16:53:10: [SUCCESS 2026-02-04T19:53:10.342Z] Servidor rodando na porta 3000
2026-02-04T16:53:10: [SUCCESS 2026-02-04T19:53:10.384Z] MySQL Pool conectado com sucesso
2026-02-04T16:53:10: [INFO 2026-02-04T19:53:10.465Z] GET /empresas
2026-02-04T16:53:16: [INFO 2026-02-04T19:53:16.527Z] GET /empresas
2026-02-04T16:53:39: [INFO 2026-02-04T19:53:39.531Z] GET /usuarios
2026-02-04T16:53:41: [INFO 2026-02-04T19:53:41.608Z] GET /empresas
2026-02-04T16:58:01: [INFO 2026-02-04T19:58:01.528Z] GET /usuarios
2026-02-04T16:58:04: [INFO 2026-02-04T19:58:04.613Z] GET /empresas
2026-02-04T16:58:12: [INFO 2026-02-04T19:58:12.490Z] GET /empresas
2026-02-04T16:58:19: [INFO 2026-02-04T19:58:19.476Z] GET /empresas
2026-02-04T17:04:48: [INFO 2026-02-04T20:04:48.747Z] GET /empresas
2026-02-04T17:19:48: [INFO 2026-02-04T20:19:48.892Z] GET /empresas
2026-02-04T17:38:21: [INFO 2026-02-04T20:38:21.846Z] POST /auth/login
2026-02-04T17:38:21: [INFO 2026-02-04T20:38:21.937Z] GET /empresas
2026-02-04T17:38:29: [INFO 2026-02-04T20:38:29.062Z] GET /usuarios
2026-02-04T17:38:51: [INFO 2026-02-04T20:38:51.006Z] GET /empresas
2026-02-04T17:38:57: [INFO 2026-02-04T20:38:57.550Z] GET /empresas
2026-02-04T17:39:13: [INFO 2026-02-04T20:39:13.590Z] GET /empresas
2026-02-04T17:39:31: [INFO 2026-02-04T20:39:31.265Z] GET /empresas
2026-02-04T17:39:39: [INFO 2026-02-04T20:39:39.954Z] GET /empresas
2026-02-04T17:40:32: [INFO 2026-02-04T20:40:32.897Z] GET /empresas
2026-02-04T17:40:41: [INFO 2026-02-04T20:40:41.094Z] GET /empresas
2026-02-04T17:49:49: [INFO 2026-02-04T20:49:49.052Z] GET /empresas
2026-02-04T18:04:48: [INFO 2026-02-04T21:04:48.807Z] GET /empresas
2026-02-04T18:19:48: [INFO 2026-02-04T21:19:48.872Z] GET /empresas
2026-02-05T08:40:22: [INFO 2026-02-05T11:40:22.007Z] POST /auth/login
2026-02-05T08:40:22: [INFO 2026-02-05T11:40:22.289Z] GET /empresas
2026-02-05T08:40:32: [INFO 2026-02-05T11:40:32.135Z] GET /usuarios
2026-02-05T08:40:36: [INFO 2026-02-05T11:40:36.019Z] GET /empresas
2026-02-05T08:40:44: [INFO 2026-02-05T11:40:44.431Z] GET /empresas
2026-02-05T08:40:51: [INFO 2026-02-05T11:40:51.684Z] GET /empresas
2026-02-05T10:17:28: [INFO 2026-02-05T13:17:28.590Z] GET /usuarios
2026-02-05T10:18:45: [INFO 2026-02-05T13:18:45.230Z] GET /empresas
2026-02-05T11:00:15: [INFO 2026-02-05T14:00:15.587Z] POST /auth/login
2026-02-05T11:00:15: [INFO 2026-02-05T14:00:15.671Z] GET /empresas
2026-02-05T14:58:08: [SUCCESS 2026-02-05T17:58:08.895Z] Servidor rodando na porta 3000
2026-02-05T14:58:08: [SUCCESS 2026-02-05T17:58:08.994Z] MySQL Pool conectado com sucesso
2026-02-05T14:58:41: [INFO 2026-02-05T17:58:41.481Z] POST /auth/login
2026-02-05T14:59:11: [INFO 2026-02-05T17:59:11.198Z] POST /auth/login
2026-02-05T15:02:05: [INFO 2026-02-05T18:02:05.114Z] POST /auth/login
2026-02-05T15:37:49: [INFO 2026-02-05T18:37:49.884Z] POST /auth/login
2026-02-05T16:17:05: [INFO 2026-02-05T19:17:05.714Z] POST /auth/login
2026-02-05T16:17:10: [INFO 2026-02-05T19:17:10.165Z] GET /empresas
2026-02-05T16:17:10: [INFO 2026-02-05T19:17:10.226Z] GET /empresas/
2026-02-05T16:17:20: [INFO 2026-02-05T19:17:20.076Z] GET /empresas/
2026-02-05T16:17:20: [INFO 2026-02-05T19:17:20.094Z] GET /empresas/
2026-02-05T16:17:20: [INFO 2026-02-05T19:17:20.106Z] GET /empresas/
2026-02-05T16:17:26: [INFO 2026-02-05T19:17:26.993Z] GET /empresas/
2026-02-05T16:23:13: [INFO 2026-02-05T19:23:13.379Z] GET /usuarios
2026-02-05T16:23:13: [INFO 2026-02-05T19:23:13.385Z] GET /usuarios/
2026-02-05T16:23:15: [INFO 2026-02-05T19:23:15.065Z] GET /usuarios/
2026-02-05T16:23:16: [INFO 2026-02-05T19:23:16.324Z] GET /usuarios/
2026-02-05T16:23:17: [INFO 2026-02-05T19:23:17.118Z] GET /usuarios/
2026-02-05T16:23:18: [INFO 2026-02-05T19:23:18.383Z] GET /usuarios/
2026-02-05T16:24:40: [INFO 2026-02-05T19:24:40.253Z] GET /usuarios/
2026-02-05T16:24:40: [INFO 2026-02-05T19:24:40.764Z] GET /usuarios/
2026-02-05T16:24:41: [INFO 2026-02-05T19:24:41.438Z] GET /usuarios/
2026-02-05T16:24:45: [INFO 2026-02-05T19:24:45.159Z] GET /usuarios/
2026-02-05T16:24:45: [INFO 2026-02-05T19:24:45.835Z] GET /usuarios/
2026-02-05T16:24:47: [INFO 2026-02-05T19:24:47.061Z] GET /usuarios/
2026-02-05T16:24:52: [INFO 2026-02-05T19:24:52.974Z] GET /usuarios/
2026-02-05T16:25:36: [INFO 2026-02-05T19:25:36.467Z] GET /usuarios/
2026-02-05T16:26:57: [INFO 2026-02-05T19:26:57.008Z] GET /usuarios/
2026-02-05T16:27:06: [INFO 2026-02-05T19:27:06.090Z] GET /usuarios/
2026-02-05T16:27:07: [INFO 2026-02-05T19:27:07.366Z] GET /usuarios/
2026-02-05T16:27:09: [INFO 2026-02-05T19:27:09.941Z] GET /usuarios/
2026-02-05T16:30:05: [INFO 2026-02-05T19:30:05.166Z] GET /usuarios/
2026-02-05T16:30:10: [INFO 2026-02-05T19:30:10.756Z] GET /usuarios/
2026-02-05T16:30:12: [INFO 2026-02-05T19:30:12.676Z] GET /usuarios/
2026-02-05T16:30:16: [INFO 2026-02-05T19:30:16.685Z] GET /usuarios/
2026-02-05T16:30:21: [INFO 2026-02-05T19:30:21.875Z] GET /usuarios/
2026-02-05T16:30:26: [INFO 2026-02-05T19:30:26.793Z] GET /usuarios/
2026-02-05T16:30:28: [INFO 2026-02-05T19:30:28.137Z] GET /usuarios/
2026-02-05T16:30:30: [INFO 2026-02-05T19:30:30.822Z] GET /usuarios/
2026-02-05T16:30:31: [INFO 2026-02-05T19:30:31.910Z] GET /usuarios/
2026-02-05T16:30:32: [INFO 2026-02-05T19:30:32.394Z] GET /usuarios/
2026-02-05T16:32:25: [INFO 2026-02-05T19:32:25.014Z] GET /empresas/
2026-02-05T16:32:32: [INFO 2026-02-05T19:32:32.249Z] GET /empresas/
2026-02-05T16:32:58: [INFO 2026-02-05T19:32:58.839Z] GET /empresas/
2026-02-05T16:33:05: [INFO 2026-02-05T19:33:05.459Z] GET /empresas/
2026-02-05T16:33:17: [INFO 2026-02-05T19:33:17.041Z] GET /usuarios/
2026-02-05T16:33:22: [INFO 2026-02-05T19:33:22.618Z] GET /usuarios/
2026-02-05T16:34:34: [INFO 2026-02-05T19:34:34.772Z] GET /usuarios/
2026-02-05T16:34:37: [INFO 2026-02-05T19:34:37.484Z] GET /usuarios/
2026-02-05T16:34:39: [INFO 2026-02-05T19:34:39.192Z] GET /usuarios/
2026-02-05T16:35:01: [INFO 2026-02-05T19:35:01.736Z] GET /usuarios/
2026-02-05T16:35:10: [INFO 2026-02-05T19:35:10.192Z] GET /usuarios/
2026-02-05T16:35:13: [INFO 2026-02-05T19:35:13.327Z] GET /usuarios/
2026-02-05T16:35:15: [INFO 2026-02-05T19:35:15.968Z] GET /usuarios/
2026-02-05T16:35:18: [INFO 2026-02-05T19:35:18.744Z] GET /usuarios/
2026-02-05T16:35:19: [INFO 2026-02-05T19:35:19.464Z] GET /usuarios/
2026-02-05T16:35:35: [INFO 2026-02-05T19:35:35.279Z] GET /usuarios/
2026-02-05T16:35:46: [INFO 2026-02-05T19:35:46.423Z] GET /usuarios/
2026-02-05T16:35:47: [INFO 2026-02-05T19:35:47.921Z] GET /usuarios/
2026-02-05T16:38:01: [INFO 2026-02-05T19:38:01.866Z] GET /usuarios/
2026-02-05T16:38:23: [INFO 2026-02-05T19:38:23.410Z] GET /usuarios/
2026-02-05T16:38:56: [INFO 2026-02-05T19:38:56.924Z] GET /usuarios/
2026-02-05T16:40:27: [INFO 2026-02-05T19:40:27.791Z] GET /usuarios/
2026-02-05T16:40:33: [INFO 2026-02-05T19:40:33.996Z] GET /usuarios/
2026-02-05T16:40:59: [INFO 2026-02-05T19:40:59.399Z] GET /usuarios/
2026-02-05T16:41:10: [INFO 2026-02-05T19:41:10.446Z] GET /usuarios/
2026-02-05T16:41:13: [INFO 2026-02-05T19:41:13.711Z] GET /usuarios/
2026-02-05T16:41:16: [INFO 2026-02-05T19:41:16.189Z] GET /usuarios/
2026-02-05T16:41:21: [INFO 2026-02-05T19:41:21.801Z] GET /usuarios/
2026-02-05T16:41:23: [INFO 2026-02-05T19:41:23.737Z] GET /usuarios/1
2026-02-05T16:41:24: [INFO 2026-02-05T19:41:24.797Z] GET /usuarios/1
2026-02-05T16:41:25: [INFO 2026-02-05T19:41:25.310Z] GET /usuarios/2
2026-02-05T16:41:26: [INFO 2026-02-05T19:41:26.298Z] GET /usuarios/
2026-02-05T16:41:28: [INFO 2026-02-05T19:41:28.928Z] GET /usuarios/
2026-02-05T17:01:00: [INFO 2026-02-05T20:01:00.442Z] POST /auth/login
2026-02-05T17:01:03: [INFO 2026-02-05T20:01:03.367Z] GET /empresas/
2026-02-05T17:01:10: [INFO 2026-02-05T20:01:10.838Z] GET /empresas/
2026-02-05T17:01:21: [INFO 2026-02-05T20:01:21.716Z] GET /usuarios/
2026-02-05T17:01:28: [INFO 2026-02-05T20:01:28.900Z] GET /usuarios/
2026-02-05T17:01:30: [INFO 2026-02-05T20:01:30.515Z] GET /usuarios/00106
2026-02-05T17:01:31: [INFO 2026-02-05T20:01:31.567Z] GET /usuarios/admin
2026-02-05T17:01:31: [INFO 2026-02-05T20:01:31.834Z] GET /usuarios/admin
2026-02-05T17:01:32: [INFO 2026-02-05T20:01:32.026Z] GET /usuarios/admin
2026-02-05T17:01:32: [INFO 2026-02-05T20:01:32.210Z] GET /usuarios/admin
2026-02-05T17:01:34: [INFO 2026-02-05T20:01:34.355Z] GET /usuarios/
2026-02-05T17:01:47: [INFO 2026-02-05T20:01:47.173Z] GET /usuarios/
2026-02-05T17:04:15: [INFO 2026-02-05T20:04:15.812Z] GET /usuarios/
2026-02-05T17:04:17: [INFO 2026-02-05T20:04:17.921Z] GET /usuarios/
2026-02-05T17:04:20: [INFO 2026-02-05T20:04:20.792Z] GET /usuarios/
2026-02-05T17:04:24: [INFO 2026-02-05T20:04:24.495Z] GET /usuarios/
2026-02-05T17:04:25: [INFO 2026-02-05T20:04:25.525Z] GET /usuarios/
2026-02-05T17:04:26: [INFO 2026-02-05T20:04:26.381Z] GET /usuarios/
2026-02-05T17:04:27: [INFO 2026-02-05T20:04:27.002Z] GET /usuarios/
2026-02-05T17:04:27: [INFO 2026-02-05T20:04:27.229Z] GET /usuarios/
2026-02-05T17:04:27: [INFO 2026-02-05T20:04:27.387Z] GET /usuarios/
2026-02-05T17:04:28: [INFO 2026-02-05T20:04:28.135Z] GET /usuarios/
2026-02-05T17:04:28: [INFO 2026-02-05T20:04:28.451Z] GET /usuarios/
2026-02-05T17:04:28: [INFO 2026-02-05T20:04:28.810Z] GET /usuarios/
2026-02-05T17:04:29: [INFO 2026-02-05T20:04:29.421Z] GET /usuarios/
2026-02-05T17:04:29: [INFO 2026-02-05T20:04:29.775Z] GET /usuarios/
2026-02-05T17:04:30: [INFO 2026-02-05T20:04:30.111Z] GET /usuarios/
2026-02-05T17:08:26: [INFO 2026-02-05T20:08:26.953Z] GET /usuarios/
2026-02-05T17:08:36: [INFO 2026-02-05T20:08:36.483Z] GET /usuarios/
2026-02-05T17:08:39: [INFO 2026-02-05T20:08:39.247Z] GET /usuarios/
2026-02-05T17:08:39: [INFO 2026-02-05T20:08:39.704Z] GET /usuarios/
2026-02-05T17:08:40: [INFO 2026-02-05T20:08:40.523Z] GET /usuarios/
2026-02-05T17:13:35: [INFO 2026-02-05T20:13:35.419Z] GET /usuarios/
2026-02-05T17:13:35: [INFO 2026-02-05T20:13:35.426Z] GET /usuarios/
2026-02-05T17:13:36: [INFO 2026-02-05T20:13:36.432Z] GET /usuarios/
2026-02-05T17:13:39: [INFO 2026-02-05T20:13:39.419Z] GET /usuarios/
2026-02-05T17:13:43: [INFO 2026-02-05T20:13:43.043Z] GET /usuarios/
2026-02-05T17:13:43: [INFO 2026-02-05T20:13:43.415Z] GET /usuarios/
2026-02-05T17:13:46: [INFO 2026-02-05T20:13:46.652Z] GET /usuarios/
2026-02-05T17:13:59: [INFO 2026-02-05T20:13:59.984Z] GET /usuarios/
2026-02-05T17:14:00: [INFO 2026-02-05T20:14:00.879Z] GET /usuarios/
2026-02-05T17:20:09: [INFO 2026-02-05T20:20:09.362Z] GET /usuarios/
2026-02-05T17:20:10: [INFO 2026-02-05T20:20:10.766Z] GET /usuarios/
2026-02-05T17:20:13: [INFO 2026-02-05T20:20:13.139Z] GET /usuarios/
2026-02-05T17:20:15: [INFO 2026-02-05T20:20:15.370Z] GET /usuarios/
2026-02-05T17:20:16: [INFO 2026-02-05T20:20:16.161Z] GET /usuarios/
2026-02-05T17:20:17: [INFO 2026-02-05T20:20:17.915Z] GET /usuarios/
2026-02-05T17:20:18: [INFO 2026-02-05T20:20:18.979Z] GET /usuarios/
2026-02-05T17:23:08: [INFO 2026-02-05T20:23:08.471Z] GET /usuarios/
2026-02-05T17:23:09: [INFO 2026-02-05T20:23:09.233Z] GET /usuarios/
2026-02-05T17:23:09: [INFO 2026-02-05T20:23:09.727Z] GET /usuarios/
2026-02-05T17:23:10: [INFO 2026-02-05T20:23:10.484Z] GET /usuarios/
2026-02-05T17:23:11: [INFO 2026-02-05T20:23:11.370Z] GET /usuarios/
2026-02-05T17:23:12: [INFO 2026-02-05T20:23:12.537Z] GET /usuarios/
2026-02-05T17:23:13: [INFO 2026-02-05T20:23:13.707Z] GET /usuarios/
2026-02-05T17:23:14: [INFO 2026-02-05T20:23:14.253Z] GET /usuarios/
2026-02-05T17:23:14: [INFO 2026-02-05T20:23:14.759Z] GET /usuarios/
2026-02-05T17:23:15: [INFO 2026-02-05T20:23:15.521Z] GET /usuarios/
2026-02-05T17:23:16: [INFO 2026-02-05T20:23:16.181Z] GET /usuarios/
2026-02-05T17:23:16: [INFO 2026-02-05T20:23:16.741Z] GET /usuarios/
2026-02-05T17:23:17: [INFO 2026-02-05T20:23:17.369Z] GET /usuarios/
2026-02-05T17:23:17: [INFO 2026-02-05T20:23:17.719Z] GET /usuarios/
2026-02-05T17:23:18: [INFO 2026-02-05T20:23:18.007Z] GET /usuarios/
2026-02-05T17:23:18: [INFO 2026-02-05T20:23:18.290Z] GET /usuarios/
2026-02-05T17:23:18: [INFO 2026-02-05T20:23:18.787Z] GET /usuarios/
2026-02-05T17:23:28: [INFO 2026-02-05T20:23:28.141Z] GET /usuarios/
2026-02-05T17:23:29: [INFO 2026-02-05T20:23:29.456Z] GET /usuarios/
2026-02-05T17:23:30: [INFO 2026-02-05T20:23:30.200Z] GET /usuarios/
2026-02-05T17:23:31: [INFO 2026-02-05T20:23:31.217Z] GET /usuarios/
2026-02-05T17:23:31: [INFO 2026-02-05T20:23:31.961Z] GET /usuarios/
2026-02-05T17:23:32: [INFO 2026-02-05T20:23:32.529Z] GET /usuarios/
2026-02-05T17:23:33: [INFO 2026-02-05T20:23:33.341Z] GET /usuarios/
2026-02-05T17:23:33: [INFO 2026-02-05T20:23:33.710Z] GET /usuarios/
2026-02-05T17:23:34: [INFO 2026-02-05T20:23:34.110Z] GET /usuarios/
2026-02-05T17:23:34: [INFO 2026-02-05T20:23:34.428Z] GET /usuarios/
2026-02-05T17:26:08: [INFO 2026-02-05T20:26:08.384Z] GET /usuarios/
2026-02-05T17:26:09: [INFO 2026-02-05T20:26:09.273Z] GET /usuarios/
2026-02-05T17:26:10: [INFO 2026-02-05T20:26:10.684Z] GET /usuarios/
2026-02-05T17:26:14: [INFO 2026-02-05T20:26:14.072Z] GET /usuarios/
2026-02-05T17:26:14: [INFO 2026-02-05T20:26:14.457Z] GET /usuarios/
2026-02-05T17:26:14: [INFO 2026-02-05T20:26:14.873Z] GET /usuarios/
2026-02-05T17:26:15: [INFO 2026-02-05T20:26:15.760Z] GET /usuarios/
2026-02-05T17:26:16: [INFO 2026-02-05T20:26:16.110Z] GET /usuarios/
2026-02-05T17:26:16: [INFO 2026-02-05T20:26:16.376Z] GET /usuarios/
2026-02-05T17:26:24: [INFO 2026-02-05T20:26:24.052Z] GET /usuarios/
2026-02-05T17:26:24: [INFO 2026-02-05T20:26:24.832Z] GET /usuarios/
2026-02-05T17:26:25: [INFO 2026-02-05T20:26:25.810Z] GET /usuarios/
2026-02-05T17:26:29: [INFO 2026-02-05T20:26:29.063Z] GET /usuarios/
2026-02-05T17:26:30: [INFO 2026-02-05T20:26:30.441Z] GET /usuarios/
2026-02-05T17:27:23: [INFO 2026-02-05T20:27:23.285Z] GET /usuarios/
2026-02-05T17:27:24: [INFO 2026-02-05T20:27:24.216Z] GET /usuarios/
2026-02-05T17:27:27: [INFO 2026-02-05T20:27:27.769Z] GET /usuarios/
2026-02-05T17:27:32: [INFO 2026-02-05T20:27:32.024Z] GET /usuarios/
2026-02-05T17:27:41: [INFO 2026-02-05T20:27:41.248Z] GET /usuarios/
2026-02-05T17:27:41: [INFO 2026-02-05T20:27:41.855Z] GET /usuarios/
2026-02-05T17:27:43: [INFO 2026-02-05T20:27:43.819Z] GET /usuarios/
2026-02-05T17:28:21: [INFO 2026-02-05T20:28:21.477Z] GET /usuarios/
2026-02-05T17:30:37: [INFO 2026-02-05T20:30:37.090Z] GET /usuarios/
2026-02-05T17:30:37: [INFO 2026-02-05T20:30:37.943Z] GET /usuarios/
2026-02-05T17:30:39: [INFO 2026-02-05T20:30:39.596Z] GET /usuarios/
2026-02-05T17:30:40: [INFO 2026-02-05T20:30:40.353Z] GET /usuarios/
2026-02-05T17:30:41: [INFO 2026-02-05T20:30:41.426Z] GET /usuarios/
2026-02-05T17:30:50: [INFO 2026-02-05T20:30:50.577Z] GET /usuarios/
2026-02-05T17:30:52: [INFO 2026-02-05T20:30:52.173Z] GET /usuarios/
2026-02-05T17:31:17: [INFO 2026-02-05T20:31:17.021Z] POST /auth/login
2026-02-05T17:31:19: [INFO 2026-02-05T20:31:19.778Z] GET /empresas/
2026-02-05T17:31:27: [INFO 2026-02-05T20:31:27.755Z] GET /usuarios/
2026-02-05T17:31:28: [INFO 2026-02-05T20:31:28.854Z] GET /usuarios/
2026-02-05T17:31:30: [INFO 2026-02-05T20:31:30.430Z] GET /usuarios/
2026-02-05T17:31:37: [INFO 2026-02-05T20:31:37.836Z] GET /usuarios/
2026-02-05T17:31:38: [INFO 2026-02-05T20:31:38.761Z] GET /usuarios/
2026-02-05T17:31:39: [INFO 2026-02-05T20:31:39.437Z] GET /usuarios/
2026-02-05T17:31:39: [INFO 2026-02-05T20:31:39.756Z] GET /usuarios/
2026-02-05T17:31:40: [INFO 2026-02-05T20:31:40.432Z] GET /usuarios/
2026-02-05T17:34:11: [INFO 2026-02-05T20:34:11.626Z] GET /usuarios/
2026-02-05T17:34:12: [INFO 2026-02-05T20:34:12.476Z] GET /usuarios/
2026-02-05T17:34:13: [INFO 2026-02-05T20:34:13.350Z] GET /usuarios/
2026-02-05T17:34:15: [INFO 2026-02-05T20:34:15.728Z] GET /usuarios/
2026-02-05T17:34:17: [INFO 2026-02-05T20:34:17.080Z] GET /usuarios/
2026-02-05T17:34:18: [INFO 2026-02-05T20:34:18.229Z] GET /usuarios/
2026-02-05T17:34:22: [INFO 2026-02-05T20:34:22.780Z] GET /usuarios/
2026-02-05T17:37:00: [INFO 2026-02-05T20:37:00.098Z] GET /usuarios/
2026-02-05T17:37:01: [INFO 2026-02-05T20:37:01.770Z] GET /usuarios/
2026-02-05T17:37:04: [INFO 2026-02-05T20:37:04.432Z] GET /usuarios/
2026-02-05T17:37:06: [INFO 2026-02-05T20:37:06.696Z] GET /usuarios/
2026-02-05T17:37:10: [INFO 2026-02-05T20:37:10.191Z] GET /usuarios/
2026-02-05T17:40:40: [INFO 2026-02-05T20:40:40.909Z] GET /usuarios/
2026-02-05T17:41:36: [INFO 2026-02-05T20:41:36.287Z] GET /usuarios/
2026-02-05T17:41:43: [INFO 2026-02-05T20:41:43.469Z] GET /empresas/
2026-02-05T17:47:00: [INFO 2026-02-05T20:47:00.483Z] GET /empresas/
2026-02-05T17:47:08: [INFO 2026-02-05T20:47:08.428Z] GET /empresas/
2026-02-05T17:48:11: [INFO 2026-02-05T20:48:11.983Z] GET /empresas/
2026-02-05T17:48:27: [INFO 2026-02-05T20:48:27.088Z] GET /usuarios/
2026-02-05T17:51:34: [INFO 2026-02-05T20:51:34.223Z] GET /usuarios/
2026-02-06T08:04:24: [INFO 2026-02-06T11:04:24.373Z] POST /auth/login
2026-02-06T08:04:29: [INFO 2026-02-06T11:04:29.758Z] GET /empresas/
2026-02-06T08:04:40: [INFO 2026-02-06T11:04:40.492Z] GET /usuarios/
2026-02-06T08:04:46: [INFO 2026-02-06T11:04:46.458Z] GET /usuarios/
2026-02-06T08:04:48: [INFO 2026-02-06T11:04:48.242Z] GET /usuarios/
2026-02-06T08:04:51: [INFO 2026-02-06T11:04:51.362Z] GET /usuarios/
2026-02-06T08:06:50: [INFO 2026-02-06T11:06:50.780Z] GET /empresas/
2026-02-06T08:08:36: [INFO 2026-02-06T11:08:36.516Z] GET /usuarios/
2026-02-06T08:08:38: [INFO 2026-02-06T11:08:38.251Z] GET /empresas/
2026-02-06T08:12:06: [INFO 2026-02-06T11:12:06.186Z] POST /auth/login
2026-02-06T08:14:32: [INFO 2026-02-06T11:14:32.961Z] POST /auth/login
2026-02-06T08:15:05: [SUCCESS 2026-02-06T11:15:05.648Z] Servidor rodando na porta 3000
2026-02-06T08:15:05: [SUCCESS 2026-02-06T11:15:05.709Z] MySQL Pool conectado com sucesso
2026-02-06T08:15:23: [INFO 2026-02-06T11:15:23.484Z] POST /auth/login
2026-02-06T08:34:23: [INFO 2026-02-06T11:34:23.245Z] POST /auth/login
2026-02-06T08:36:33: [INFO 2026-02-06T11:36:33.751Z] POST /auth/login
2026-02-06T08:38:26: [INFO 2026-02-06T11:38:26.931Z] POST /auth/login
2026-02-06T08:43:54: [INFO 2026-02-06T11:43:54.141Z] POST /auth/login
2026-02-06T09:40:33: [INFO 2026-02-06T12:40:33.760Z] GET /empresas
2026-02-06T09:40:43: [INFO 2026-02-06T12:40:43.599Z] POST /auth/login
2026-02-06T09:40:45: [INFO 2026-02-06T12:40:45.092Z] GET /empresas
2026-02-06T09:40:45: [INFO 2026-02-06T12:40:45.146Z] GET /empresas/
2026-02-06T09:41:55: [INFO 2026-02-06T12:41:55.378Z] POST /auth/login
2026-02-06T09:41:57: [INFO 2026-02-06T12:41:57.283Z] GET /empresas
2026-02-06T09:41:57: [INFO 2026-02-06T12:41:57.309Z] GET /empresas/
2026-02-06T09:42:33: [INFO 2026-02-06T12:42:33.064Z] GET /empresas
2026-02-06T09:42:33: [INFO 2026-02-06T12:42:33.088Z] GET /empresas/
2026-02-06T09:42:41: [INFO 2026-02-06T12:42:41.266Z] GET /usuarios
2026-02-06T09:42:41: [INFO 2026-02-06T12:42:41.274Z] GET /usuarios/
2026-02-06T09:42:42: [INFO 2026-02-06T12:42:42.985Z] GET /usuarios
2026-02-06T09:42:42: [INFO 2026-02-06T12:42:42.995Z] GET /usuarios/
2026-02-06T09:43:10: [INFO 2026-02-06T12:43:10.944Z] GET /usuarios
2026-02-06T09:43:11: [INFO 2026-02-06T12:43:11.000Z] GET /usuarios/
2026-02-06T09:43:13: [INFO 2026-02-06T12:43:13.407Z] GET /empresas
2026-02-06T09:43:13: [INFO 2026-02-06T12:43:13.446Z] GET /empresas/
2026-02-06T09:44:40: [INFO 2026-02-06T12:44:40.628Z] POST /auth/login
2026-02-06T09:45:19: [INFO 2026-02-06T12:45:19.369Z] GET /usuarios
2026-02-06T09:45:19: [INFO 2026-02-06T12:45:19.385Z] GET /usuarios/
2026-02-06T09:45:24: [INFO 2026-02-06T12:45:24.746Z] GET /usuarios
2026-02-06T09:45:24: [INFO 2026-02-06T12:45:24.755Z] GET /usuarios/
2026-02-06T09:45:30: [INFO 2026-02-06T12:45:30.129Z] GET /usuarios
2026-02-06T09:45:30: [INFO 2026-02-06T12:45:30.144Z] GET /usuarios/
2026-02-06T09:45:34: [INFO 2026-02-06T12:45:34.759Z] GET /usuarios
2026-02-06T09:45:34: [INFO 2026-02-06T12:45:34.786Z] GET /usuarios/
2026-02-06T09:46:02: [INFO 2026-02-06T12:46:02.350Z] GET /usuarios
2026-02-06T09:46:02: [INFO 2026-02-06T12:46:02.356Z] GET /usuarios/
2026-02-06T09:46:03: [INFO 2026-02-06T12:46:03.320Z] GET /usuarios
2026-02-06T09:46:03: [INFO 2026-02-06T12:46:03.326Z] GET /usuarios/
2026-02-06T09:46:03: [INFO 2026-02-06T12:46:03.496Z] GET /usuarios
2026-02-06T09:46:03: [INFO 2026-02-06T12:46:03.508Z] GET /usuarios/
2026-02-06T09:46:03: [INFO 2026-02-06T12:46:03.789Z] GET /usuarios
2026-02-06T09:46:03: [INFO 2026-02-06T12:46:03.858Z] GET /usuarios/
2026-02-06T09:46:07: [INFO 2026-02-06T12:46:07.993Z] GET /empresas
2026-02-06T09:46:08: [INFO 2026-02-06T12:46:08.025Z] GET /empresas/
2026-02-06T09:46:23: [INFO 2026-02-06T12:46:23.184Z] GET /empresas
2026-02-06T09:46:23: [INFO 2026-02-06T12:46:23.201Z] GET /empresas/
2026-02-06T09:46:34: [INFO 2026-02-06T12:46:34.334Z] GET /empresas
2026-02-06T09:46:34: [INFO 2026-02-06T12:46:34.341Z] GET /empresas/
2026-02-06T09:46:52: [INFO 2026-02-06T12:46:52.459Z] GET /usuarios
2026-02-06T09:46:52: [INFO 2026-02-06T12:46:52.599Z] GET /usuarios/
2026-02-06T09:47:35: [INFO 2026-02-06T12:47:35.471Z] GET /usuarios
2026-02-06T09:47:35: [INFO 2026-02-06T12:47:35.501Z] GET /usuarios/
2026-02-06T09:47:40: [INFO 2026-02-06T12:47:40.298Z] GET /usuarios
2026-02-06T09:47:40: [INFO 2026-02-06T12:47:40.304Z] GET /usuarios/
2026-02-06T09:47:47: [INFO 2026-02-06T12:47:47.264Z] GET /usuarios
2026-02-06T09:47:47: [INFO 2026-02-06T12:47:47.273Z] GET /usuarios/
2026-02-06T09:49:00: [INFO 2026-02-06T12:49:00.919Z] GET /empresas
2026-02-06T09:49:00: [INFO 2026-02-06T12:49:00.975Z] GET /empresas/
2026-02-06T09:49:14: [INFO 2026-02-06T12:49:14.286Z] GET /usuarios
2026-02-06T09:49:14: [INFO 2026-02-06T12:49:14.298Z] GET /usuarios/
2026-02-06T09:49:17: [INFO 2026-02-06T12:49:17.821Z] GET /usuarios
2026-02-06T09:49:17: [INFO 2026-02-06T12:49:17.828Z] GET /usuarios/
2026-02-06T09:49:21: [INFO 2026-02-06T12:49:21.837Z] GET /empresas
2026-02-06T09:49:21: [INFO 2026-02-06T12:49:21.843Z] GET /empresas/
2026-02-06T09:50:21: [INFO 2026-02-06T12:50:21.458Z] GET /empresas
2026-02-06T09:50:21: [INFO 2026-02-06T12:50:21.499Z] GET /empresas/
2026-02-06T09:50:32: [INFO 2026-02-06T12:50:32.513Z] GET /empresas
2026-02-06T09:50:32: [INFO 2026-02-06T12:50:32.534Z] GET /empresas/
2026-02-06T09:50:43: [INFO 2026-02-06T12:50:43.218Z] GET /empresas
2026-02-06T09:50:43: [INFO 2026-02-06T12:50:43.342Z] GET /empresas/
2026-02-06T10:39:59: [INFO 2026-02-06T13:39:59.284Z] GET /empresas
2026-02-06T10:39:59: [INFO 2026-02-06T13:39:59.379Z] GET /empresas/
2026-02-06T10:40:09: [INFO 2026-02-06T13:40:09.999Z] GET /empresas/217
2026-02-06T10:41:38: [INFO 2026-02-06T13:41:38.389Z] GET /empresas
2026-02-06T10:53:47: [INFO 2026-02-06T13:53:47.881Z] POST /auth/login
2026-02-06T10:53:52: [INFO 2026-02-06T13:53:52.293Z] GET /empresas
2026-02-06T10:53:52: [INFO 2026-02-06T13:53:52.362Z] GET /empresas/
2026-02-06T10:53:59: [INFO 2026-02-06T13:53:59.983Z] GET /empresas
2026-02-06T10:54:00: [INFO 2026-02-06T13:54:00.163Z] GET /empresas/
2026-02-06T10:54:16: [INFO 2026-02-06T13:54:16.645Z] GET /empresas/217
2026-02-06T11:04:23: [INFO 2026-02-06T14:04:23.302Z] GET /empresas
2026-02-06T11:04:23: [INFO 2026-02-06T14:04:23.365Z] GET /empresas/
2026-02-06T11:10:29: [INFO 2026-02-06T14:10:29.668Z] GET /empresas
2026-02-06T11:10:29: [INFO 2026-02-06T14:10:29.820Z] GET /empresas/
2026-02-06T11:10:43: [INFO 2026-02-06T14:10:43.138Z] GET /empresas/217
2026-02-06T11:10:46: [INFO 2026-02-06T14:10:46.672Z] PUT /empresas/217
2026-02-06T11:10:46: [INFO 2026-02-06T14:10:46.806Z] GET /empresas
2026-02-06T11:10:46: [INFO 2026-02-06T14:10:46.807Z] GET /empresas
2026-02-06T11:10:47: [INFO 2026-02-06T14:10:47.348Z] GET /empresas/
2026-02-06T11:10:47: [INFO 2026-02-06T14:10:47.348Z] GET /empresas/
2026-02-06T11:11:44: [INFO 2026-02-06T14:11:44.207Z] GET /empresas
2026-02-06T11:11:44: [INFO 2026-02-06T14:11:44.364Z] GET /empresas/
2026-02-06T11:33:17: [INFO 2026-02-06T14:33:17.317Z] GET /empresas
2026-02-06T11:33:25: [INFO 2026-02-06T14:33:25.352Z] POST /auth/login
2026-02-06T11:35:42: [INFO 2026-02-06T14:35:42.902Z] POST /auth/login
2026-02-06T11:35:46: [INFO 2026-02-06T14:35:46.160Z] GET /empresas
2026-02-06T11:35:46: [INFO 2026-02-06T14:35:46.189Z] GET /empresas/
2026-02-06T11:35:55: [INFO 2026-02-06T14:35:55.739Z] GET /usuarios
2026-02-06T11:35:55: [INFO 2026-02-06T14:35:55.758Z] GET /usuarios/
2026-02-06T11:35:58: [INFO 2026-02-06T14:35:58.024Z] GET /empresas
2026-02-06T11:35:58: [INFO 2026-02-06T14:35:58.043Z] GET /empresas/
2026-02-06T11:36:11: [INFO 2026-02-06T14:36:11.410Z] GET /empresas
2026-02-06T11:36:11: [INFO 2026-02-06T14:36:11.429Z] GET /empresas/
2026-02-06T11:38:25: [INFO 2026-02-06T14:38:25.231Z] GET /empresas
2026-02-06T11:38:25: [INFO 2026-02-06T14:38:25.242Z] GET /empresas/
2026-02-06T11:38:35: [INFO 2026-02-06T14:38:35.215Z] GET /empresas
2026-02-06T11:38:35: [INFO 2026-02-06T14:38:35.222Z] GET /empresas/
2026-02-06T11:38:42: [INFO 2026-02-06T14:38:42.747Z] GET /usuarios
2026-02-06T11:38:42: [INFO 2026-02-06T14:38:42.754Z] GET /usuarios/
2026-02-06T11:44:04: [INFO 2026-02-06T14:44:04.090Z] GET /empresas
2026-02-06T11:44:04: [INFO 2026-02-06T14:44:04.112Z] GET /empresas/
2026-02-06T11:44:11: [INFO 2026-02-06T14:44:11.482Z] GET /empresas
2026-02-06T11:44:11: [INFO 2026-02-06T14:44:11.510Z] GET /empresas/
2026-02-06T11:44:41: [INFO 2026-02-06T14:44:41.482Z] GET /usuarios
2026-02-06T11:44:41: [INFO 2026-02-06T14:44:41.531Z] GET /usuarios/
2026-02-06T11:45:08: [INFO 2026-02-06T14:45:08.970Z] POST /auth/login
2026-02-06T13:17:36: [INFO 2026-02-06T16:17:36.368Z] POST /auth/login
2026-02-06T13:17:45: [INFO 2026-02-06T16:17:45.954Z] POST /auth/login
2026-02-06T13:19:53: [INFO 2026-02-06T16:19:53.263Z] GET /empresas
2026-02-06T13:19:53: [INFO 2026-02-06T16:19:53.286Z] GET /empresas/
2026-02-06T13:20:06: [INFO 2026-02-06T16:20:06.860Z] GET /empresas
2026-02-06T13:20:07: [INFO 2026-02-06T16:20:07.148Z] GET /empresas/
2026-02-06T14:35:19: [INFO 2026-02-06T17:35:19.029Z] POST /auth/login
2026-02-06T14:35:23: [INFO 2026-02-06T17:35:23.521Z] GET /usuarios
2026-02-06T14:35:23: [INFO 2026-02-06T17:35:23.540Z] GET /usuarios/
2026-02-06T14:35:33: [INFO 2026-02-06T17:35:33.991Z] POST /usuarios
2026-02-06T14:35:36: [INFO 2026-02-06T17:35:36.272Z] POST /usuarios
2026-02-06T14:35:37: [INFO 2026-02-06T17:35:37.297Z] GET /usuarios
2026-02-06T14:35:37: [INFO 2026-02-06T17:35:37.304Z] GET /usuarios/
2026-02-06T14:35:38: [INFO 2026-02-06T17:35:38.853Z] GET /usuarios
2026-02-06T14:35:38: [INFO 2026-02-06T17:35:38.857Z] GET /usuarios/
2026-02-06T14:35:39: [INFO 2026-02-06T17:35:39.753Z] GET /usuarios
2026-02-06T14:35:39: [INFO 2026-02-06T17:35:39.759Z] GET /usuarios/
2026-02-06T14:35:45: [INFO 2026-02-06T17:35:45.808Z] POST /usuarios
2026-02-06T14:35:46: [INFO 2026-02-06T17:35:46.198Z] POST /usuarios
2026-02-06T14:35:46: [INFO 2026-02-06T17:35:46.366Z] POST /usuarios
2026-02-06T14:35:46: [INFO 2026-02-06T17:35:46.543Z] POST /usuarios
2026-02-06T14:36:05: [INFO 2026-02-06T17:36:05.583Z] POST /auth/login
2026-02-06T14:36:06: [INFO 2026-02-06T17:36:06.701Z] POST /auth/login
2026-02-06T14:36:19: [SUCCESS 2026-02-06T17:36:19.079Z] Servidor rodando na porta 3000
2026-02-06T14:36:19: [SUCCESS 2026-02-06T17:36:19.210Z] MySQL Pool conectado com sucesso
2026-02-06T14:36:28: [INFO 2026-02-06T17:36:28.469Z] POST /auth/login
2026-02-06T14:36:32: [INFO 2026-02-06T17:36:32.661Z] POST /auth/login
2026-02-06T14:36:41: [INFO 2026-02-06T17:36:41.757Z] POST /auth/login
2026-02-06T14:36:44: [INFO 2026-02-06T17:36:44.522Z] GET /usuarios
2026-02-06T14:36:44: [INFO 2026-02-06T17:36:44.538Z] GET /usuarios/
2026-02-06T14:37:13: [INFO 2026-02-06T17:37:13.144Z] PUT /usuarios/00106
2026-02-06T14:37:14: [INFO 2026-02-06T17:37:14.969Z] GET /usuarios
2026-02-06T14:37:14: [INFO 2026-02-06T17:37:14.975Z] GET /usuarios/
2026-02-06T14:37:39: [INFO 2026-02-06T17:37:39.310Z] GET /usuarios
2026-02-06T14:37:39: [INFO 2026-02-06T17:37:39.324Z] GET /usuarios/
2026-02-06T14:37:41: [INFO 2026-02-06T17:37:41.753Z] DELETE /usuarios/00106
2026-02-06T14:37:44: [INFO 2026-02-06T17:37:44.922Z] GET /usuarios
2026-02-06T14:37:44: [INFO 2026-02-06T17:37:44.932Z] GET /usuarios/
2026-02-06T14:37:46: [INFO 2026-02-06T17:37:46.320Z] GET /usuarios
2026-02-06T14:37:46: [INFO 2026-02-06T17:37:46.326Z] GET /usuarios/
2026-02-06T14:39:31: [INFO 2026-02-06T17:39:31.142Z] GET /usuarios
2026-02-06T14:39:31: [INFO 2026-02-06T17:39:31.935Z] GET /usuarios/
2026-02-06T14:39:32: [INFO 2026-02-06T17:39:32.126Z] GET /favicon.ico
2026-02-06T14:46:09: [INFO 2026-02-06T17:46:09.820Z] GET /empresas
2026-02-06T14:46:09: [INFO 2026-02-06T17:46:09.845Z] GET /empresas/
2026-02-06T14:47:00: [INFO 2026-02-06T17:47:00.634Z] POST /empresas
2026-02-06T14:47:00: [INFO 2026-02-06T17:47:00.702Z] GET /empresas
2026-02-06T14:47:00: [INFO 2026-02-06T17:47:00.704Z] GET /empresas
2026-02-06T14:47:01: [INFO 2026-02-06T17:47:01.195Z] GET /empresas/
2026-02-06T14:47:01: [INFO 2026-02-06T17:47:01.207Z] GET /empresas/
2026-02-06T14:47:18: [INFO 2026-02-06T17:47:18.690Z] GET /empresas
2026-02-06T14:47:18: [INFO 2026-02-06T17:47:18.839Z] GET /empresas/
2026-02-06T14:47:27: [INFO 2026-02-06T17:47:27.890Z] GET /empresas/595
2026-02-06T14:47:33: [INFO 2026-02-06T17:47:33.990Z] PUT /empresas/595
2026-02-06T14:47:34: [INFO 2026-02-06T17:47:34.013Z] GET /empresas
2026-02-06T14:47:34: [INFO 2026-02-06T17:47:34.013Z] GET /empresas
2026-02-06T14:47:34: [INFO 2026-02-06T17:47:34.540Z] GET /empresas/
2026-02-06T14:47:34: [INFO 2026-02-06T17:47:34.542Z] GET /empresas/
2026-02-06T14:47:51: [INFO 2026-02-06T17:47:51.874Z] GET /empresas
2026-02-06T14:47:51: [INFO 2026-02-06T17:47:51.888Z] GET /empresas/
2026-02-06T14:47:58: [INFO 2026-02-06T17:47:58.911Z] GET /empresas
2026-02-06T14:47:59: [INFO 2026-02-06T17:47:59.192Z] GET /empresas/
2026-02-06T14:48:10: [INFO 2026-02-06T17:48:10.753Z] DELETE /empresas/595
2026-02-06T14:48:10: [INFO 2026-02-06T17:48:10.771Z] GET /empresas
2026-02-06T14:48:10: [INFO 2026-02-06T17:48:10.776Z] GET /empresas/
2026-02-06T14:48:31: [INFO 2026-02-06T17:48:31.170Z] GET /empresas
2026-02-06T14:48:31: [INFO 2026-02-06T17:48:31.290Z] GET /empresas/
2026-02-06T14:48:40: [INFO 2026-02-06T17:48:40.365Z] GET /empresas
2026-02-06T14:48:40: [INFO 2026-02-06T17:48:40.448Z] GET /empresas/
2026-02-06T14:48:48: [INFO 2026-02-06T17:48:48.233Z] GET /empresas
2026-02-06T14:48:48: [INFO 2026-02-06T17:48:48.808Z] GET /empresas/
2026-02-06T14:49:06: [INFO 2026-02-06T17:49:06.327Z] GET /empresas
2026-02-06T14:49:06: [INFO 2026-02-06T17:49:06.656Z] GET /empresas/
2026-02-06T14:49:27: [INFO 2026-02-06T17:49:27.456Z] GET /empresas
2026-02-06T14:49:27: [INFO 2026-02-06T17:49:27.474Z] GET /empresas/
2026-02-06T14:49:34: [INFO 2026-02-06T17:49:34.089Z] GET /empresas
2026-02-06T14:49:34: [INFO 2026-02-06T17:49:34.329Z] GET /empresas
2026-02-06T14:49:34: [INFO 2026-02-06T17:49:34.643Z] GET /empresas/
2026-02-06T14:49:34: [INFO 2026-02-06T17:49:34.652Z] GET /empresas/
2026-02-06T14:49:52: [INFO 2026-02-06T17:49:52.163Z] GET /usuarios
2026-02-06T14:49:52: [INFO 2026-02-06T17:49:52.174Z] GET /usuarios/
2026-02-06T14:56:33: [INFO 2026-02-06T17:56:33.603Z] GET /usuarios/
2026-02-06T14:56:34: [INFO 2026-02-06T17:56:34.410Z] GET /usuarios/
2026-02-06T14:56:40: [INFO 2026-02-06T17:56:40.890Z] GET /usuarios
2026-02-06T14:56:40: [INFO 2026-02-06T17:56:40.901Z] GET /usuarios/
2026-02-06T14:56:51: [SUCCESS 2026-02-06T17:56:51.311Z] Servidor rodando na porta 3000
2026-02-06T14:56:51: [SUCCESS 2026-02-06T17:56:51.408Z] MySQL Pool conectado com sucesso
2026-02-06T14:57:05: [INFO 2026-02-06T17:57:05.041Z] POST /auth/login
2026-02-06T14:57:12: [INFO 2026-02-06T17:57:12.780Z] POST /auth/login
2026-02-06T14:57:14: [INFO 2026-02-06T17:57:14.890Z] GET /usuarios
2026-02-06T14:57:14: [INFO 2026-02-06T17:57:14.897Z] GET /usuarios/
2026-02-06T14:57:17: [INFO 2026-02-06T17:57:17.320Z] GET /usuarios
2026-02-06T14:57:17: [INFO 2026-02-06T17:57:17.326Z] GET /usuarios/
2026-02-06T14:57:20: [INFO 2026-02-06T17:57:20.189Z] DELETE /usuarios/2
2026-02-06T14:57:21: [INFO 2026-02-06T17:57:21.800Z] GET /usuarios
2026-02-06T14:57:21: [INFO 2026-02-06T17:57:21.808Z] GET /usuarios/
2026-02-06T14:57:23: [INFO 2026-02-06T17:57:23.022Z] GET /usuarios
2026-02-06T14:57:23: [INFO 2026-02-06T17:57:23.029Z] GET /usuarios/
2026-02-06T14:57:31: [INFO 2026-02-06T17:57:31.829Z] POST /usuarios
2026-02-06T14:57:33: [INFO 2026-02-06T17:57:33.936Z] GET /usuarios
2026-02-06T14:57:33: [INFO 2026-02-06T17:57:33.941Z] GET /usuarios/
2026-02-06T14:57:34: [INFO 2026-02-06T17:57:34.581Z] GET /usuarios
2026-02-06T14:57:34: [INFO 2026-02-06T17:57:34.588Z] GET /usuarios/
2026-02-06T14:57:35: [INFO 2026-02-06T17:57:35.198Z] GET /usuarios
2026-02-06T14:57:35: [INFO 2026-02-06T17:57:35.205Z] GET /usuarios/
2026-02-06T14:57:41: [INFO 2026-02-06T17:57:41.819Z] POST /usuarios
2026-02-06T14:57:47: [INFO 2026-02-06T17:57:47.872Z] GET /usuarios
2026-02-06T14:57:47: [INFO 2026-02-06T17:57:47.879Z] GET /usuarios/
2026-02-06T14:57:49: [INFO 2026-02-06T17:57:49.882Z] GET /usuarios
2026-02-06T14:57:49: [INFO 2026-02-06T17:57:49.893Z] GET /usuarios/
2026-02-06T14:57:54: [INFO 2026-02-06T17:57:54.579Z] GET /usuarios/
2026-02-06T14:57:55: [INFO 2026-02-06T17:57:55.153Z] GET /usuarios/
2026-02-06T15:02:47: [INFO 2026-02-06T18:02:47.544Z] GET /usuarios/
2026-02-06T15:02:47: [INFO 2026-02-06T18:02:47.958Z] GET /usuarios/
2026-02-06T15:03:43: [INFO 2026-02-06T18:03:43.263Z] GET /usuarios
2026-02-06T15:03:43: [INFO 2026-02-06T18:03:43.273Z] GET /usuarios/
2026-02-06T15:03:45: [INFO 2026-02-06T18:03:45.087Z] GET /usuarios
2026-02-06T15:03:45: [INFO 2026-02-06T18:03:45.093Z] GET /usuarios/
2026-02-06T15:03:45: [INFO 2026-02-06T18:03:45.835Z] GET /usuarios
2026-02-06T15:03:45: [INFO 2026-02-06T18:03:45.841Z] GET /usuarios/
2026-02-06T15:03:46: [INFO 2026-02-06T18:03:46.357Z] GET /usuarios
2026-02-06T15:03:46: [INFO 2026-02-06T18:03:46.362Z] GET /usuarios/
2026-02-06T15:03:47: [INFO 2026-02-06T18:03:47.108Z] GET /usuarios
2026-02-06T15:03:47: [INFO 2026-02-06T18:03:47.112Z] GET /usuarios/
2026-02-06T15:03:47: [INFO 2026-02-06T18:03:47.944Z] GET /usuarios
2026-02-06T15:03:47: [INFO 2026-02-06T18:03:47.961Z] GET /usuarios/
2026-02-06T15:03:48: [INFO 2026-02-06T18:03:48.719Z] GET /usuarios
2026-02-06T15:03:48: [INFO 2026-02-06T18:03:48.730Z] GET /usuarios/
2026-02-06T15:03:57: [INFO 2026-02-06T18:03:57.369Z] POST /usuarios
2026-02-06T15:12:30: [INFO 2026-02-06T18:12:30.431Z] GET /usuarios
2026-02-06T15:12:30: [INFO 2026-02-06T18:12:30.443Z] GET /usuarios/
2026-02-06T15:12:30: [INFO 2026-02-06T18:12:30.800Z] GET /usuarios
2026-02-06T15:12:30: [INFO 2026-02-06T18:12:30.809Z] GET /usuarios/
2026-02-06T15:12:37: [INFO 2026-02-06T18:12:37.372Z] POST /usuarios
2026-02-06T15:17:42: [INFO 2026-02-06T18:17:42.412Z] GET /usuarios
2026-02-06T15:17:42: [INFO 2026-02-06T18:17:42.417Z] GET /usuarios/
2026-02-06T15:17:49: [INFO 2026-02-06T18:17:49.570Z] POST /usuarios
2026-02-06T15:17:50: [INFO 2026-02-06T18:17:50.866Z] GET /usuarios
2026-02-06T15:17:50: [INFO 2026-02-06T18:17:50.889Z] GET /usuarios/
2026-02-06T15:18:01: [INFO 2026-02-06T18:18:01.601Z] POST /auth/login
2026-02-06T15:18:05: [INFO 2026-02-06T18:18:05.656Z] POST /auth/login
2026-02-06T15:18:06: [INFO 2026-02-06T18:18:06.532Z] POST /auth/login
2026-02-06T15:18:18: [INFO 2026-02-06T18:18:18.736Z] POST /auth/login
2026-02-06T15:18:21: [INFO 2026-02-06T18:18:21.897Z] GET /usuarios
2026-02-06T15:18:21: [INFO 2026-02-06T18:18:21.924Z] GET /usuarios/
2026-02-06T15:18:28: [INFO 2026-02-06T18:18:28.316Z] PUT /usuarios/8
2026-02-06T15:18:29: [INFO 2026-02-06T18:18:29.437Z] GET /usuarios
2026-02-06T15:18:29: [INFO 2026-02-06T18:18:29.444Z] GET /usuarios/
2026-02-06T15:18:40: [INFO 2026-02-06T18:18:40.553Z] POST /auth/login
2026-02-06T15:18:49: [INFO 2026-02-06T18:18:49.400Z] POST /auth/login
2026-02-06T15:18:53: [INFO 2026-02-06T18:18:53.122Z] GET /usuarios
2026-02-06T15:18:53: [INFO 2026-02-06T18:18:53.133Z] GET /usuarios/
2026-02-06T15:18:54: [INFO 2026-02-06T18:18:54.861Z] GET /usuarios
2026-02-06T15:18:54: [INFO 2026-02-06T18:18:54.869Z] GET /usuarios/
2026-02-06T15:18:57: [INFO 2026-02-06T18:18:57.115Z] DELETE /usuarios/8
2026-02-06T15:18:58: [INFO 2026-02-06T18:18:58.198Z] GET /usuarios
2026-02-06T15:18:58: [INFO 2026-02-06T18:18:58.208Z] GET /usuarios/
2026-02-06T15:19:45: [INFO 2026-02-06T18:19:45.000Z] POST /usuarios
2026-02-06T15:19:46: [INFO 2026-02-06T18:19:46.074Z] GET /usuarios
2026-02-06T15:19:46: [INFO 2026-02-06T18:19:46.083Z] GET /usuarios/
2026-02-06T15:19:56: [INFO 2026-02-06T18:19:56.024Z] POST /auth/login
2026-02-06T15:22:07: [INFO 2026-02-06T18:22:07.343Z] POST /auth/login
2026-02-06T15:22:15: [INFO 2026-02-06T18:22:15.102Z] POST /auth/login
2026-02-06T15:22:17: [INFO 2026-02-06T18:22:17.534Z] GET /usuarios
2026-02-06T15:22:17: [INFO 2026-02-06T18:22:17.540Z] GET /usuarios/
2026-02-06T15:22:19: [INFO 2026-02-06T18:22:19.121Z] GET /usuarios
2026-02-06T15:22:19: [INFO 2026-02-06T18:22:19.128Z] GET /usuarios/
2026-02-06T15:22:21: [INFO 2026-02-06T18:22:21.319Z] DELETE /usuarios/9
2026-02-06T15:22:22: [INFO 2026-02-06T18:22:22.180Z] GET /usuarios
2026-02-06T15:22:22: [INFO 2026-02-06T18:22:22.185Z] GET /usuarios/
2026-02-06T15:22:27: [INFO 2026-02-06T18:22:27.672Z] POST /usuarios
2026-02-06T15:22:28: [INFO 2026-02-06T18:22:28.512Z] GET /usuarios
2026-02-06T15:22:28: [INFO 2026-02-06T18:22:28.522Z] GET /usuarios/
2026-02-06T15:22:36: [INFO 2026-02-06T18:22:36.359Z] POST /auth/login
2026-02-06T15:22:49: [INFO 2026-02-06T18:22:49.455Z] POST /auth/login
2026-02-06T15:22:56: [INFO 2026-02-06T18:22:56.419Z] GET /usuarios
2026-02-06T15:22:56: [INFO 2026-02-06T18:22:56.426Z] GET /usuarios/
2026-02-06T15:22:57: [INFO 2026-02-06T18:22:57.806Z] GET /usuarios
2026-02-06T15:22:57: [INFO 2026-02-06T18:22:57.822Z] GET /usuarios/
2026-02-06T15:23:00: [INFO 2026-02-06T18:23:00.409Z] DELETE /usuarios/10
2026-02-06T15:23:01: [INFO 2026-02-06T18:23:01.671Z] GET /usuarios
2026-02-06T15:23:01: [INFO 2026-02-06T18:23:01.681Z] GET /usuarios/
2026-02-06T15:23:09: [INFO 2026-02-06T18:23:09.078Z] POST /usuarios
2026-02-06T15:23:10: [INFO 2026-02-06T18:23:10.034Z] GET /usuarios
2026-02-06T15:23:10: [INFO 2026-02-06T18:23:10.044Z] GET /usuarios/
2026-02-06T15:23:17: [INFO 2026-02-06T18:23:17.689Z] POST /auth/login
2026-02-06T15:35:17: [INFO 2026-02-06T18:35:17.757Z] POST /auth/login
2026-02-06T15:42:37: [INFO 2026-02-06T18:42:37.127Z] POST /auth/login
2026-02-06T15:42:39: [INFO 2026-02-06T18:42:39.383Z] GET /usuarios
2026-02-06T15:42:39: [INFO 2026-02-06T18:42:39.407Z] GET /usuarios/
2026-02-06T15:42:43: [INFO 2026-02-06T18:42:43.131Z] GET /usuarios
2026-02-06T15:42:43: [INFO 2026-02-06T18:42:43.139Z] GET /usuarios/
2026-02-06T15:42:45: [INFO 2026-02-06T18:42:45.570Z] DELETE /usuarios/11
2026-02-06T15:42:46: [INFO 2026-02-06T18:42:46.559Z] GET /usuarios
2026-02-06T15:42:46: [INFO 2026-02-06T18:42:46.566Z] GET /usuarios/
2026-02-06T15:45:03: [INFO 2026-02-06T18:45:03.470Z] POST /usuarios
2026-02-06T15:45:04: [INFO 2026-02-06T18:45:04.584Z] GET /usuarios
2026-02-06T15:45:04: [INFO 2026-02-06T18:45:04.596Z] GET /usuarios/
2026-02-06T15:45:15: [INFO 2026-02-06T18:45:15.948Z] POST /auth/login
2026-02-09T07:57:57: [SUCCESS 2026-02-09T10:57:57.274Z] Servidor rodando na porta 3000
2026-02-09T07:57:57: [SUCCESS 2026-02-09T10:57:57.410Z] MySQL Pool conectado com sucesso
2026-02-09T07:58:00: [INFO 2026-02-09T10:58:00.041Z] GET /usuarios/
2026-02-09T07:58:00: [INFO 2026-02-09T10:58:00.185Z] GET /favicon.ico
2026-02-09T08:00:00: [INFO 2026-02-09T11:00:00.830Z] POST /auth/login
2026-02-09T08:00:04: [INFO 2026-02-09T11:00:04.469Z] POST /auth/login
2026-02-09T08:00:13: [INFO 2026-02-09T11:00:13.282Z] POST /auth/login
2026-02-09T08:00:19: [INFO 2026-02-09T11:00:19.001Z] GET /empresas
2026-02-09T08:00:19: [INFO 2026-02-09T11:00:19.038Z] GET /empresas/
2026-02-09T08:00:24: [INFO 2026-02-09T11:00:24.474Z] GET /usuarios/
2026-02-09T08:00:35: [INFO 2026-02-09T11:00:35.662Z] PUT /usuarios/12
2026-02-09T08:00:36: [INFO 2026-02-09T11:00:36.838Z] GET /usuarios/
2026-02-09T08:00:48: [INFO 2026-02-09T11:00:48.710Z] POST /auth/login
2026-02-09T08:00:56: [INFO 2026-02-09T11:00:56.276Z] GET /usuarios/
2026-02-09T08:01:09: [INFO 2026-02-09T11:01:09.700Z] GET /usuarios/
2026-02-09T08:01:10: [INFO 2026-02-09T11:01:10.381Z] GET /usuarios/
2026-02-09T08:01:13: [INFO 2026-02-09T11:01:13.263Z] GET /usuarios/
2026-02-09T08:08:29: [INFO 2026-02-09T11:08:29.020Z] GET /usuarios/
2026-02-09T08:08:49: [INFO 2026-02-09T11:08:49.717Z] POST /auth/login
2026-02-09T08:09:47: [INFO 2026-02-09T11:09:47.777Z] GET /usuarios/
2026-02-09T09:55:25: [INFO 2026-02-09T12:55:25.454Z] POST /auth/login
2026-02-09T09:55:33: [INFO 2026-02-09T12:55:33.130Z] GET /usuarios/
2026-02-09T09:55:36: [INFO 2026-02-09T12:55:36.141Z] GET /usuarios/
2026-02-09T10:05:06: [INFO 2026-02-09T13:05:06.318Z] GET /usuarios/
2026-02-09T10:05:07: [INFO 2026-02-09T13:05:07.522Z] GET /usuarios/
2026-02-09T10:06:04: [INFO 2026-02-09T13:06:04.102Z] GET /usuarios/
2026-02-09T10:06:05: [INFO 2026-02-09T13:06:05.370Z] GET /usuarios/
2026-02-09T10:06:53: [INFO 2026-02-09T13:06:53.309Z] GET /usuarios/
2026-02-09T10:06:54: [INFO 2026-02-09T13:06:54.311Z] GET /usuarios/
2026-02-09T10:07:24: [INFO 2026-02-09T13:07:24.509Z] GET /usuarios/
2026-02-09T10:07:25: [INFO 2026-02-09T13:07:25.350Z] GET /usuarios/
2026-02-09T10:07:36: [INFO 2026-02-09T13:07:36.777Z] GET /usuarios/
2026-02-09T10:09:11: [INFO 2026-02-09T13:09:11.083Z] GET /usuarios/
2026-02-09T10:09:11: [INFO 2026-02-09T13:09:11.549Z] GET /usuarios/
2026-02-09T10:09:13: [INFO 2026-02-09T13:09:13.292Z] GET /usuarios/
2026-02-09T10:10:42: [INFO 2026-02-09T13:10:42.879Z] GET /usuarios/
2026-02-09T10:10:45: [INFO 2026-02-09T13:10:45.628Z] GET /usuarios/
2026-02-09T10:26:58: [SUCCESS 2026-02-09T13:26:58.785Z] Servidor rodando na porta 3000
2026-02-09T10:26:58: [SUCCESS 2026-02-09T13:26:58.842Z] MySQL Pool conectado com sucesso
2026-02-09T10:27:42: [INFO 2026-02-09T13:27:42.185Z] POST /auth/login
2026-02-09T10:29:53: [INFO 2026-02-09T13:29:53.763Z] POST /auth/login
2026-02-09T10:45:12: [INFO 2026-02-09T13:45:12.063Z] GET /empresas/
2026-02-09T10:45:16: [INFO 2026-02-09T13:45:16.276Z] GET /empresas/
2026-02-09T10:45:22: [INFO 2026-02-09T13:45:22.025Z] GET /empresas/
2026-02-09T10:45:25: [INFO 2026-02-09T13:45:25.931Z] GET /empresas/
2026-02-09T10:45:29: [INFO 2026-02-09T13:45:29.867Z] GET /empresas/
2026-02-09T10:45:57: [INFO 2026-02-09T13:45:57.603Z] GET /empresas/
2026-02-09T10:54:14: [INFO 2026-02-09T13:54:14.757Z] GET /empresas/
2026-02-09T10:54:27: [INFO 2026-02-09T13:54:27.313Z] GET /empresas/
2026-02-09T10:55:29: [INFO 2026-02-09T13:55:29.272Z] POST /empresas
2026-02-09T10:55:29: [INFO 2026-02-09T13:55:29.309Z] GET /empresas
2026-02-09T10:55:29: [INFO 2026-02-09T13:55:29.463Z] GET /empresas/
2026-02-09T10:55:29: [INFO 2026-02-09T13:55:29.488Z] GET /empresas/
2026-02-09T10:55:40: [INFO 2026-02-09T13:55:40.796Z] GET /empresas/
2026-02-09T10:55:58: [INFO 2026-02-09T13:55:58.005Z] GET /usuarios/
2026-02-09T10:56:00: [INFO 2026-02-09T13:56:00.044Z] GET /usuarios/
2026-02-09T10:56:00: [INFO 2026-02-09T13:56:00.897Z] GET /usuarios/
2026-02-09T10:56:02: [INFO 2026-02-09T13:56:02.053Z] GET /usuarios/
2026-02-09T10:56:03: [INFO 2026-02-09T13:56:03.017Z] GET /usuarios/
2026-02-09T11:00:14: [INFO 2026-02-09T14:00:14.803Z] POST /auth/login
2026-02-09T11:00:17: [INFO 2026-02-09T14:00:17.359Z] GET /empresas/
2026-02-09T11:00:30: [INFO 2026-02-09T14:00:31.000Z] POST /auth/login
2026-02-09T11:08:43: [INFO 2026-02-09T14:08:43.086Z] GET /usuarios/
2026-02-09T11:51:44: [INFO 2026-02-09T14:51:44.948Z] POST /auth/login
2026-02-09T11:51:47: [INFO 2026-02-09T14:51:47.462Z] GET /empresas/
2026-02-09T11:51:54: [INFO 2026-02-09T14:51:54.054Z] GET /usuarios/
2026-02-09T11:51:54: [INFO 2026-02-09T14:51:54.987Z] GET /usuarios/
2026-02-09T11:51:56: [INFO 2026-02-09T14:51:56.126Z] GET /usuarios/
2026-02-09T11:51:57: [INFO 2026-02-09T14:51:57.075Z] GET /usuarios/
2026-02-09T13:10:57: [INFO 2026-02-09T16:10:57.291Z] POST /auth/login
2026-02-09T13:11:00: [INFO 2026-02-09T16:11:00.559Z] GET /usuarios/
2026-02-09T13:11:01: [INFO 2026-02-09T16:11:01.647Z] GET /usuarios/
2026-02-09T13:15:30: [INFO 2026-02-09T16:15:30.111Z] GET /usuarios/
2026-02-09T13:15:39: [INFO 2026-02-09T16:15:39.046Z] GET /empresas/
2026-02-09T13:15:43: [INFO 2026-02-09T16:15:43.143Z] GET /empresas/
2026-02-09T13:15:50: [INFO 2026-02-09T16:15:50.950Z] DELETE /empresas/596
2026-02-09T13:15:51: [INFO 2026-02-09T16:15:51.076Z] GET /empresas/
2026-02-09T13:23:15: [INFO 2026-02-09T16:23:15.133Z] GET /empresas/
2026-02-09T13:23:21: [INFO 2026-02-09T16:23:21.092Z] GET /empresas/
2026-02-09T13:23:26: [INFO 2026-02-09T16:23:26.412Z] GET /usuarios/
2026-02-09T13:23:28: [INFO 2026-02-09T16:23:28.031Z] GET /usuarios/
2026-02-09T13:23:28: [INFO 2026-02-09T16:23:28.679Z] GET /usuarios/
2026-02-09T13:23:29: [INFO 2026-02-09T16:23:29.078Z] GET /usuarios/
2026-02-09T13:23:30: [INFO 2026-02-09T16:23:30.367Z] GET /usuarios/
2026-02-09T13:23:31: [INFO 2026-02-09T16:23:31.240Z] GET /usuarios/
2026-02-09T13:23:32: [INFO 2026-02-09T16:23:32.688Z] GET /usuarios/
2026-02-09T13:23:33: [INFO 2026-02-09T16:23:33.209Z] GET /usuarios/
2026-02-09T13:23:34: [INFO 2026-02-09T16:23:34.081Z] GET /usuarios/
2026-02-09T13:23:34: [INFO 2026-02-09T16:23:34.648Z] GET /usuarios/
2026-02-09T15:36:32: [INFO 2026-02-09T18:36:32.274Z] POST /auth/login
2026-02-09T15:36:34: [INFO 2026-02-09T18:36:34.955Z] GET /usuarios/
2026-02-09T15:36:35: [INFO 2026-02-09T18:36:35.833Z] GET /usuarios/
2026-02-09T15:36:36: [INFO 2026-02-09T18:36:36.547Z] GET /usuarios/
2026-02-09T15:36:36: [INFO 2026-02-09T18:36:36.920Z] GET /usuarios/
2026-02-09T15:39:44: [INFO 2026-02-09T18:39:44.131Z] GET /usuarios/
2026-02-09T15:39:45: [INFO 2026-02-09T18:39:45.681Z] GET /usuarios/
2026-02-09T15:39:46: [INFO 2026-02-09T18:39:46.233Z] GET /usuarios/
2026-02-09T15:39:47: [INFO 2026-02-09T18:39:47.581Z] GET /usuarios/
2026-02-09T15:49:45: [INFO 2026-02-09T18:49:45.101Z] GET /usuarios/
2026-02-09T15:49:45: [INFO 2026-02-09T18:49:45.906Z] GET /usuarios/
2026-02-09T15:49:52: [INFO 2026-02-09T18:49:52.154Z] GET /usuarios/
2026-02-09T15:53:20: [INFO 2026-02-09T18:53:20.297Z] GET /usuarios/
2026-02-09T15:53:21: [INFO 2026-02-09T18:53:21.256Z] GET /usuarios/
2026-02-09T15:53:30: [INFO 2026-02-09T18:53:30.149Z] GET /usuarios/
2026-02-09T15:53:30: [INFO 2026-02-09T18:53:30.672Z] GET /usuarios/
2026-02-09T15:53:31: [INFO 2026-02-09T18:53:31.068Z] GET /usuarios/
2026-02-09T15:55:49: [INFO 2026-02-09T18:55:49.489Z] GET /usuarios/
2026-02-09T16:03:17: [INFO 2026-02-09T19:03:17.009Z] GET /usuarios/
2026-02-09T16:03:19: [INFO 2026-02-09T19:03:19.215Z] GET /usuarios/
2026-02-09T16:03:35: [SUCCESS 2026-02-09T19:03:35.772Z] Servidor rodando na porta 3000
2026-02-09T16:03:35: [SUCCESS 2026-02-09T19:03:35.835Z] MySQL Pool conectado com sucesso
2026-02-09T16:03:39: [INFO 2026-02-09T19:03:39.504Z] GET /usuarios/
2026-02-09T16:03:40: [INFO 2026-02-09T19:03:40.621Z] GET /usuarios/
2026-02-09T16:03:41: [INFO 2026-02-09T19:03:41.532Z] GET /usuarios/
2026-02-09T16:03:42: [INFO 2026-02-09T19:03:42.682Z] GET /usuarios/
2026-02-09T16:03:43: [INFO 2026-02-09T19:03:43.193Z] GET /usuarios/
2026-02-09T16:03:43: [INFO 2026-02-09T19:03:43.645Z] GET /usuarios/
2026-02-09T16:03:44: [INFO 2026-02-09T19:03:44.112Z] GET /usuarios/
2026-02-09T16:03:44: [INFO 2026-02-09T19:03:44.534Z] GET /usuarios/
2026-02-09T16:03:45: [INFO 2026-02-09T19:03:45.434Z] GET /usuarios/
2026-02-09T16:03:45: [INFO 2026-02-09T19:03:45.931Z] GET /usuarios/
2026-02-09T16:03:46: [INFO 2026-02-09T19:03:46.605Z] GET /usuarios/
2026-02-09T16:03:47: [INFO 2026-02-09T19:03:47.148Z] GET /usuarios/
2026-02-09T16:03:47: [INFO 2026-02-09T19:03:47.915Z] GET /usuarios/
2026-02-09T16:03:56: [INFO 2026-02-09T19:03:56.081Z] GET /empresas/
2026-02-09T16:04:01: [INFO 2026-02-09T19:04:01.450Z] GET /empresas/
2026-02-09T16:30:45: [INFO 2026-02-09T19:30:45.091Z] GET /usuarios/
2026-02-09T16:30:46: [INFO 2026-02-09T19:30:46.248Z] GET /usuarios/
2026-02-09T16:30:55: [INFO 2026-02-09T19:30:55.104Z] POST /auth/login
2026-02-09T16:31:10: [INFO 2026-02-09T19:31:10.363Z] POST /auth/login
2026-02-09T16:31:23: [INFO 2026-02-09T19:31:23.929Z] POST /auth/login
2026-02-09T16:31:58: [INFO 2026-02-09T19:31:58.244Z] POST /auth/login
2026-02-09T16:32:09: [INFO 2026-02-09T19:32:09.297Z] POST /auth/login
2026-02-10T10:01:30: [SUCCESS 2026-02-10T13:01:29.980Z] Servidor rodando na porta 3000
2026-02-10T10:01:30: [SUCCESS 2026-02-10T13:01:30.047Z] MySQL Pool conectado com sucesso
2026-02-10T10:01:43: [INFO 2026-02-10T13:01:43.096Z] POST /auth/login
2026-02-10T10:01:46: [INFO 2026-02-10T13:01:46.219Z] GET /usuarios/
2026-02-10T10:01:47: [INFO 2026-02-10T13:01:47.141Z] GET /usuarios/
2026-02-10T10:01:50: [INFO 2026-02-10T13:01:50.068Z] GET /empresas/
2026-02-10T10:01:54: [INFO 2026-02-10T13:01:54.549Z] GET /empresas/
2026-02-10T10:09:29: [INFO 2026-02-10T13:09:29.853Z] GET /empresas/
2026-02-10T10:20:14: [INFO 2026-02-10T13:20:14.554Z] GET /empresas/
2026-02-10T10:21:17: [INFO 2026-02-10T13:21:17.687Z] GET /empresas/
2026-02-10T10:21:48: [SUCCESS 2026-02-10T13:21:48.698Z] Servidor rodando na porta 3000
2026-02-10T10:21:48: [SUCCESS 2026-02-10T13:21:48.762Z] MySQL Pool conectado com sucesso
2026-02-10T10:21:49: [INFO 2026-02-10T13:21:49.428Z] GET /empresas/
2026-02-10T10:22:10: [INFO 2026-02-10T13:22:10.672Z] GET /usuarios/
2026-02-10T10:22:11: [INFO 2026-02-10T13:22:11.463Z] GET /usuarios/
2026-02-10T10:22:11: [INFO 2026-02-10T13:22:11.901Z] GET /usuarios/
2026-02-10T10:22:40: [INFO 2026-02-10T13:22:40.784Z] GET /usuarios/
2026-02-10T10:22:41: [INFO 2026-02-10T13:22:41.404Z] GET /usuarios/
2026-02-10T10:24:23: [INFO 2026-02-10T13:24:23.422Z] GET /empresas/
2026-02-10T10:24:26: [INFO 2026-02-10T13:24:26.889Z] GET /empresas/
2026-02-10T10:24:30: [INFO 2026-02-10T13:24:30.932Z] GET /empresas/
2026-02-10T10:24:34: [INFO 2026-02-10T13:24:34.826Z] GET /empresas/
2026-02-10T10:24:54: [INFO 2026-02-10T13:24:54.862Z] GET /empresas/
2026-02-10T10:28:24: [INFO 2026-02-10T13:28:24.750Z] GET /empresas/
2026-02-10T10:30:23: [INFO 2026-02-10T13:30:23.144Z] GET /empresas/
2026-02-10T10:30:27: [INFO 2026-02-10T13:30:27.839Z] GET /empresas/
2026-02-10T10:32:55: [INFO 2026-02-10T13:32:55.049Z] POST /auth/login
2026-02-10T10:32:59: [INFO 2026-02-10T13:32:59.047Z] GET /usuarios/
2026-02-10T10:32:59: [INFO 2026-02-10T13:32:59.978Z] GET /usuarios/
2026-02-10T10:33:01: [INFO 2026-02-10T13:33:01.192Z] GET /usuarios/
2026-02-10T10:33:01: [INFO 2026-02-10T13:33:01.542Z] GET /usuarios/
2026-02-10T10:33:02: [INFO 2026-02-10T13:33:02.347Z] GET /usuarios/
2026-02-10T10:33:02: [INFO 2026-02-10T13:33:02.664Z] GET /usuarios/
2026-02-10T10:33:03: [INFO 2026-02-10T13:33:03.896Z] GET /usuarios/
2026-02-10T10:33:04: [INFO 2026-02-10T13:33:04.174Z] GET /usuarios/
2026-02-10T10:33:05: [INFO 2026-02-10T13:33:05.001Z] GET /usuarios/
2026-02-10T10:33:05: [INFO 2026-02-10T13:33:05.339Z] GET /usuarios/
2026-02-10T10:33:06: [INFO 2026-02-10T13:33:06.175Z] GET /usuarios/
2026-02-10T10:33:06: [INFO 2026-02-10T13:33:06.626Z] GET /usuarios/
2026-02-10T10:33:06: [INFO 2026-02-10T13:33:06.935Z] GET /usuarios/
2026-02-10T10:36:24: [SUCCESS 2026-02-10T13:36:24.491Z] Servidor rodando na porta 3000
2026-02-10T10:36:24: [SUCCESS 2026-02-10T13:36:24.540Z] MySQL Pool conectado com sucesso
2026-02-10T10:36:32: [INFO 2026-02-10T13:36:32.945Z] GET /empresas/
2026-02-10T10:45:20: [INFO 2026-02-10T13:45:20.032Z] GET /usuarios/
2026-02-10T10:45:21: [INFO 2026-02-10T13:45:21.946Z] GET /usuarios/
2026-02-10T10:45:23: [INFO 2026-02-10T13:45:23.937Z] GET /usuarios/
2026-02-10T10:45:24: [INFO 2026-02-10T13:45:24.291Z] GET /usuarios/
2026-02-10T10:45:26: [INFO 2026-02-10T13:45:26.352Z] GET /empresas/
2026-02-10T10:45:29: [INFO 2026-02-10T13:45:29.791Z] GET /empresas/
2026-02-10T10:45:34: [INFO 2026-02-10T13:45:34.070Z] GET /empresas/
2026-02-10T10:45:34: [INFO 2026-02-10T13:45:34.079Z] GET /empresas/
2026-02-10T10:45:34: [INFO 2026-02-10T13:45:34.087Z] GET /empresas/
2026-02-10T10:45:37: [INFO 2026-02-10T13:45:37.937Z] GET /empresas/
2026-02-10T10:47:37: [INFO 2026-02-10T13:47:37.094Z] GET /empresas/
2026-02-10T10:47:40: [INFO 2026-02-10T13:47:40.574Z] GET /empresas/
2026-02-10T10:47:44: [INFO 2026-02-10T13:47:44.655Z] GET /empresas/
2026-02-10T10:48:25: [INFO 2026-02-10T13:48:25.927Z] POST /auth/login
2026-02-10T10:50:21: [INFO 2026-02-10T13:50:21.794Z] GET /usuarios/
2026-02-10T10:50:22: [INFO 2026-02-10T13:50:22.452Z] GET /usuarios/
2026-02-10T10:50:24: [INFO 2026-02-10T13:50:24.190Z] GET /usuarios/
2026-02-10T10:50:24: [INFO 2026-02-10T13:50:24.751Z] GET /usuarios/
2026-02-10T10:50:47: [INFO 2026-02-10T13:50:47.143Z] GET /empresas/
2026-02-10T10:50:54: [INFO 2026-02-10T13:50:54.070Z] GET /usuarios/
2026-02-10T10:50:54: [INFO 2026-02-10T13:50:54.638Z] GET /usuarios/
2026-02-10T10:51:22: [SUCCESS 2026-02-10T13:51:22.864Z] Servidor rodando na porta 3000
2026-02-10T10:51:22: [SUCCESS 2026-02-10T13:51:22.923Z] MySQL Pool conectado com sucesso
2026-02-10T10:51:30: [INFO 2026-02-10T13:51:30.680Z] POST /auth/login
2026-02-10T10:51:34: [INFO 2026-02-10T13:51:34.890Z] GET /empresas/
2026-02-10T10:52:47: [INFO 2026-02-10T13:52:47.558Z] POST /auth/login
2026-02-10T10:53:16: [INFO 2026-02-10T13:53:16.944Z] POST /auth/login
2026-02-10T10:56:42: [INFO 2026-02-10T13:56:42.906Z] POST /auth/login
2026-02-10T10:57:10: [SUCCESS 2026-02-10T13:57:10.326Z] Servidor rodando na porta 3000
2026-02-10T10:57:10: [SUCCESS 2026-02-10T13:57:10.367Z] MySQL Pool conectado com sucesso
2026-02-10T10:57:16: [INFO 2026-02-10T13:57:16.742Z] POST /auth/login
2026-02-10T10:59:51: [INFO 2026-02-10T13:59:51.843Z] POST /auth/login
2026-02-10T11:00:03: [INFO 2026-02-10T14:00:03.709Z] POST /auth/login
2026-02-10T11:00:17: [INFO 2026-02-10T14:00:17.919Z] POST /auth/login
2026-02-10T11:00:28: [INFO 2026-02-10T14:00:28.940Z] GET /empresas/
2026-02-10T11:27:48: [INFO 2026-02-10T14:27:48.451Z] GET /empresas/
2026-02-10T11:28:01: [INFO 2026-02-10T14:28:01.195Z] GET /empresas/
2026-02-10T11:28:12: [INFO 2026-02-10T14:28:12.561Z] GET /usuarios/
2026-02-10T11:28:14: [INFO 2026-02-10T14:28:14.246Z] GET /usuarios/
2026-02-10T11:28:18: [INFO 2026-02-10T14:28:18.386Z] GET /usuarios/
2026-02-10T11:28:18: [INFO 2026-02-10T14:28:18.989Z] GET /usuarios/
2026-02-10T11:28:30: [INFO 2026-02-10T14:28:30.191Z] GET /usuarios/
2026-02-10T11:28:31: [INFO 2026-02-10T14:28:31.109Z] GET /usuarios/
2026-02-10T11:28:31: [INFO 2026-02-10T14:28:31.566Z] GET /usuarios/
2026-02-10T11:28:32: [INFO 2026-02-10T14:28:32.098Z] GET /usuarios/
2026-02-10T11:28:32: [INFO 2026-02-10T14:28:32.617Z] GET /usuarios/
2026-02-10T11:28:33: [INFO 2026-02-10T14:28:33.724Z] GET /usuarios/
2026-02-10T11:28:36: [INFO 2026-02-10T14:28:36.163Z] GET /usuarios/
2026-02-10T11:28:42: [INFO 2026-02-10T14:28:42.784Z] GET /usuarios/
2026-02-10T11:28:46: [INFO 2026-02-10T14:28:46.462Z] GET /usuarios/
2026-02-10T11:34:22: [INFO 2026-02-10T14:34:22.082Z] POST /auth/login
2026-02-10T11:34:25: [INFO 2026-02-10T14:34:25.660Z] GET /usuarios/
2026-02-10T11:34:26: [INFO 2026-02-10T14:34:26.970Z] GET /usuarios/
2026-02-10T11:34:28: [INFO 2026-02-10T14:34:28.003Z] GET /usuarios/
2026-02-10T11:34:29: [INFO 2026-02-10T14:34:29.399Z] GET /usuarios/
2026-02-10T11:34:31: [INFO 2026-02-10T14:34:31.436Z] GET /usuarios/
2026-02-10T11:38:48: [INFO 2026-02-10T14:38:48.698Z] GET /usuarios/
2026-02-10T11:38:51: [INFO 2026-02-10T14:38:51.908Z] GET /usuarios/
2026-02-10T11:38:52: [INFO 2026-02-10T14:38:52.542Z] GET /usuarios/
2026-02-10T11:38:53: [INFO 2026-02-10T14:38:53.952Z] GET /usuarios/
2026-02-10T11:39:18: [INFO 2026-02-10T14:39:18.763Z] GET /usuarios/
2026-02-10T11:41:58: [INFO 2026-02-10T14:41:58.528Z] GET /usuarios/
2026-02-10T11:42:00: [INFO 2026-02-10T14:42:00.199Z] GET /usuarios/
2026-02-10T11:42:02: [INFO 2026-02-10T14:42:02.144Z] GET /usuarios/
2026-02-10T11:42:02: [INFO 2026-02-10T14:42:02.972Z] GET /usuarios/
2026-02-10T11:42:04: [INFO 2026-02-10T14:42:04.584Z] GET /usuarios/
2026-02-10T11:42:05: [INFO 2026-02-10T14:42:05.735Z] GET /usuarios/
2026-02-10T11:42:06: [INFO 2026-02-10T14:42:06.823Z] GET /usuarios/
2026-02-10T11:42:07: [INFO 2026-02-10T14:42:07.368Z] GET /usuarios/
2026-02-10T11:42:07: [INFO 2026-02-10T14:42:07.854Z] GET /usuarios/
2026-02-10T11:42:08: [INFO 2026-02-10T14:42:08.205Z] GET /usuarios/
2026-02-10T11:42:08: [INFO 2026-02-10T14:42:08.741Z] GET /usuarios/
2026-02-10T11:42:09: [INFO 2026-02-10T14:42:09.158Z] GET /usuarios/
2026-02-10T11:42:09: [INFO 2026-02-10T14:42:09.637Z] GET /usuarios/
2026-02-10T11:42:10: [INFO 2026-02-10T14:42:10.135Z] GET /usuarios/
2026-02-10T11:42:10: [INFO 2026-02-10T14:42:10.869Z] GET /usuarios/
2026-02-10T11:42:11: [INFO 2026-02-10T14:42:11.453Z] GET /usuarios/
2026-02-10T11:42:12: [INFO 2026-02-10T14:42:12.119Z] GET /usuarios/
2026-02-10T11:42:13: [INFO 2026-02-10T14:42:13.247Z] GET /usuarios/
2026-02-10T11:42:14: [INFO 2026-02-10T14:42:14.126Z] GET /usuarios/
2026-02-10T13:07:26: [INFO 2026-02-10T16:07:26.712Z] POST /auth/login
2026-02-10T13:07:29: [INFO 2026-02-10T16:07:29.935Z] GET /usuarios/
2026-02-10T13:07:33: [INFO 2026-02-10T16:07:33.567Z] GET /usuarios/
2026-02-10T13:07:34: [INFO 2026-02-10T16:07:34.966Z] GET /usuarios/
2026-02-10T13:07:39: [INFO 2026-02-10T16:07:39.982Z] GET /usuarios/
2026-02-10T13:07:48: [INFO 2026-02-10T16:07:48.763Z] GET /usuarios/
2026-02-10T13:07:49: [INFO 2026-02-10T16:07:49.597Z] GET /usuarios/
2026-02-10T13:07:50: [INFO 2026-02-10T16:07:50.941Z] GET /usuarios/
2026-02-10T13:07:54: [INFO 2026-02-10T16:07:54.838Z] GET /usuarios/
2026-02-10T13:10:44: [INFO 2026-02-10T16:10:44.735Z] GET /usuarios/
2026-02-10T13:10:45: [INFO 2026-02-10T16:10:45.924Z] GET /usuarios/
2026-02-10T13:10:46: [INFO 2026-02-10T16:10:46.676Z] GET /usuarios/
2026-02-10T13:10:58: [INFO 2026-02-10T16:10:58.230Z] GET /usuarios/
2026-02-10T13:11:02: [INFO 2026-02-10T16:11:02.122Z] GET /usuarios/
2026-02-10T13:11:23: [INFO 2026-02-10T16:11:23.823Z] POST /auth/login
2026-02-10T13:11:39: [INFO 2026-02-10T16:11:39.883Z] POST /auth/login
2026-02-10T13:12:15: [INFO 2026-02-10T16:12:15.263Z] POST /auth/login
2026-02-10T13:16:44: [SUCCESS 2026-02-10T16:16:44.127Z] Servidor rodando na porta 3000
2026-02-10T13:16:44: [SUCCESS 2026-02-10T16:16:44.257Z] MySQL Pool conectado com sucesso
2026-02-10T13:17:07: [INFO 2026-02-10T16:17:07.456Z] POST /auth/login
2026-02-10T13:17:42: [INFO 2026-02-10T16:17:42.458Z] POST /auth/login
2026-02-10T13:17:50: [INFO 2026-02-10T16:17:50.014Z] POST /auth/login
2026-02-10T13:18:58: [INFO 2026-02-10T16:18:58.296Z] GET /empresas/
2026-02-10T13:20:27: [INFO 2026-02-10T16:20:27.728Z] GET /empresas/
2026-02-10T13:21:00: [INFO 2026-02-10T16:21:00.571Z] POST /auth/login
2026-02-10T14:25:57: [SUCCESS 2026-02-10T17:25:56.889Z] Servidor rodando na porta 3000
2026-02-10T14:25:57: [SUCCESS 2026-02-10T17:25:57.166Z] MySQL Pool conectado com sucesso
2026-02-10T14:26:05: [INFO 2026-02-10T17:26:05.029Z] POST /auth/login
2026-02-10T14:27:48: [INFO 2026-02-10T17:27:48.596Z] GET /empresas/
2026-02-10T14:28:02: [INFO 2026-02-10T17:28:02.457Z] GET /empresas/
2026-02-10T14:31:52: [INFO 2026-02-10T17:31:52.557Z] GET /empresas/
2026-02-10T14:35:16: [INFO 2026-02-10T17:35:16.184Z] GET /empresas/
2026-02-10T17:03:23: [INFO 2026-02-10T20:03:23.593Z] POST /auth/login
2026-02-10T17:03:25: [INFO 2026-02-10T20:03:25.575Z] GET /empresas/
2026-02-10T17:03:32: [INFO 2026-02-10T20:03:32.279Z] GET /usuarios/
2026-02-10T17:03:33: [INFO 2026-02-10T20:03:33.240Z] GET /usuarios/
2026-02-10T17:18:15: [INFO 2026-02-10T20:18:15.032Z] GET /empresas/
2026-02-10T17:18:33: [INFO 2026-02-10T20:18:33.862Z] GET /empresas/
2026-02-10T17:18:41: [INFO 2026-02-10T20:18:41.569Z] GET /empresas/
2026-02-10T17:18:50: [INFO 2026-02-10T20:18:50.745Z] GET /empresas/
2026-02-10T17:18:56: [INFO 2026-02-10T20:18:55.996Z] GET /empresas/
2026-02-10T17:18:59: [INFO 2026-02-10T20:18:59.842Z] GET /empresas/
2026-02-10T17:19:03: [INFO 2026-02-10T20:19:03.879Z] GET /empresas/
2026-02-10T17:19:08: [INFO 2026-02-10T20:19:08.245Z] GET /empresas/
2026-02-10T17:19:30: [INFO 2026-02-10T20:19:30.535Z] GET /empresas/
2026-02-10T17:19:34: [INFO 2026-02-10T20:19:34.282Z] GET /empresas/
2026-02-10T17:19:40: [INFO 2026-02-10T20:19:40.278Z] GET /empresas/
2026-02-10T17:19:49: [INFO 2026-02-10T20:19:49.188Z] GET /usuarios/
2026-02-10T17:19:50: [INFO 2026-02-10T20:19:50.086Z] GET /usuarios/
2026-02-10T17:19:51: [INFO 2026-02-10T20:19:51.101Z] GET /usuarios/
2026-02-10T17:33:06: [INFO 2026-02-10T20:33:06.761Z] GET /usuarios/
2026-02-10T17:33:07: [INFO 2026-02-10T20:33:07.492Z] GET /usuarios/
2026-02-10T17:33:08: [INFO 2026-02-10T20:33:08.443Z] GET /usuarios/
2026-02-10T17:33:10: [INFO 2026-02-10T20:33:10.265Z] GET /usuarios/
2026-02-10T17:33:10: [INFO 2026-02-10T20:33:10.902Z] GET /usuarios/
2026-02-10T17:33:11: [INFO 2026-02-10T20:33:11.336Z] GET /usuarios/
2026-02-10T17:37:32: [INFO 2026-02-10T20:37:32.610Z] POST /auth/login
2026-02-10T17:37:37: [INFO 2026-02-10T20:37:37.459Z] GET /empresas/
2026-02-10T17:39:09: [INFO 2026-02-10T20:39:09.945Z] GET /empresas/
2026-02-10T17:39:34: [INFO 2026-02-10T20:39:34.220Z] GET /empresas/
2026-02-10T17:40:37: [INFO 2026-02-10T20:40:37.307Z] GET /empresas/
2026-02-10T17:40:41: [INFO 2026-02-10T20:40:41.747Z] GET /empresas/
2026-02-10T17:40:48: [INFO 2026-02-10T20:40:48.221Z] GET /usuarios/
2026-02-10T17:57:57: [INFO 2026-02-10T20:57:57.652Z] GET /empresas/
2026-02-10T17:58:52: [INFO 2026-02-10T20:58:52.696Z] GET /empresas/
2026-02-10T17:58:56: [INFO 2026-02-10T20:58:56.273Z] GET /empresas/
2026-02-10T17:58:56: [INFO 2026-02-10T20:58:56.280Z] GET /empresas/
2026-02-10T17:59:11: [INFO 2026-02-10T20:59:11.396Z] GET /usuarios/
2026-02-10T17:59:12: [INFO 2026-02-10T20:59:12.162Z] GET /usuarios/
2026-02-10T17:59:13: [INFO 2026-02-10T20:59:13.259Z] GET /usuarios/
2026-02-10T17:59:13: [INFO 2026-02-10T20:59:13.779Z] GET /usuarios/
2026-02-10T17:59:14: [INFO 2026-02-10T20:59:14.241Z] GET /usuarios/
2026-02-10T17:59:14: [INFO 2026-02-10T20:59:14.642Z] GET /usuarios/
2026-02-10T17:59:14: [INFO 2026-02-10T20:59:14.993Z] GET /usuarios/
2026-02-10T17:59:15: [INFO 2026-02-10T20:59:15.800Z] GET /usuarios/
2026-02-10T17:59:16: [INFO 2026-02-10T20:59:16.197Z] GET /usuarios/
2026-02-10T17:59:16: [INFO 2026-02-10T20:59:16.580Z] GET /usuarios/
2026-02-11T07:58:46: [INFO 2026-02-11T10:58:46.440Z] POST /auth/login
2026-02-11T07:58:56: [INFO 2026-02-11T10:58:56.921Z] POST /auth/login
2026-02-11T07:59:02: [INFO 2026-02-11T10:59:02.025Z] GET /usuarios/
2026-02-11T07:59:02: [INFO 2026-02-11T10:59:02.652Z] GET /usuarios/
2026-02-11T07:59:04: [INFO 2026-02-11T10:59:04.510Z] GET /usuarios/
2026-02-11T07:59:05: [INFO 2026-02-11T10:59:05.013Z] GET /usuarios/
2026-02-11T07:59:10: [INFO 2026-02-11T10:59:10.729Z] GET /empresas/
2026-02-11T08:31:47: [INFO 2026-02-11T11:31:47.340Z] POST /auth/login
2026-02-11T08:31:52: [INFO 2026-02-11T11:31:52.197Z] GET /usuarios/
2026-02-11T08:31:53: [INFO 2026-02-11T11:31:53.197Z] GET /usuarios/
2026-02-11T08:31:54: [INFO 2026-02-11T11:31:54.393Z] GET /usuarios/
2026-02-11T08:31:55: [INFO 2026-02-11T11:31:55.471Z] GET /usuarios/
2026-02-11T08:31:55: [INFO 2026-02-11T11:31:55.939Z] GET /usuarios/
2026-02-11T08:31:56: [INFO 2026-02-11T11:31:56.708Z] GET /usuarios/
2026-02-11T08:32:00: [INFO 2026-02-11T11:32:00.128Z] GET /empresas/
2026-02-11T08:32:04: [INFO 2026-02-11T11:32:04.300Z] GET /empresas/
2026-02-11T08:32:09: [INFO 2026-02-11T11:32:09.521Z] GET /empresas/
2026-02-11T08:32:48: [INFO 2026-02-11T11:32:48.196Z] GET /empresas/
2026-02-11T08:33:17: [INFO 2026-02-11T11:33:17.835Z] GET /usuarios/
2026-02-11T08:33:18: [INFO 2026-02-11T11:33:18.243Z] GET /usuarios/
2026-02-11T08:33:26: [INFO 2026-02-11T11:33:26.059Z] GET /empresas/
2026-02-11T08:33:29: [INFO 2026-02-11T11:33:29.620Z] GET /empresas/
2026-02-11T08:33:29: [INFO 2026-02-11T11:33:29.634Z] GET /empresas/
2026-02-11T09:44:36: [INFO 2026-02-11T12:44:36.972Z] POST /auth/login
2026-02-11T09:44:39: [INFO 2026-02-11T12:44:39.949Z] GET /empresas/
2026-02-18T08:38:30: [SUCCESS 2026-02-18T11:38:30.731Z] Servidor rodando na porta 3000
2026-02-18T08:38:30: [SUCCESS 2026-02-18T11:38:30.776Z] MySQL Pool conectado com sucesso
2026-02-18T08:41:16: [SUCCESS 2026-02-18T11:41:16.927Z] Servidor rodando na porta 3000
2026-02-18T08:41:17: [SUCCESS 2026-02-18T11:41:17.054Z] MySQL Pool conectado com sucesso
2026-02-18T08:43:02: [INFO 2026-02-18T11:43:02.078Z] POST /auth/login
2026-02-18T08:43:07: [INFO 2026-02-18T11:43:07.100Z] POST /auth/login
2026-02-18T08:43:13: [INFO 2026-02-18T11:43:13.070Z] GET /empresas
2026-02-18T08:43:13: [INFO 2026-02-18T11:43:13.078Z] GET /empresas/
2026-02-18T08:43:16: [INFO 2026-02-18T11:43:16.961Z] GET /empresas
2026-02-18T08:43:17: [INFO 2026-02-18T11:43:17.139Z] GET /empresas/
2026-02-18T08:43:21: [INFO 2026-02-18T11:43:21.284Z] GET /empresas
2026-02-18T08:43:21: [INFO 2026-02-18T11:43:21.365Z] GET /empresas/
2026-02-18T08:43:25: [INFO 2026-02-18T11:43:25.235Z] GET /empresas
2026-02-18T08:43:25: [INFO 2026-02-18T11:43:25.362Z] GET /empresas/
2026-02-18T08:43:29: [INFO 2026-02-18T11:43:29.200Z] GET /empresas
2026-02-18T08:43:29: [INFO 2026-02-18T11:43:29.246Z] GET /empresas/
2026-02-18T08:43:36: [INFO 2026-02-18T11:43:36.063Z] GET /usuarios
2026-02-18T08:43:36: [INFO 2026-02-18T11:43:36.070Z] GET /usuarios/
2026-02-18T08:43:37: [INFO 2026-02-18T11:43:37.535Z] GET /usuarios
2026-02-18T08:43:37: [INFO 2026-02-18T11:43:37.540Z] GET /usuarios/
2026-02-18T08:43:38: [INFO 2026-02-18T11:43:38.639Z] GET /usuarios
2026-02-18T08:43:38: [INFO 2026-02-18T11:43:38.644Z] GET /usuarios/
2026-02-18T08:43:39: [INFO 2026-02-18T11:43:39.383Z] GET /usuarios
2026-02-18T08:43:39: [INFO 2026-02-18T11:43:39.390Z] GET /usuarios/
2026-02-18T08:43:40: [INFO 2026-02-18T11:43:40.623Z] GET /usuarios
2026-02-18T08:43:40: [INFO 2026-02-18T11:43:40.628Z] GET /usuarios/
2026-02-18T08:43:41: [INFO 2026-02-18T11:43:41.228Z] GET /usuarios
2026-02-18T08:43:41: [INFO 2026-02-18T11:43:41.242Z] GET /usuarios/
2026-02-18T08:43:42: [INFO 2026-02-18T11:43:42.949Z] GET /usuarios
2026-02-18T08:43:42: [INFO 2026-02-18T11:43:42.969Z] GET /usuarios/
2026-02-18T08:43:43: [INFO 2026-02-18T11:43:43.405Z] GET /usuarios
2026-02-18T08:43:43: [INFO 2026-02-18T11:43:43.411Z] GET /usuarios/
2026-02-18T09:58:15: [SUCCESS 2026-02-18T12:58:15.004Z] Servidor rodando na porta 3000
2026-02-18T09:58:15: [SUCCESS 2026-02-18T12:58:15.133Z] MySQL Pool conectado com sucesso
2026-02-18T09:58:23: [INFO 2026-02-18T12:58:23.502Z] POST /auth/login
2026-02-18T09:58:35: [INFO 2026-02-18T12:58:35.264Z] POST /admin/resetar
2026-02-18T09:58:39: [INFO 2026-02-18T12:58:39.335Z] GET /empresas
2026-02-18T09:58:39: [INFO 2026-02-18T12:58:39.347Z] GET /empresas/
2026-02-18T09:58:43: [INFO 2026-02-18T12:58:43.276Z] GET /empresas
2026-02-18T09:58:43: [INFO 2026-02-18T12:58:43.417Z] GET /empresas/
2026-02-18T09:58:47: [INFO 2026-02-18T12:58:47.695Z] GET /empresas
2026-02-18T09:58:47: [INFO 2026-02-18T12:58:47.719Z] GET /empresas
2026-02-18T09:58:47: [INFO 2026-02-18T12:58:47.720Z] GET /empresas
2026-02-18T09:58:47: [INFO 2026-02-18T12:58:47.801Z] GET /empresas/
2026-02-18T09:58:47: [INFO 2026-02-18T12:58:47.803Z] GET /empresas/
2026-02-18T09:58:47: [INFO 2026-02-18T12:58:47.882Z] GET /empresas/
2026-02-18T09:58:51: [INFO 2026-02-18T12:58:51.739Z] GET /empresas
2026-02-18T09:58:51: [INFO 2026-02-18T12:58:51.916Z] GET /empresas/
2026-02-18T09:58:56: [INFO 2026-02-18T12:58:56.162Z] GET /empresas
2026-02-18T09:59:00: [INFO 2026-02-18T12:59:00.121Z] GET /empresas/
2026-02-18T10:02:16: [SUCCESS 2026-02-18T13:02:16.240Z] Servidor rodando na porta 3000
2026-02-18T10:02:16: [SUCCESS 2026-02-18T13:02:16.278Z] MySQL Pool conectado com sucesso
2026-02-18T10:02:20: [INFO 2026-02-18T13:02:20.241Z] GET /empresas
2026-02-18T10:02:20: [INFO 2026-02-18T13:02:20.258Z] GET /empresas/
2026-02-18T10:02:24: [INFO 2026-02-18T13:02:24.570Z] GET /empresas
2026-02-18T10:02:24: [INFO 2026-02-18T13:02:24.728Z] GET /empresas/
2026-02-18T10:02:33: [INFO 2026-02-18T13:02:33.297Z] POST /admin/reset
2026-02-18T10:02:40: [INFO 2026-02-18T13:02:40.008Z] POST /admin/reset
2026-02-18T10:02:42: [INFO 2026-02-18T13:02:42.854Z] POST /admin/reset
2026-02-18T10:02:46: [INFO 2026-02-18T13:02:46.550Z] POST /admin/reset
2026-02-18T10:02:49: [INFO 2026-02-18T13:02:49.610Z] GET /empresas
2026-02-18T10:02:49: [INFO 2026-02-18T13:02:49.631Z] GET /empresas/
2026-02-18T10:02:53: [INFO 2026-02-18T13:02:53.210Z] GET /empresas
2026-02-18T10:02:53: [INFO 2026-02-18T13:02:53.337Z] GET /empresas
2026-02-18T10:02:53: [INFO 2026-02-18T13:02:53.381Z] GET /empresas/
2026-02-18T10:02:53: [INFO 2026-02-18T13:02:53.385Z] GET /empresas/
2026-02-18T10:09:07: [SUCCESS 2026-02-18T13:09:07.486Z] Servidor rodando na porta 3000
2026-02-18T10:09:07: [SUCCESS 2026-02-18T13:09:07.526Z] MySQL Pool conectado com sucesso
2026-02-18T10:09:13: [INFO 2026-02-18T13:09:13.359Z] GET /empresas
2026-02-18T10:09:13: [INFO 2026-02-18T13:09:13.371Z] GET /empresas/
2026-02-18T10:09:17: [INFO 2026-02-18T13:09:17.151Z] GET /empresas
2026-02-18T10:09:17: [INFO 2026-02-18T13:09:17.158Z] GET /empresas/
2026-02-18T10:09:31: [INFO 2026-02-18T13:09:31.318Z] POST /admin/reset
2026-02-18T10:09:37: [INFO 2026-02-18T13:09:37.745Z] GET /empresas
2026-02-18T10:09:37: [INFO 2026-02-18T13:09:37.754Z] GET /empresas/
2026-02-18T10:09:38: [INFO 2026-02-18T13:09:38.510Z] GET /empresas
2026-02-18T10:09:38: [INFO 2026-02-18T13:09:38.516Z] GET /empresas/
2026-02-18T10:11:56: [SUCCESS 2026-02-18T13:11:56.505Z] Servidor rodando na porta 3000
2026-02-18T10:11:56: [SUCCESS 2026-02-18T13:11:56.542Z] MySQL Pool conectado com sucesso
2026-02-18T10:29:00: [SUCCESS 2026-02-18T13:29:00.492Z] Servidor rodando na porta 3000
2026-02-18T10:29:00: [SUCCESS 2026-02-18T13:29:00.533Z] MySQL Pool conectado com sucesso
2026-02-18T10:29:48: [SUCCESS 2026-02-18T13:29:48.930Z] Servidor rodando na porta 3000
2026-02-18T10:29:48: [SUCCESS 2026-02-18T13:29:48.969Z] MySQL Pool conectado com sucesso
2026-02-18T10:30:23: [INFO 2026-02-18T13:30:23.620Z] POST /auth/login
2026-02-18T10:30:26: [INFO 2026-02-18T13:30:26.032Z] GET /empresas
2026-02-18T10:30:26: [INFO 2026-02-18T13:30:26.055Z] GET /empresas/
2026-02-18T10:31:02: [INFO 2026-02-18T13:31:02.204Z] POST /empresas
2026-02-18T10:31:02: [INFO 2026-02-18T13:31:02.231Z] GET /empresas
2026-02-18T10:31:02: [INFO 2026-02-18T13:31:02.234Z] GET /empresas
2026-02-18T10:31:02: [INFO 2026-02-18T13:31:02.242Z] GET /empresas/
2026-02-18T10:31:02: [INFO 2026-02-18T13:31:02.246Z] GET /empresas/
2026-02-18T10:31:11: [INFO 2026-02-18T13:31:11.471Z] GET /empresas
2026-02-18T10:31:11: [INFO 2026-02-18T13:31:11.486Z] GET /empresas/
2026-02-18T10:31:12: [INFO 2026-02-18T13:31:12.337Z] GET /empresas
2026-02-18T10:31:12: [INFO 2026-02-18T13:31:12.355Z] GET /empresas/
2026-02-18T10:31:18: [INFO 2026-02-18T13:31:18.312Z] GET /empresas
2026-02-18T10:31:18: [INFO 2026-02-18T13:31:18.318Z] GET /empresas/
2026-02-18T10:31:19: [INFO 2026-02-18T13:31:19.177Z] GET /empresas
2026-02-18T10:31:19: [INFO 2026-02-18T13:31:19.185Z] GET /empresas/
2026-02-18T10:33:52: [INFO 2026-02-18T13:33:52.902Z] GET /empresas
2026-02-18T10:33:52: [INFO 2026-02-18T13:33:52.925Z] GET /empresas/
2026-02-18T10:45:28: [INFO 2026-02-18T13:45:28.488Z] POST /admin/reset
2026-02-18T10:45:43: [SUCCESS 2026-02-18T13:45:43.525Z] Servidor rodando na porta 3000
2026-02-18T10:45:43: [SUCCESS 2026-02-18T13:45:43.554Z] MySQL Pool conectado com sucesso
2026-02-18T10:46:02: [INFO 2026-02-18T13:46:02.489Z] GET /empresas
2026-02-18T10:46:02: [INFO 2026-02-18T13:46:02.500Z] GET /empresas/
2026-02-18T10:46:03: [INFO 2026-02-18T13:46:03.405Z] GET /empresas
2026-02-18T10:46:03: [INFO 2026-02-18T13:46:03.413Z] GET /empresas/
2026-02-18T10:46:31: [INFO 2026-02-18T13:46:31.076Z] POST /empresas
2026-02-18T10:46:31: [INFO 2026-02-18T13:46:31.110Z] GET /empresas
2026-02-18T10:46:31: [INFO 2026-02-18T13:46:31.122Z] GET /empresas
2026-02-18T10:46:31: [INFO 2026-02-18T13:46:31.136Z] GET /empresas/
2026-02-18T10:46:31: [INFO 2026-02-18T13:46:31.139Z] GET /empresas/
2026-02-18T10:46:39: [INFO 2026-02-18T13:46:39.330Z] GET /empresas
2026-02-18T10:46:39: [INFO 2026-02-18T13:46:39.336Z] GET /empresas/
2026-02-18T10:46:40: [INFO 2026-02-18T13:46:40.017Z] GET /empresas
2026-02-18T10:46:40: [INFO 2026-02-18T13:46:40.025Z] GET /empresas/
2026-02-18T10:46:41: [INFO 2026-02-18T13:46:41.488Z] GET /empresas
2026-02-18T10:46:41: [INFO 2026-02-18T13:46:41.500Z] GET /empresas/
2026-02-18T10:46:42: [INFO 2026-02-18T13:46:42.424Z] GET /empresas
2026-02-18T10:46:42: [INFO 2026-02-18T13:46:42.433Z] GET /empresas/
2026-02-18T10:46:48: [INFO 2026-02-18T13:46:48.298Z] GET /empresas
2026-02-18T10:46:48: [INFO 2026-02-18T13:46:48.319Z] GET /empresas/
2026-02-18T10:46:49: [INFO 2026-02-18T13:46:49.240Z] GET /empresas
2026-02-18T10:46:49: [INFO 2026-02-18T13:46:49.248Z] GET /empresas/
2026-02-18T10:46:50: [INFO 2026-02-18T13:46:50.829Z] GET /empresas
2026-02-18T10:46:50: [INFO 2026-02-18T13:46:50.841Z] GET /empresas/
2026-02-18T10:46:51: [INFO 2026-02-18T13:46:51.818Z] GET /empresas
2026-02-18T10:46:51: [INFO 2026-02-18T13:46:51.830Z] GET /empresas/
2026-02-18T10:47:03: [INFO 2026-02-18T13:47:03.605Z] GET /empresas
2026-02-18T10:47:03: [INFO 2026-02-18T13:47:03.611Z] GET /empresas/
2026-02-18T10:47:03: [INFO 2026-02-18T13:47:03.999Z] GET /empresas
2026-02-18T10:47:04: [INFO 2026-02-18T13:47:04.004Z] GET /empresas/
2026-02-18T10:47:09: [INFO 2026-02-18T13:47:09.704Z] GET /empresas
2026-02-18T10:47:09: [INFO 2026-02-18T13:47:09.766Z] GET /empresas/
2026-02-18T10:47:10: [INFO 2026-02-18T13:47:10.610Z] GET /empresas
2026-02-18T10:47:10: [INFO 2026-02-18T13:47:10.631Z] GET /empresas/
2026-02-18T10:47:50: [INFO 2026-02-18T13:47:50.217Z] GET /empresas
2026-02-18T10:47:50: [INFO 2026-02-18T13:47:50.233Z] GET /empresas/
2026-02-18T10:47:50: [INFO 2026-02-18T13:47:50.874Z] GET /empresas
2026-02-18T10:47:50: [INFO 2026-02-18T13:47:50.888Z] GET /empresas/
2026-02-18T10:52:17: [INFO 2026-02-18T13:52:17.501Z] GET /empresas
2026-02-18T10:52:17: [INFO 2026-02-18T13:52:17.506Z] GET /empresas/
2026-02-18T10:52:18: [INFO 2026-02-18T13:52:18.472Z] GET /empresas
2026-02-18T10:52:18: [INFO 2026-02-18T13:52:18.490Z] GET /empresas/
2026-02-18T10:52:19: [INFO 2026-02-18T13:52:19.192Z] GET /empresas
2026-02-18T10:52:19: [INFO 2026-02-18T13:52:19.212Z] GET /empresas/
2026-02-18T10:52:24: [INFO 2026-02-18T13:52:24.978Z] GET /empresas
2026-02-18T10:52:24: [INFO 2026-02-18T13:52:24.997Z] GET /empresas/
2026-02-18T10:52:25: [INFO 2026-02-18T13:52:25.582Z] GET /empresas
2026-02-18T10:52:25: [INFO 2026-02-18T13:52:25.589Z] GET /empresas/
2026-02-18T10:52:51: [INFO 2026-02-18T13:52:51.089Z] POST /admin/reset
2026-02-18T10:56:17: [SUCCESS 2026-02-18T13:56:17.949Z] Servidor rodando na porta 3000
2026-02-18T10:56:17: [SUCCESS 2026-02-18T13:56:17.984Z] MySQL Pool conectado com sucesso
2026-02-18T10:56:22: [INFO 2026-02-18T13:56:22.424Z] GET /empresas
2026-02-18T10:56:22: [INFO 2026-02-18T13:56:22.434Z] GET /empresas/
2026-02-18T10:56:23: [INFO 2026-02-18T13:56:23.575Z] GET /empresas
2026-02-18T10:56:23: [INFO 2026-02-18T13:56:23.580Z] GET /empresas/
2026-02-18T10:56:53: [INFO 2026-02-18T13:56:53.590Z] POST /empresas
2026-02-18T10:56:53: [INFO 2026-02-18T13:56:53.605Z] GET /empresas
2026-02-18T10:56:53: [INFO 2026-02-18T13:56:53.622Z] GET /empresas
2026-02-18T10:56:53: [INFO 2026-02-18T13:56:53.634Z] GET /empresas/
2026-02-18T10:56:53: [INFO 2026-02-18T13:56:53.637Z] GET /empresas/
2026-02-18T10:56:55: [INFO 2026-02-18T13:56:55.288Z] GET /empresas
2026-02-18T10:56:55: [INFO 2026-02-18T13:56:55.293Z] GET /empresas/
2026-02-18T10:57:02: [SUCCESS 2026-02-18T13:57:02.355Z] Servidor rodando na porta 3000
2026-02-18T10:57:02: [SUCCESS 2026-02-18T13:57:02.390Z] MySQL Pool conectado com sucesso
2026-02-18T10:57:05: [INFO 2026-02-18T13:57:05.635Z] GET /empresas
2026-02-18T10:57:05: [INFO 2026-02-18T13:57:05.648Z] GET /empresas/
2026-02-18T10:57:06: [INFO 2026-02-18T13:57:06.364Z] GET /empresas
2026-02-18T10:57:06: [INFO 2026-02-18T13:57:06.453Z] GET /empresas/
2026-02-18T10:57:07: [INFO 2026-02-18T13:57:07.084Z] GET /empresas
2026-02-18T10:57:07: [INFO 2026-02-18T13:57:07.090Z] GET /empresas/
2026-02-18T10:57:08: [INFO 2026-02-18T13:57:08.543Z] GET /empresas
2026-02-18T10:57:08: [INFO 2026-02-18T13:57:08.554Z] GET /empresas/
2026-02-18T10:57:09: [INFO 2026-02-18T13:57:09.641Z] GET /empresas
2026-02-18T10:57:09: [INFO 2026-02-18T13:57:09.650Z] GET /empresas/
2026-02-18T10:57:10: [INFO 2026-02-18T13:57:10.664Z] GET /empresas
2026-02-18T10:57:10: [INFO 2026-02-18T13:57:10.681Z] GET /empresas/
2026-02-18T10:57:10: [INFO 2026-02-18T13:57:10.854Z] GET /empresas
2026-02-18T10:57:10: [INFO 2026-02-18T13:57:10.860Z] GET /empresas/
2026-02-18T10:57:12: [INFO 2026-02-18T13:57:12.234Z] GET /empresas
2026-02-18T10:57:12: [INFO 2026-02-18T13:57:12.242Z] GET /empresas/
2026-02-18T10:57:12: [INFO 2026-02-18T13:57:12.806Z] GET /empresas
2026-02-18T10:57:12: [INFO 2026-02-18T13:57:12.818Z] GET /empresas/
2026-02-18T10:57:18: [SUCCESS 2026-02-18T13:57:18.459Z] Servidor rodando na porta 3000
2026-02-18T10:57:18: [SUCCESS 2026-02-18T13:57:18.495Z] MySQL Pool conectado com sucesso
2026-02-18T10:57:21: [INFO 2026-02-18T13:57:21.238Z] GET /empresas
2026-02-18T10:57:21: [INFO 2026-02-18T13:57:21.247Z] GET /empresas/
2026-02-18T10:57:21: [INFO 2026-02-18T13:57:21.883Z] GET /empresas
2026-02-18T10:57:21: [INFO 2026-02-18T13:57:21.893Z] GET /empresas/
2026-02-18T10:57:31: [SUCCESS 2026-02-18T13:57:31.544Z] Servidor rodando na porta 3000
2026-02-18T10:57:31: [SUCCESS 2026-02-18T13:57:31.578Z] MySQL Pool conectado com sucesso
2026-02-18T10:57:37: [INFO 2026-02-18T13:57:37.845Z] GET /empresas
2026-02-18T10:57:37: [INFO 2026-02-18T13:57:37.859Z] GET /empresas/
2026-02-18T10:57:38: [INFO 2026-02-18T13:57:38.544Z] GET /empresas
2026-02-18T10:57:38: [INFO 2026-02-18T13:57:38.556Z] GET /empresas/
2026-02-18T10:57:40: [INFO 2026-02-18T13:57:40.178Z] GET /empresas
2026-02-18T10:57:40: [INFO 2026-02-18T13:57:40.184Z] GET /empresas/
2026-02-18T10:57:40: [INFO 2026-02-18T13:57:40.815Z] GET /empresas
2026-02-18T10:57:40: [INFO 2026-02-18T13:57:40.839Z] GET /empresas/
2026-02-18T10:57:43: [INFO 2026-02-18T13:57:43.555Z] GET /empresas
2026-02-18T10:57:43: [INFO 2026-02-18T13:57:43.569Z] GET /empresas/
2026-02-18T10:57:44: [INFO 2026-02-18T13:57:44.337Z] GET /empresas
2026-02-18T10:57:44: [INFO 2026-02-18T13:57:44.345Z] GET /empresas/
2026-02-18T10:57:49: [INFO 2026-02-18T13:57:49.898Z] GET /empresas
2026-02-18T10:57:49: [INFO 2026-02-18T13:57:49.906Z] GET /empresas/
2026-02-18T10:57:50: [INFO 2026-02-18T13:57:50.484Z] GET /empresas
2026-02-18T10:57:50: [INFO 2026-02-18T13:57:50.491Z] GET /empresas/
2026-02-18T10:57:56: [SUCCESS 2026-02-18T13:57:56.543Z] Servidor rodando na porta 3000
2026-02-18T10:57:56: [SUCCESS 2026-02-18T13:57:56.576Z] MySQL Pool conectado com sucesso
2026-02-18T10:57:59: [INFO 2026-02-18T13:57:59.665Z] GET /empresas
2026-02-18T10:57:59: [INFO 2026-02-18T13:57:59.673Z] GET /empresas/
2026-02-18T10:58:00: [INFO 2026-02-18T13:58:00.355Z] GET /empresas
2026-02-18T10:58:00: [INFO 2026-02-18T13:58:00.368Z] GET /empresas/
2026-02-18T10:58:05: [INFO 2026-02-18T13:58:05.807Z] GET /empresas
2026-02-18T10:58:05: [INFO 2026-02-18T13:58:05.812Z] GET /empresas/
2026-02-18T10:58:06: [INFO 2026-02-18T13:58:06.709Z] GET /empresas
2026-02-18T10:58:06: [INFO 2026-02-18T13:58:06.726Z] GET /empresas/
2026-02-18T10:59:16: [INFO 2026-02-18T13:59:16.254Z] GET /empresas
2026-02-18T10:59:16: [INFO 2026-02-18T13:59:16.270Z] GET /empresas/
2026-02-18T10:59:17: [INFO 2026-02-18T13:59:17.427Z] GET /empresas
2026-02-18T10:59:17: [INFO 2026-02-18T13:59:17.437Z] GET /empresas/
2026-02-18T10:59:21: [INFO 2026-02-18T13:59:21.287Z] POST /admin/reset
2026-02-18T10:59:25: [INFO 2026-02-18T13:59:25.353Z] GET /empresas
2026-02-18T10:59:25: [INFO 2026-02-18T13:59:25.371Z] GET /empresas/
2026-02-18T10:59:26: [INFO 2026-02-18T13:59:25.999Z] GET /empresas
2026-02-18T10:59:26: [INFO 2026-02-18T13:59:26.017Z] GET /empresas/
2026-02-18T11:05:11: [INFO 2026-02-18T14:05:11.695Z] POST /auth/login
2026-02-18T11:05:15: [INFO 2026-02-18T14:05:15.448Z] POST /admin/reset
2026-02-18T11:05:18: [INFO 2026-02-18T14:05:18.335Z] GET /empresas
2026-02-18T11:05:18: [INFO 2026-02-18T14:05:18.358Z] GET /empresas/
2026-02-18T11:05:49: [INFO 2026-02-18T14:05:49.390Z] POST /empresas
2026-02-18T11:05:49: [INFO 2026-02-18T14:05:49.414Z] GET /empresas
2026-02-18T11:05:49: [INFO 2026-02-18T14:05:49.517Z] GET /empresas
2026-02-18T11:05:49: [INFO 2026-02-18T14:05:49.524Z] GET /empresas/
2026-02-18T11:05:49: [INFO 2026-02-18T14:05:49.553Z] GET /empresas/
2026-02-18T11:05:56: [INFO 2026-02-18T14:05:56.064Z] POST /admin/reset
2026-02-18T11:05:58: [INFO 2026-02-18T14:05:58.750Z] GET /empresas
2026-02-18T11:05:58: [INFO 2026-02-18T14:05:58.781Z] GET /empresas/
2026-02-18T11:05:59: [INFO 2026-02-18T14:05:59.660Z] GET /empresas
2026-02-18T11:05:59: [INFO 2026-02-18T14:05:59.668Z] GET /empresas/
2026-02-18T11:09:01: [INFO 2026-02-18T14:09:01.750Z] GET /empresas
2026-02-18T11:09:01: [INFO 2026-02-18T14:09:01.756Z] GET /empresas/
2026-02-18T11:09:26: [INFO 2026-02-18T14:09:26.883Z] POST /empresas
2026-02-18T11:09:26: [INFO 2026-02-18T14:09:26.910Z] GET /empresas
2026-02-18T11:09:26: [INFO 2026-02-18T14:09:26.911Z] GET /empresas
2026-02-18T11:09:26: [INFO 2026-02-18T14:09:26.924Z] GET /empresas/
2026-02-18T11:09:26: [INFO 2026-02-18T14:09:26.925Z] GET /empresas/
2026-02-18T11:10:17: [INFO 2026-02-18T14:10:17.500Z] GET /empresas
2026-02-18T11:10:17: [INFO 2026-02-18T14:10:17.506Z] GET /empresas/
2026-02-18T11:10:22: [INFO 2026-02-18T14:10:22.007Z] POST /admin/reset
2026-02-18T11:51:30: [INFO 2026-02-18T14:51:30.641Z] POST /admin/reset
2026-02-18T11:51:32: [INFO 2026-02-18T14:51:32.854Z] POST /admin/reset
2026-02-18T11:51:42: [INFO 2026-02-18T14:51:42.607Z] POST /auth/login
2026-02-18T11:51:44: [INFO 2026-02-18T14:51:44.430Z] GET /empresas
2026-02-18T11:51:44: [INFO 2026-02-18T14:51:44.567Z] GET /empresas/
2026-02-18T11:51:45: [INFO 2026-02-18T14:51:45.090Z] GET /empresas
2026-02-18T11:51:45: [INFO 2026-02-18T14:51:45.100Z] GET /empresas/
2026-02-18T11:52:12: [INFO 2026-02-18T14:52:12.659Z] POST /empresas
2026-02-18T11:52:12: [INFO 2026-02-18T14:52:12.676Z] GET /empresas
2026-02-18T11:52:12: [INFO 2026-02-18T14:52:12.681Z] GET /empresas
2026-02-18T11:52:12: [INFO 2026-02-18T14:52:12.709Z] GET /empresas/
2026-02-18T11:52:12: [INFO 2026-02-18T14:52:12.710Z] GET /empresas/
2026-02-18T11:52:17: [INFO 2026-02-18T14:52:17.254Z] POST /admin/reset
2026-02-18T11:52:20: [INFO 2026-02-18T14:52:20.398Z] GET /empresas
2026-02-18T11:52:20: [INFO 2026-02-18T14:52:20.469Z] GET /empresas/
2026-02-18T11:52:21: [INFO 2026-02-18T14:52:21.067Z] GET /empresas
2026-02-18T11:52:21: [INFO 2026-02-18T14:52:21.073Z] GET /empresas/
2026-02-18T11:53:09: [SUCCESS 2026-02-18T14:53:09.636Z] Servidor rodando na porta 3000
2026-02-18T11:53:09: [SUCCESS 2026-02-18T14:53:09.678Z] MySQL Pool conectado com sucesso
2026-02-18T11:53:14: [INFO 2026-02-18T14:53:14.320Z] GET /empresas
2026-02-18T11:53:14: [INFO 2026-02-18T14:53:14.377Z] GET /empresas/
2026-02-18T11:53:17: [INFO 2026-02-18T14:53:17.863Z] POST /admin/reset
2026-02-18T11:53:20: [INFO 2026-02-18T14:53:20.666Z] GET /empresas
2026-02-18T11:53:20: [INFO 2026-02-18T14:53:20.675Z] GET /empresas/
2026-02-18T11:53:43: [INFO 2026-02-18T14:53:43.118Z] POST /empresas
2026-02-18T11:53:43: [INFO 2026-02-18T14:53:43.145Z] GET /empresas
2026-02-18T11:53:43: [INFO 2026-02-18T14:53:43.155Z] GET /empresas/
2026-02-18T11:53:43: [INFO 2026-02-18T14:53:43.157Z] GET /empresas
2026-02-18T11:53:43: [INFO 2026-02-18T14:53:43.171Z] GET /empresas/
2026-02-18T11:53:48: [INFO 2026-02-18T14:53:48.933Z] POST /admin/reset
2026-02-18T16:13:09: [SUCCESS 2026-02-18T19:13:09.180Z] Servidor rodando na porta 3000
2026-02-18T16:13:09: [SUCCESS 2026-02-18T19:13:09.254Z] MySQL Pool conectado com sucesso
2026-02-18T16:13:15: [INFO 2026-02-18T19:13:15.688Z] POST /admin/reset
2026-02-18T16:16:50: [INFO 2026-02-18T19:16:50.800Z] POST /auth/login
2026-02-18T16:16:56: [INFO 2026-02-18T19:16:56.702Z] GET /empresas
2026-02-18T16:16:56: [INFO 2026-02-18T19:16:56.719Z] GET /empresas/
2026-02-18T16:24:37: [INFO 2026-02-18T19:24:37.889Z] POST /empresas
2026-02-18T16:24:37: [INFO 2026-02-18T19:24:37.926Z] GET /empresas
2026-02-18T16:24:37: [INFO 2026-02-18T19:24:37.954Z] GET /empresas/
2026-02-18T16:24:37: [INFO 2026-02-18T19:24:37.956Z] GET /empresas
2026-02-18T16:24:37: [INFO 2026-02-18T19:24:37.964Z] GET /empresas/
2026-02-18T16:24:39: [INFO 2026-02-18T19:24:39.472Z] GET /empresas
2026-02-18T16:24:39: [INFO 2026-02-18T19:24:39.508Z] GET /empresas/
2026-02-18T16:25:48: [INFO 2026-02-18T19:25:48.913Z] POST /empresas
2026-02-18T16:25:48: [INFO 2026-02-18T19:25:48.949Z] GET /empresas
2026-02-18T16:25:48: [INFO 2026-02-18T19:25:48.961Z] GET /empresas
2026-02-18T16:25:48: [INFO 2026-02-18T19:25:48.977Z] GET /empresas/
2026-02-18T16:25:48: [INFO 2026-02-18T19:25:48.978Z] GET /empresas/
2026-02-18T16:25:50: [INFO 2026-02-18T19:25:50.630Z] GET /empresas
2026-02-18T16:25:50: [INFO 2026-02-18T19:25:50.643Z] GET /empresas/
2026-02-18T16:27:00: [INFO 2026-02-18T19:27:00.593Z] POST /empresas
2026-02-18T16:27:00: [INFO 2026-02-18T19:27:00.610Z] GET /empresas
2026-02-18T16:27:00: [INFO 2026-02-18T19:27:00.614Z] GET /empresas
2026-02-18T16:27:00: [INFO 2026-02-18T19:27:00.642Z] GET /empresas/
2026-02-18T16:27:00: [INFO 2026-02-18T19:27:00.643Z] GET /empresas/
2026-02-18T16:27:02: [INFO 2026-02-18T19:27:02.220Z] GET /empresas
2026-02-18T16:27:02: [INFO 2026-02-18T19:27:02.232Z] GET /empresas/
2026-02-18T16:28:11: [INFO 2026-02-18T19:28:11.775Z] POST /empresas
2026-02-18T16:28:11: [INFO 2026-02-18T19:28:11.796Z] GET /empresas
2026-02-18T16:28:11: [INFO 2026-02-18T19:28:11.811Z] GET /empresas
2026-02-18T16:28:11: [INFO 2026-02-18T19:28:11.824Z] GET /empresas/
2026-02-18T16:28:11: [INFO 2026-02-18T19:28:11.828Z] GET /empresas/
2026-02-18T16:28:13: [INFO 2026-02-18T19:28:13.419Z] GET /empresas
2026-02-18T16:28:13: [INFO 2026-02-18T19:28:13.448Z] GET /empresas/
2026-02-18T16:29:22: [INFO 2026-02-18T19:29:22.792Z] POST /empresas
2026-02-18T16:29:22: [INFO 2026-02-18T19:29:22.843Z] GET /empresas
2026-02-18T16:29:22: [INFO 2026-02-18T19:29:22.854Z] GET /empresas
2026-02-18T16:29:22: [INFO 2026-02-18T19:29:22.871Z] GET /empresas/
2026-02-18T16:29:22: [INFO 2026-02-18T19:29:22.872Z] GET /empresas/
2026-02-18T16:29:24: [INFO 2026-02-18T19:29:24.416Z] GET /empresas
2026-02-18T16:29:24: [INFO 2026-02-18T19:29:24.441Z] GET /empresas/
2026-02-18T16:30:34: [INFO 2026-02-18T19:30:34.190Z] POST /empresas
2026-02-18T16:30:34: [INFO 2026-02-18T19:30:34.210Z] GET /empresas
2026-02-18T16:30:34: [INFO 2026-02-18T19:30:34.213Z] GET /empresas
2026-02-18T16:30:34: [INFO 2026-02-18T19:30:34.243Z] GET /empresas/
2026-02-18T16:30:34: [INFO 2026-02-18T19:30:34.244Z] GET /empresas/
2026-02-18T16:30:35: [INFO 2026-02-18T19:30:35.803Z] GET /empresas
2026-02-18T16:30:35: [INFO 2026-02-18T19:30:35.830Z] GET /empresas/
2026-02-18T16:31:45: [INFO 2026-02-18T19:31:45.763Z] POST /empresas
2026-02-18T16:31:45: [INFO 2026-02-18T19:31:45.806Z] GET /empresas
2026-02-18T16:31:45: [INFO 2026-02-18T19:31:45.812Z] GET /empresas
2026-02-18T16:31:45: [INFO 2026-02-18T19:31:45.820Z] GET /empresas/
2026-02-18T16:31:45: [INFO 2026-02-18T19:31:45.826Z] GET /empresas/
2026-02-18T16:31:47: [INFO 2026-02-18T19:31:47.406Z] GET /empresas
2026-02-18T16:31:47: [INFO 2026-02-18T19:31:47.450Z] GET /empresas/
2026-02-18T16:32:56: [INFO 2026-02-18T19:32:56.858Z] POST /empresas
2026-02-18T16:32:56: [INFO 2026-02-18T19:32:56.905Z] GET /empresas
2026-02-18T16:32:56: [INFO 2026-02-18T19:32:56.905Z] GET /empresas
2026-02-18T16:32:56: [INFO 2026-02-18T19:32:56.923Z] GET /empresas/
2026-02-18T16:32:56: [INFO 2026-02-18T19:32:56.924Z] GET /empresas/
2026-02-18T16:32:58: [INFO 2026-02-18T19:32:58.510Z] GET /empresas
2026-02-18T16:32:58: [INFO 2026-02-18T19:32:58.521Z] GET /empresas/
2026-02-18T16:34:07: [INFO 2026-02-18T19:34:07.924Z] POST /empresas
2026-02-18T16:34:07: [INFO 2026-02-18T19:34:07.965Z] GET /empresas
2026-02-18T16:34:07: [INFO 2026-02-18T19:34:07.973Z] GET /empresas
2026-02-18T16:34:07: [INFO 2026-02-18T19:34:07.984Z] GET /empresas/
2026-02-18T16:34:07: [INFO 2026-02-18T19:34:07.988Z] GET /empresas/
2026-02-18T16:34:09: [INFO 2026-02-18T19:34:09.566Z] GET /empresas
2026-02-18T16:34:09: [INFO 2026-02-18T19:34:09.585Z] GET /empresas/
2026-02-18T16:35:19: [INFO 2026-02-18T19:35:19.688Z] POST /empresas
2026-02-18T16:35:19: [INFO 2026-02-18T19:35:19.709Z] GET /empresas
2026-02-18T16:35:19: [INFO 2026-02-18T19:35:19.709Z] GET /empresas
2026-02-18T16:35:19: [INFO 2026-02-18T19:35:19.740Z] GET /empresas/
2026-02-18T16:35:19: [INFO 2026-02-18T19:35:19.740Z] GET /empresas/
2026-02-18T16:35:21: [INFO 2026-02-18T19:35:21.312Z] GET /empresas
2026-02-18T16:35:21: [INFO 2026-02-18T19:35:21.331Z] GET /empresas/
2026-02-18T16:36:28: [INFO 2026-02-18T19:36:28.934Z] POST /empresas
2026-02-18T16:36:28: [INFO 2026-02-18T19:36:28.952Z] GET /empresas
2026-02-18T16:36:28: [INFO 2026-02-18T19:36:28.969Z] GET /empresas
2026-02-18T16:36:28: [INFO 2026-02-18T19:36:28.987Z] GET /empresas/
2026-02-18T16:36:28: [INFO 2026-02-18T19:36:28.993Z] GET /empresas/
2026-02-18T16:36:30: [INFO 2026-02-18T19:36:30.581Z] GET /empresas
2026-02-18T16:36:30: [INFO 2026-02-18T19:36:30.589Z] GET /empresas/
2026-02-18T16:37:38: [INFO 2026-02-18T19:37:38.088Z] POST /empresas
2026-02-18T16:37:38: [INFO 2026-02-18T19:37:38.109Z] GET /empresas
2026-02-18T16:37:38: [INFO 2026-02-18T19:37:38.111Z] GET /empresas
2026-02-18T16:37:38: [INFO 2026-02-18T19:37:38.129Z] GET /empresas/
2026-02-18T16:37:38: [INFO 2026-02-18T19:37:38.149Z] GET /empresas/
2026-02-18T16:37:39: [INFO 2026-02-18T19:37:39.680Z] GET /empresas
2026-02-18T16:37:39: [INFO 2026-02-18T19:37:39.714Z] GET /empresas/
2026-02-18T16:38:49: [INFO 2026-02-18T19:38:49.660Z] POST /empresas
2026-02-18T16:38:49: [INFO 2026-02-18T19:38:49.686Z] GET /empresas
2026-02-18T16:38:49: [INFO 2026-02-18T19:38:49.708Z] GET /empresas
2026-02-18T16:38:49: [INFO 2026-02-18T19:38:49.724Z] GET /empresas/
2026-02-18T16:38:49: [INFO 2026-02-18T19:38:49.727Z] GET /empresas/
2026-02-18T16:38:51: [INFO 2026-02-18T19:38:51.305Z] GET /empresas
2026-02-18T16:38:51: [INFO 2026-02-18T19:38:51.427Z] GET /empresas/
2026-02-18T16:40:01: [INFO 2026-02-18T19:40:01.459Z] POST /empresas
2026-02-18T16:40:01: [INFO 2026-02-18T19:40:01.486Z] GET /empresas
2026-02-18T16:40:01: [INFO 2026-02-18T19:40:01.499Z] GET /empresas
2026-02-18T16:40:01: [INFO 2026-02-18T19:40:01.520Z] GET /empresas/
2026-02-18T16:40:01: [INFO 2026-02-18T19:40:01.522Z] GET /empresas/
2026-02-18T16:40:03: [INFO 2026-02-18T19:40:03.078Z] GET /empresas
2026-02-18T16:40:03: [INFO 2026-02-18T19:40:03.101Z] GET /empresas/
2026-02-18T16:41:10: [INFO 2026-02-18T19:41:10.854Z] POST /empresas
2026-02-18T16:41:10: [INFO 2026-02-18T19:41:10.874Z] GET /empresas
2026-02-18T16:41:10: [INFO 2026-02-18T19:41:10.895Z] GET /empresas
2026-02-18T16:41:10: [INFO 2026-02-18T19:41:10.915Z] GET /empresas/
2026-02-18T16:41:10: [INFO 2026-02-18T19:41:10.916Z] GET /empresas/
2026-02-18T16:41:12: [INFO 2026-02-18T19:41:12.466Z] GET /empresas
2026-02-18T16:41:12: [INFO 2026-02-18T19:41:12.487Z] GET /empresas/
2026-02-18T16:42:22: [INFO 2026-02-18T19:42:22.390Z] POST /empresas
2026-02-18T16:42:22: [INFO 2026-02-18T19:42:22.433Z] GET /empresas
2026-02-18T16:42:22: [INFO 2026-02-18T19:42:22.437Z] GET /empresas
2026-02-18T16:42:22: [INFO 2026-02-18T19:42:22.457Z] GET /empresas/
2026-02-18T16:42:22: [INFO 2026-02-18T19:42:22.462Z] GET /empresas/
2026-02-18T16:42:23: [INFO 2026-02-18T19:42:23.985Z] GET /empresas
2026-02-18T16:42:24: [INFO 2026-02-18T19:42:24.011Z] GET /empresas/
2026-02-18T16:43:31: [INFO 2026-02-18T19:43:31.751Z] POST /empresas
2026-02-18T16:43:31: [INFO 2026-02-18T19:43:31.773Z] GET /empresas
2026-02-18T16:43:31: [INFO 2026-02-18T19:43:31.797Z] GET /empresas
2026-02-18T16:43:31: [INFO 2026-02-18T19:43:31.822Z] GET /empresas/
2026-02-18T16:43:31: [INFO 2026-02-18T19:43:31.823Z] GET /empresas/
2026-02-18T16:43:33: [INFO 2026-02-18T19:43:33.420Z] GET /empresas
2026-02-18T16:43:33: [INFO 2026-02-18T19:43:33.449Z] GET /empresas/
2026-02-18T16:44:41: [INFO 2026-02-18T19:44:41.385Z] POST /empresas
2026-02-18T16:44:41: [INFO 2026-02-18T19:44:41.435Z] GET /empresas
2026-02-18T16:44:41: [INFO 2026-02-18T19:44:41.455Z] GET /empresas
2026-02-18T16:44:41: [INFO 2026-02-18T19:44:41.480Z] GET /empresas/
2026-02-18T16:44:41: [INFO 2026-02-18T19:44:41.482Z] GET /empresas/
2026-02-18T16:44:43: [INFO 2026-02-18T19:44:43.047Z] GET /empresas
2026-02-18T16:44:43: [INFO 2026-02-18T19:44:43.059Z] GET /empresas/
2026-02-18T16:45:50: [INFO 2026-02-18T19:45:50.580Z] POST /empresas
2026-02-18T16:45:50: [INFO 2026-02-18T19:45:50.607Z] GET /empresas
2026-02-18T16:45:50: [INFO 2026-02-18T19:45:50.627Z] GET /empresas
2026-02-18T16:45:50: [INFO 2026-02-18T19:45:50.653Z] GET /empresas/
2026-02-18T16:45:50: [INFO 2026-02-18T19:45:50.657Z] GET /empresas/
2026-02-18T16:45:52: [INFO 2026-02-18T19:45:52.232Z] GET /empresas
2026-02-18T16:45:52: [INFO 2026-02-18T19:45:52.242Z] GET /empresas/
2026-02-18T16:47:00: [INFO 2026-02-18T19:47:00.032Z] POST /empresas
2026-02-18T16:47:00: [INFO 2026-02-18T19:47:00.061Z] GET /empresas
2026-02-18T16:47:00: [INFO 2026-02-18T19:47:00.063Z] GET /empresas
2026-02-18T16:47:00: [INFO 2026-02-18T19:47:00.112Z] GET /empresas/
2026-02-18T16:47:00: [INFO 2026-02-18T19:47:00.112Z] GET /empresas/
2026-02-18T16:47:19: [INFO 2026-02-18T19:47:19.946Z] POST /auth/login
2026-02-18T16:47:25: [INFO 2026-02-18T19:47:25.819Z] GET /empresas
2026-02-18T16:47:25: [INFO 2026-02-18T19:47:25.846Z] GET /empresas/
2026-02-18T16:48:15: [INFO 2026-02-18T19:48:15.586Z] POST /empresas
2026-02-18T16:48:15: [INFO 2026-02-18T19:48:15.609Z] GET /empresas
2026-02-18T16:48:15: [INFO 2026-02-18T19:48:15.610Z] GET /empresas
2026-02-18T16:48:15: [INFO 2026-02-18T19:48:15.660Z] GET /empresas/
2026-02-18T16:48:15: [INFO 2026-02-18T19:48:15.661Z] GET /empresas/
2026-02-18T16:48:17: [INFO 2026-02-18T19:48:17.222Z] GET /empresas
2026-02-18T16:48:17: [INFO 2026-02-18T19:48:17.247Z] GET /empresas/
2026-02-18T16:49:18: [INFO 2026-02-18T19:49:18.598Z] POST /empresas
2026-02-18T16:49:18: [INFO 2026-02-18T19:49:18.625Z] GET /empresas
2026-02-18T16:49:18: [INFO 2026-02-18T19:49:18.626Z] GET /empresas
2026-02-18T16:49:18: [INFO 2026-02-18T19:49:18.677Z] GET /empresas/
2026-02-18T16:49:18: [INFO 2026-02-18T19:49:18.677Z] GET /empresas/
2026-02-18T16:49:20: [INFO 2026-02-18T19:49:20.186Z] GET /empresas
2026-02-18T16:49:20: [INFO 2026-02-18T19:49:20.217Z] GET /empresas/
2026-02-18T16:50:21: [INFO 2026-02-18T19:50:21.615Z] POST /empresas
2026-02-18T16:50:21: [INFO 2026-02-18T19:50:21.639Z] GET /empresas
2026-02-18T16:50:21: [INFO 2026-02-18T19:50:21.645Z] GET /empresas
2026-02-18T16:50:21: [INFO 2026-02-18T19:50:21.694Z] GET /empresas/
2026-02-18T16:50:21: [INFO 2026-02-18T19:50:21.694Z] GET /empresas/
2026-02-18T16:50:23: [INFO 2026-02-18T19:50:23.256Z] GET /empresas
2026-02-18T16:50:23: [INFO 2026-02-18T19:50:23.273Z] GET /empresas/
2026-02-18T16:51:24: [INFO 2026-02-18T19:51:24.651Z] POST /empresas
2026-02-18T16:51:24: [INFO 2026-02-18T19:51:24.673Z] GET /empresas
2026-02-18T16:51:24: [INFO 2026-02-18T19:51:24.674Z] GET /empresas
2026-02-18T16:51:24: [INFO 2026-02-18T19:51:24.729Z] GET /empresas/
2026-02-18T16:51:24: [INFO 2026-02-18T19:51:24.731Z] GET /empresas/
2026-02-18T16:51:26: [INFO 2026-02-18T19:51:26.265Z] GET /empresas
2026-02-18T16:51:26: [INFO 2026-02-18T19:51:26.293Z] GET /empresas/
2026-02-18T16:52:27: [INFO 2026-02-18T19:52:27.654Z] POST /empresas
2026-02-18T16:52:27: [INFO 2026-02-18T19:52:27.680Z] GET /empresas
2026-02-18T16:52:27: [INFO 2026-02-18T19:52:27.699Z] GET /empresas
2026-02-18T16:52:27: [INFO 2026-02-18T19:52:27.738Z] GET /empresas/
2026-02-18T16:52:27: [INFO 2026-02-18T19:52:27.739Z] GET /empresas/
2026-02-18T16:52:29: [INFO 2026-02-18T19:52:29.255Z] GET /empresas
2026-02-18T16:52:29: [INFO 2026-02-18T19:52:29.292Z] GET /empresas/
2026-02-18T16:53:31: [INFO 2026-02-18T19:53:31.042Z] POST /empresas
2026-02-18T16:53:31: [INFO 2026-02-18T19:53:31.060Z] GET /empresas
2026-02-18T16:53:31: [INFO 2026-02-18T19:53:31.061Z] GET /empresas
2026-02-18T16:53:31: [INFO 2026-02-18T19:53:31.122Z] GET /empresas/
2026-02-18T16:53:31: [INFO 2026-02-18T19:53:31.124Z] GET /empresas/
2026-02-18T16:53:32: [INFO 2026-02-18T19:53:32.624Z] GET /empresas
2026-02-18T16:53:32: [INFO 2026-02-18T19:53:32.655Z] GET /empresas/
2026-02-18T16:54:36: [INFO 2026-02-18T19:54:36.604Z] POST /empresas
2026-02-18T16:54:36: [INFO 2026-02-18T19:54:36.630Z] GET /empresas
2026-02-18T16:54:36: [INFO 2026-02-18T19:54:36.632Z] GET /empresas
2026-02-18T16:54:36: [INFO 2026-02-18T19:54:36.694Z] GET /empresas/
2026-02-18T16:54:36: [INFO 2026-02-18T19:54:36.700Z] GET /empresas/
2026-02-18T16:54:38: [INFO 2026-02-18T19:54:38.236Z] GET /empresas
2026-02-18T16:54:38: [INFO 2026-02-18T19:54:38.284Z] GET /empresas/
2026-02-18T16:55:39: [INFO 2026-02-18T19:55:39.596Z] POST /empresas
2026-02-18T16:55:39: [INFO 2026-02-18T19:55:39.615Z] GET /empresas
2026-02-18T16:55:39: [INFO 2026-02-18T19:55:39.620Z] GET /empresas
2026-02-18T16:55:39: [INFO 2026-02-18T19:55:39.684Z] GET /empresas/
2026-02-18T16:55:39: [INFO 2026-02-18T19:55:39.685Z] GET /empresas/
2026-02-18T16:55:41: [INFO 2026-02-18T19:55:41.186Z] GET /empresas
2026-02-18T16:55:41: [INFO 2026-02-18T19:55:41.216Z] GET /empresas/
2026-02-18T16:56:43: [INFO 2026-02-18T19:56:43.003Z] POST /empresas
2026-02-18T16:56:43: [INFO 2026-02-18T19:56:43.037Z] GET /empresas
2026-02-18T16:56:43: [INFO 2026-02-18T19:56:43.042Z] GET /empresas
2026-02-18T16:56:43: [INFO 2026-02-18T19:56:43.100Z] GET /empresas/
2026-02-18T16:56:43: [INFO 2026-02-18T19:56:43.101Z] GET /empresas/
2026-02-18T16:56:44: [INFO 2026-02-18T19:56:44.665Z] GET /empresas
2026-02-18T16:56:44: [INFO 2026-02-18T19:56:44.671Z] GET /empresas/
2026-02-18T16:57:45: [INFO 2026-02-18T19:57:45.702Z] POST /empresas
2026-02-18T16:57:45: [INFO 2026-02-18T19:57:45.723Z] GET /empresas
2026-02-18T16:57:45: [INFO 2026-02-18T19:57:45.731Z] GET /empresas
2026-02-18T16:57:45: [INFO 2026-02-18T19:57:45.798Z] GET /empresas/
2026-02-18T16:57:45: [INFO 2026-02-18T19:57:45.798Z] GET /empresas/
2026-02-18T16:57:47: [INFO 2026-02-18T19:57:47.340Z] GET /empresas
2026-02-18T16:57:47: [INFO 2026-02-18T19:57:47.349Z] GET /empresas/
2026-02-18T16:58:49: [INFO 2026-02-18T19:58:49.307Z] POST /empresas
2026-02-18T16:58:49: [INFO 2026-02-18T19:58:49.326Z] GET /empresas
2026-02-18T16:58:49: [INFO 2026-02-18T19:58:49.326Z] GET /empresas
2026-02-18T16:58:49: [INFO 2026-02-18T19:58:49.407Z] GET /empresas/
2026-02-18T16:58:49: [INFO 2026-02-18T19:58:49.420Z] GET /empresas/
2026-02-18T16:58:50: [INFO 2026-02-18T19:58:50.975Z] GET /empresas
2026-02-18T16:58:51: [INFO 2026-02-18T19:58:51.006Z] GET /empresas/
2026-02-18T16:59:52: [INFO 2026-02-18T19:59:52.195Z] POST /empresas
2026-02-18T16:59:52: [INFO 2026-02-18T19:59:52.219Z] GET /empresas
2026-02-18T16:59:52: [INFO 2026-02-18T19:59:52.221Z] GET /empresas
2026-02-18T16:59:52: [INFO 2026-02-18T19:59:52.292Z] GET /empresas/
2026-02-18T16:59:52: [INFO 2026-02-18T19:59:52.295Z] GET /empresas/
2026-02-18T16:59:53: [INFO 2026-02-18T19:59:53.920Z] GET /empresas
2026-02-18T16:59:53: [INFO 2026-02-18T19:59:53.938Z] GET /empresas/
2026-02-18T17:00:55: [INFO 2026-02-18T20:00:55.104Z] POST /empresas
2026-02-18T17:00:55: [INFO 2026-02-18T20:00:55.125Z] GET /empresas
2026-02-18T17:00:55: [INFO 2026-02-18T20:00:55.126Z] GET /empresas
2026-02-18T17:00:55: [INFO 2026-02-18T20:00:55.206Z] GET /empresas/
2026-02-18T17:00:55: [INFO 2026-02-18T20:00:55.208Z] GET /empresas/
2026-02-18T17:00:56: [INFO 2026-02-18T20:00:56.796Z] GET /empresas
2026-02-18T17:00:56: [INFO 2026-02-18T20:00:56.821Z] GET /empresas/
2026-02-18T17:01:58: [INFO 2026-02-18T20:01:58.738Z] POST /empresas
2026-02-18T17:01:58: [INFO 2026-02-18T20:01:58.760Z] GET /empresas
2026-02-18T17:01:58: [INFO 2026-02-18T20:01:58.766Z] GET /empresas
2026-02-18T17:01:58: [INFO 2026-02-18T20:01:58.836Z] GET /empresas/
2026-02-18T17:01:58: [INFO 2026-02-18T20:01:58.836Z] GET /empresas/
2026-02-18T17:02:00: [INFO 2026-02-18T20:02:00.432Z] GET /empresas
2026-02-18T17:02:00: [INFO 2026-02-18T20:02:00.477Z] GET /empresas/
2026-02-18T17:03:01: [INFO 2026-02-18T20:03:01.842Z] POST /empresas
2026-02-18T17:03:01: [INFO 2026-02-18T20:03:01.868Z] GET /empresas
2026-02-18T17:03:01: [INFO 2026-02-18T20:03:01.872Z] GET /empresas
2026-02-18T17:03:01: [INFO 2026-02-18T20:03:01.945Z] GET /empresas/
2026-02-18T17:03:01: [INFO 2026-02-18T20:03:01.950Z] GET /empresas/
2026-02-18T17:03:03: [INFO 2026-02-18T20:03:03.505Z] GET /empresas
2026-02-18T17:03:03: [INFO 2026-02-18T20:03:03.519Z] GET /empresas/
2026-02-18T17:04:04: [INFO 2026-02-18T20:04:04.595Z] POST /empresas
2026-02-18T17:04:04: [INFO 2026-02-18T20:04:04.617Z] GET /empresas
2026-02-18T17:04:04: [INFO 2026-02-18T20:04:04.625Z] GET /empresas
2026-02-18T17:04:04: [INFO 2026-02-18T20:04:04.698Z] GET /empresas/
2026-02-18T17:04:04: [INFO 2026-02-18T20:04:04.699Z] GET /empresas/
2026-02-18T17:04:06: [INFO 2026-02-18T20:04:06.284Z] GET /empresas
2026-02-18T17:04:06: [INFO 2026-02-18T20:04:06.298Z] GET /empresas/
2026-02-18T17:05:07: [INFO 2026-02-18T20:05:07.683Z] POST /empresas
2026-02-18T17:05:07: [INFO 2026-02-18T20:05:07.711Z] GET /empresas
2026-02-18T17:05:07: [INFO 2026-02-18T20:05:07.712Z] GET /empresas
2026-02-18T17:05:07: [INFO 2026-02-18T20:05:07.794Z] GET /empresas/
2026-02-18T17:05:07: [INFO 2026-02-18T20:05:07.799Z] GET /empresas/
2026-02-18T17:05:09: [INFO 2026-02-18T20:05:09.319Z] GET /empresas
2026-02-18T17:05:09: [INFO 2026-02-18T20:05:09.331Z] GET /empresas/
2026-02-18T17:06:11: [INFO 2026-02-18T20:06:11.161Z] POST /empresas
2026-02-18T17:06:11: [INFO 2026-02-18T20:06:11.194Z] GET /empresas
2026-02-18T17:06:11: [INFO 2026-02-18T20:06:11.195Z] GET /empresas
2026-02-18T17:06:11: [INFO 2026-02-18T20:06:11.276Z] GET /empresas/
2026-02-18T17:06:11: [INFO 2026-02-18T20:06:11.276Z] GET /empresas/
2026-02-18T17:06:12: [INFO 2026-02-18T20:06:12.810Z] GET /empresas
2026-02-18T17:06:12: [INFO 2026-02-18T20:06:12.819Z] GET /empresas/
2026-02-18T17:07:14: [INFO 2026-02-18T20:07:14.414Z] POST /empresas
2026-02-18T17:07:14: [INFO 2026-02-18T20:07:14.457Z] GET /empresas
2026-02-18T17:07:14: [INFO 2026-02-18T20:07:14.461Z] GET /empresas
2026-02-18T17:07:14: [INFO 2026-02-18T20:07:14.552Z] GET /empresas/
2026-02-18T17:07:14: [INFO 2026-02-18T20:07:14.553Z] GET /empresas/
2026-02-18T17:07:16: [INFO 2026-02-18T20:07:16.117Z] GET /empresas
2026-02-18T17:07:16: [INFO 2026-02-18T20:07:16.126Z] GET /empresas/
2026-02-18T17:08:17: [INFO 2026-02-18T20:08:17.648Z] POST /empresas
2026-02-18T17:08:17: [INFO 2026-02-18T20:08:17.671Z] GET /empresas
2026-02-18T17:08:17: [INFO 2026-02-18T20:08:17.677Z] GET /empresas
2026-02-18T17:08:17: [INFO 2026-02-18T20:08:17.759Z] GET /empresas/
2026-02-18T17:08:17: [INFO 2026-02-18T20:08:17.759Z] GET /empresas/
2026-02-18T17:08:19: [INFO 2026-02-18T20:08:19.303Z] GET /empresas
2026-02-18T17:08:19: [INFO 2026-02-18T20:08:19.314Z] GET /empresas/
2026-02-18T17:09:46: [INFO 2026-02-18T20:09:46.726Z] POST /empresas
2026-02-18T17:09:46: [INFO 2026-02-18T20:09:46.752Z] GET /empresas
2026-02-18T17:09:46: [INFO 2026-02-18T20:09:46.756Z] GET /empresas
2026-02-18T17:09:46: [INFO 2026-02-18T20:09:46.849Z] GET /empresas/
2026-02-18T17:09:46: [INFO 2026-02-18T20:09:46.862Z] GET /empresas/
2026-02-18T17:09:48: [INFO 2026-02-18T20:09:48.451Z] GET /empresas
2026-02-18T17:09:48: [INFO 2026-02-18T20:09:48.520Z] GET /empresas/
2026-02-18T17:10:52: [INFO 2026-02-18T20:10:52.022Z] POST /empresas
2026-02-18T17:10:52: [INFO 2026-02-18T20:10:52.043Z] GET /empresas
2026-02-18T17:10:52: [INFO 2026-02-18T20:10:52.049Z] GET /empresas
2026-02-18T17:10:52: [INFO 2026-02-18T20:10:52.143Z] GET /empresas/
2026-02-18T17:10:52: [INFO 2026-02-18T20:10:52.152Z] GET /empresas/
2026-02-18T17:10:53: [INFO 2026-02-18T20:10:53.691Z] GET /empresas
2026-02-18T17:10:53: [INFO 2026-02-18T20:10:53.721Z] GET /empresas/
2026-02-18T17:11:55: [INFO 2026-02-18T20:11:55.540Z] POST /empresas
2026-02-18T17:11:55: [INFO 2026-02-18T20:11:55.566Z] GET /empresas
2026-02-18T17:11:55: [INFO 2026-02-18T20:11:55.568Z] GET /empresas
2026-02-18T17:11:55: [INFO 2026-02-18T20:11:55.662Z] GET /empresas/
2026-02-18T17:11:55: [INFO 2026-02-18T20:11:55.662Z] GET /empresas/
2026-02-18T17:11:57: [INFO 2026-02-18T20:11:57.213Z] GET /empresas
2026-02-18T17:11:57: [INFO 2026-02-18T20:11:57.220Z] GET /empresas/
2026-02-18T17:12:58: [INFO 2026-02-18T20:12:58.685Z] POST /empresas
2026-02-18T17:12:58: [INFO 2026-02-18T20:12:58.708Z] GET /empresas
2026-02-18T17:12:58: [INFO 2026-02-18T20:12:58.712Z] GET /empresas
2026-02-18T17:12:58: [INFO 2026-02-18T20:12:58.802Z] GET /empresas/
2026-02-18T17:12:58: [INFO 2026-02-18T20:12:58.803Z] GET /empresas/
2026-02-18T17:13:00: [INFO 2026-02-18T20:13:00.309Z] GET /empresas
2026-02-18T17:13:00: [INFO 2026-02-18T20:13:00.338Z] GET /empresas/
2026-02-18T17:14:01: [INFO 2026-02-18T20:14:01.691Z] POST /empresas
2026-02-18T17:14:01: [INFO 2026-02-18T20:14:01.718Z] GET /empresas
2026-02-18T17:14:01: [INFO 2026-02-18T20:14:01.719Z] GET /empresas
2026-02-18T17:14:01: [INFO 2026-02-18T20:14:01.815Z] GET /empresas/
2026-02-18T17:14:01: [INFO 2026-02-18T20:14:01.816Z] GET /empresas/
2026-02-18T17:14:03: [INFO 2026-02-18T20:14:03.387Z] GET /empresas
2026-02-18T17:14:03: [INFO 2026-02-18T20:14:03.420Z] GET /empresas/
2026-02-18T17:15:05: [INFO 2026-02-18T20:15:05.157Z] POST /empresas
2026-02-18T17:15:05: [INFO 2026-02-18T20:15:05.184Z] GET /empresas
2026-02-18T17:15:05: [INFO 2026-02-18T20:15:05.188Z] GET /empresas
2026-02-18T17:15:05: [INFO 2026-02-18T20:15:05.220Z] GET /empresas/
2026-02-18T17:15:05: [INFO 2026-02-18T20:15:05.221Z] GET /empresas/
2026-02-18T17:15:06: [INFO 2026-02-18T20:15:06.851Z] GET /empresas
2026-02-18T17:15:06: [INFO 2026-02-18T20:15:06.875Z] GET /empresas/
2026-02-18T17:16:08: [INFO 2026-02-18T20:16:08.112Z] POST /empresas
2026-02-18T17:16:08: [INFO 2026-02-18T20:16:08.138Z] GET /empresas
2026-02-18T17:16:08: [INFO 2026-02-18T20:16:08.142Z] GET /empresas
2026-02-18T17:16:08: [INFO 2026-02-18T20:16:08.241Z] GET /empresas/
2026-02-18T17:16:08: [INFO 2026-02-18T20:16:08.241Z] GET /empresas/
2026-02-18T17:16:09: [INFO 2026-02-18T20:16:09.790Z] GET /empresas
2026-02-18T17:16:09: [INFO 2026-02-18T20:16:09.812Z] GET /empresas/
2026-02-18T17:17:11: [INFO 2026-02-18T20:17:11.532Z] POST /empresas
2026-02-18T17:17:11: [INFO 2026-02-18T20:17:11.552Z] GET /empresas
2026-02-18T17:17:11: [INFO 2026-02-18T20:17:11.553Z] GET /empresas
2026-02-18T17:17:11: [INFO 2026-02-18T20:17:11.662Z] GET /empresas/
2026-02-18T17:17:11: [INFO 2026-02-18T20:17:11.662Z] GET /empresas/
2026-02-18T17:17:13: [INFO 2026-02-18T20:17:13.150Z] GET /empresas
2026-02-18T17:17:13: [INFO 2026-02-18T20:17:13.187Z] GET /empresas/
2026-02-18T17:18:17: [INFO 2026-02-18T20:18:17.042Z] POST /empresas
2026-02-18T17:18:17: [INFO 2026-02-18T20:18:17.065Z] GET /empresas
2026-02-18T17:18:17: [INFO 2026-02-18T20:18:17.066Z] GET /empresas
2026-02-18T17:18:17: [INFO 2026-02-18T20:18:17.172Z] GET /empresas/
2026-02-18T17:18:17: [INFO 2026-02-18T20:18:17.173Z] GET /empresas/
2026-02-18T17:18:18: [INFO 2026-02-18T20:18:18.695Z] GET /empresas
2026-02-18T17:18:36: [INFO 2026-02-18T20:18:36.487Z] POST /auth/login
2026-02-18T17:18:42: [INFO 2026-02-18T20:18:42.396Z] GET /empresas
2026-02-18T17:18:42: [INFO 2026-02-18T20:18:42.418Z] GET /empresas/
2026-02-18T17:19:32: [INFO 2026-02-18T20:19:32.431Z] POST /empresas
2026-02-18T17:19:32: [INFO 2026-02-18T20:19:32.490Z] GET /empresas
2026-02-18T17:19:32: [INFO 2026-02-18T20:19:32.491Z] GET /empresas
2026-02-18T17:19:32: [INFO 2026-02-18T20:19:32.607Z] GET /empresas/
2026-02-18T17:19:32: [INFO 2026-02-18T20:19:32.607Z] GET /empresas/
2026-02-18T17:19:34: [INFO 2026-02-18T20:19:34.150Z] GET /empresas
2026-02-18T17:19:34: [INFO 2026-02-18T20:19:34.168Z] GET /empresas/
2026-02-18T17:20:35: [INFO 2026-02-18T20:20:35.648Z] POST /empresas
2026-02-18T17:20:35: [INFO 2026-02-18T20:20:35.668Z] GET /empresas
2026-02-18T17:20:35: [INFO 2026-02-18T20:20:35.673Z] GET /empresas
2026-02-18T17:20:35: [INFO 2026-02-18T20:20:35.791Z] GET /empresas/
2026-02-18T17:20:35: [INFO 2026-02-18T20:20:35.799Z] GET /empresas/
2026-02-18T17:20:37: [INFO 2026-02-18T20:20:37.423Z] GET /empresas
2026-02-18T17:20:37: [INFO 2026-02-18T20:20:37.439Z] GET /empresas/
2026-02-18T17:21:39: [INFO 2026-02-18T20:21:39.089Z] POST /empresas
2026-02-18T17:21:39: [INFO 2026-02-18T20:21:39.105Z] GET /empresas
2026-02-18T17:21:39: [INFO 2026-02-18T20:21:39.106Z] GET /empresas
2026-02-18T17:21:39: [INFO 2026-02-18T20:21:39.229Z] GET /empresas/
2026-02-18T17:21:39: [INFO 2026-02-18T20:21:39.230Z] GET /empresas/
2026-02-18T17:21:40: [INFO 2026-02-18T20:21:40.788Z] GET /empresas
2026-02-18T17:21:40: [INFO 2026-02-18T20:21:40.803Z] GET /empresas/
2026-02-18T17:22:42: [INFO 2026-02-18T20:22:42.023Z] POST /empresas
2026-02-18T17:22:42: [INFO 2026-02-18T20:22:42.052Z] GET /empresas
2026-02-18T17:22:42: [INFO 2026-02-18T20:22:42.054Z] GET /empresas
2026-02-18T17:22:42: [INFO 2026-02-18T20:22:42.160Z] GET /empresas/
2026-02-18T17:22:42: [INFO 2026-02-18T20:22:42.170Z] GET /empresas/
2026-02-18T17:22:43: [INFO 2026-02-18T20:22:43.734Z] GET /empresas
2026-02-18T17:22:43: [INFO 2026-02-18T20:22:43.742Z] GET /empresas/
2026-02-18T17:23:45: [INFO 2026-02-18T20:23:45.978Z] POST /empresas
2026-02-18T17:23:46: [INFO 2026-02-18T20:23:45.999Z] GET /empresas
2026-02-18T17:23:46: [INFO 2026-02-18T20:23:46.003Z] GET /empresas
2026-02-18T17:23:46: [INFO 2026-02-18T20:23:46.131Z] GET /empresas/
2026-02-18T17:23:46: [INFO 2026-02-18T20:23:46.137Z] GET /empresas/
2026-02-18T17:23:47: [INFO 2026-02-18T20:23:47.682Z] GET /empresas
2026-02-18T17:23:47: [INFO 2026-02-18T20:23:47.717Z] GET /empresas/
2026-02-18T17:24:49: [INFO 2026-02-18T20:24:49.223Z] POST /empresas
2026-02-18T17:24:49: [INFO 2026-02-18T20:24:49.252Z] GET /empresas
2026-02-18T17:24:49: [INFO 2026-02-18T20:24:49.258Z] GET /empresas
2026-02-18T17:24:49: [INFO 2026-02-18T20:24:49.368Z] GET /empresas/
2026-02-18T17:24:49: [INFO 2026-02-18T20:24:49.369Z] GET /empresas/
2026-02-18T17:24:50: [INFO 2026-02-18T20:24:50.894Z] GET /empresas
2026-02-18T17:24:50: [INFO 2026-02-18T20:24:50.911Z] GET /empresas/
2026-02-18T17:25:52: [INFO 2026-02-18T20:25:52.225Z] POST /empresas
2026-02-18T17:25:52: [INFO 2026-02-18T20:25:52.272Z] GET /empresas
2026-02-18T17:25:52: [INFO 2026-02-18T20:25:52.283Z] GET /empresas
2026-02-18T17:25:52: [INFO 2026-02-18T20:25:52.388Z] GET /empresas/
2026-02-18T17:25:52: [INFO 2026-02-18T20:25:52.388Z] GET /empresas/
2026-02-18T17:25:53: [INFO 2026-02-18T20:25:53.911Z] GET /empresas
2026-02-18T17:25:53: [INFO 2026-02-18T20:25:53.933Z] GET /empresas/
2026-02-18T17:26:55: [INFO 2026-02-18T20:26:55.595Z] POST /empresas
2026-02-18T17:26:55: [INFO 2026-02-18T20:26:55.615Z] GET /empresas
2026-02-18T17:26:55: [INFO 2026-02-18T20:26:55.624Z] GET /empresas
2026-02-18T17:26:55: [INFO 2026-02-18T20:26:55.667Z] GET /empresas/
2026-02-18T17:26:55: [INFO 2026-02-18T20:26:55.667Z] GET /empresas/
2026-02-18T17:26:57: [INFO 2026-02-18T20:26:57.315Z] GET /empresas
2026-02-18T17:26:57: [INFO 2026-02-18T20:26:57.330Z] GET /empresas/
2026-02-18T17:27:58: [INFO 2026-02-18T20:27:58.818Z] POST /empresas
2026-02-18T17:27:58: [INFO 2026-02-18T20:27:58.846Z] GET /empresas
2026-02-18T17:27:58: [INFO 2026-02-18T20:27:58.847Z] GET /empresas
2026-02-18T17:27:58: [INFO 2026-02-18T20:27:58.967Z] GET /empresas/
2026-02-18T17:27:58: [INFO 2026-02-18T20:27:58.971Z] GET /empresas/
2026-02-18T17:28:00: [INFO 2026-02-18T20:28:00.520Z] GET /empresas
2026-02-18T17:28:00: [INFO 2026-02-18T20:28:00.571Z] GET /empresas/
2026-02-18T17:29:02: [INFO 2026-02-18T20:29:02.001Z] POST /empresas
2026-02-18T17:29:02: [INFO 2026-02-18T20:29:02.020Z] GET /empresas
2026-02-18T17:29:02: [INFO 2026-02-18T20:29:02.023Z] GET /empresas
2026-02-18T17:29:02: [INFO 2026-02-18T20:29:02.148Z] GET /empresas/
2026-02-18T17:29:02: [INFO 2026-02-18T20:29:02.150Z] GET /empresas/
2026-02-18T17:29:03: [INFO 2026-02-18T20:29:03.655Z] GET /empresas
2026-02-18T17:29:03: [INFO 2026-02-18T20:29:03.666Z] GET /empresas/
2026-02-18T17:30:05: [INFO 2026-02-18T20:30:05.275Z] POST /empresas
2026-02-18T17:30:05: [INFO 2026-02-18T20:30:05.296Z] GET /empresas
2026-02-18T17:30:05: [INFO 2026-02-18T20:30:05.298Z] GET /empresas
2026-02-18T17:30:05: [INFO 2026-02-18T20:30:05.427Z] GET /empresas/
2026-02-18T17:30:05: [INFO 2026-02-18T20:30:05.435Z] GET /empresas/
2026-02-18T17:30:06: [INFO 2026-02-18T20:30:06.988Z] GET /empresas
2026-02-18T17:30:07: [INFO 2026-02-18T20:30:07.004Z] GET /empresas/
2026-02-18T17:31:08: [INFO 2026-02-18T20:31:08.233Z] POST /empresas
2026-02-18T17:31:08: [INFO 2026-02-18T20:31:08.254Z] GET /empresas
2026-02-18T17:31:08: [INFO 2026-02-18T20:31:08.262Z] GET /empresas
2026-02-18T17:31:08: [INFO 2026-02-18T20:31:08.391Z] GET /empresas/
2026-02-18T17:31:08: [INFO 2026-02-18T20:31:08.391Z] GET /empresas/
2026-02-18T17:31:09: [INFO 2026-02-18T20:31:09.956Z] GET /empresas
2026-02-18T17:31:09: [INFO 2026-02-18T20:31:09.978Z] GET /empresas/
2026-02-18T17:32:14: [INFO 2026-02-18T20:32:14.329Z] POST /empresas
2026-02-18T17:32:14: [INFO 2026-02-18T20:32:14.347Z] GET /empresas
2026-02-18T17:32:14: [INFO 2026-02-18T20:32:14.351Z] GET /empresas
2026-02-18T17:32:14: [INFO 2026-02-18T20:32:14.494Z] GET /empresas/
2026-02-18T17:32:14: [INFO 2026-02-18T20:32:14.494Z] GET /empresas/
2026-02-18T17:32:16: [INFO 2026-02-18T20:32:16.045Z] GET /empresas
2026-02-18T17:32:16: [INFO 2026-02-18T20:32:16.065Z] GET /empresas/
2026-02-18T17:33:17: [INFO 2026-02-18T20:33:17.525Z] POST /empresas
2026-02-18T17:33:17: [INFO 2026-02-18T20:33:17.554Z] GET /empresas
2026-02-18T17:33:17: [INFO 2026-02-18T20:33:17.561Z] GET /empresas
2026-02-18T17:33:17: [INFO 2026-02-18T20:33:17.692Z] GET /empresas/
2026-02-18T17:33:17: [INFO 2026-02-18T20:33:17.692Z] GET /empresas/
2026-02-18T17:33:19: [INFO 2026-02-18T20:33:19.204Z] GET /empresas
2026-02-18T17:33:19: [INFO 2026-02-18T20:33:19.216Z] GET /empresas/
2026-02-18T17:34:23: [INFO 2026-02-18T20:34:23.244Z] POST /empresas
2026-02-18T17:34:23: [INFO 2026-02-18T20:34:23.266Z] GET /empresas
2026-02-18T17:34:23: [INFO 2026-02-18T20:34:23.267Z] GET /empresas
2026-02-18T17:34:23: [INFO 2026-02-18T20:34:23.401Z] GET /empresas/
2026-02-18T17:34:23: [INFO 2026-02-18T20:34:23.401Z] GET /empresas/
2026-02-18T17:34:24: [INFO 2026-02-18T20:34:24.865Z] GET /empresas
2026-02-18T17:34:24: [INFO 2026-02-18T20:34:24.897Z] GET /empresas/
2026-02-18T17:35:28: [INFO 2026-02-18T20:35:28.982Z] POST /empresas
2026-02-18T17:35:29: [INFO 2026-02-18T20:35:29.005Z] GET /empresas
2026-02-18T17:35:29: [INFO 2026-02-18T20:35:29.011Z] GET /empresas
2026-02-18T17:35:29: [INFO 2026-02-18T20:35:29.147Z] GET /empresas/
2026-02-18T17:35:29: [INFO 2026-02-18T20:35:29.148Z] GET /empresas/
2026-02-18T17:35:30: [INFO 2026-02-18T20:35:30.657Z] GET /empresas
2026-02-18T17:35:30: [INFO 2026-02-18T20:35:30.668Z] GET /empresas/
2026-02-18T17:36:34: [INFO 2026-02-18T20:36:34.190Z] POST /empresas
2026-02-18T17:36:34: [INFO 2026-02-18T20:36:34.217Z] GET /empresas
2026-02-18T17:36:34: [INFO 2026-02-18T20:36:34.222Z] GET /empresas
2026-02-18T17:36:34: [INFO 2026-02-18T20:36:34.358Z] GET /empresas/
2026-02-18T17:36:34: [INFO 2026-02-18T20:36:34.358Z] GET /empresas/
2026-02-18T17:36:35: [INFO 2026-02-18T20:36:35.863Z] GET /empresas
2026-02-18T17:36:35: [INFO 2026-02-18T20:36:35.882Z] GET /empresas/
2026-02-18T17:37:39: [INFO 2026-02-18T20:37:39.800Z] POST /empresas
2026-02-18T17:37:39: [INFO 2026-02-18T20:37:39.822Z] GET /empresas
2026-02-18T17:37:39: [INFO 2026-02-18T20:37:39.833Z] GET /empresas
2026-02-18T17:37:39: [INFO 2026-02-18T20:37:39.973Z] GET /empresas/
2026-02-18T17:37:39: [INFO 2026-02-18T20:37:39.974Z] GET /empresas/
2026-02-18T17:37:41: [INFO 2026-02-18T20:37:41.507Z] GET /empresas
2026-02-18T17:37:41: [INFO 2026-02-18T20:37:41.526Z] GET /empresas/
2026-02-18T17:38:45: [INFO 2026-02-18T20:38:45.731Z] POST /empresas
2026-02-18T17:38:45: [INFO 2026-02-18T20:38:45.755Z] GET /empresas
2026-02-18T17:38:45: [INFO 2026-02-18T20:38:45.760Z] GET /empresas
2026-02-18T17:38:45: [INFO 2026-02-18T20:38:45.801Z] GET /empresas/
2026-02-18T17:38:45: [INFO 2026-02-18T20:38:45.901Z] GET /empresas/
2026-02-18T17:38:47: [INFO 2026-02-18T20:38:47.440Z] GET /empresas
2026-02-18T17:38:47: [INFO 2026-02-18T20:38:47.506Z] GET /empresas/
2026-02-18T17:39:51: [INFO 2026-02-18T20:39:51.111Z] POST /empresas
2026-02-18T17:39:51: [INFO 2026-02-18T20:39:51.126Z] GET /empresas
2026-02-18T17:39:51: [INFO 2026-02-18T20:39:51.132Z] GET /empresas
2026-02-18T17:39:51: [INFO 2026-02-18T20:39:51.275Z] GET /empresas/
2026-02-18T17:39:51: [INFO 2026-02-18T20:39:51.275Z] GET /empresas/
2026-02-18T17:39:52: [INFO 2026-02-18T20:39:52.779Z] GET /empresas
2026-02-18T17:39:52: [INFO 2026-02-18T20:39:52.794Z] GET /empresas/
2026-02-18T17:40:56: [INFO 2026-02-18T20:40:56.322Z] POST /empresas
2026-02-18T17:40:56: [INFO 2026-02-18T20:40:56.351Z] GET /empresas
2026-02-18T17:40:56: [INFO 2026-02-18T20:40:56.357Z] GET /empresas
2026-02-18T17:40:56: [INFO 2026-02-18T20:40:56.505Z] GET /empresas/
2026-02-18T17:40:56: [INFO 2026-02-18T20:40:56.507Z] GET /empresas/
2026-02-18T17:40:57: [INFO 2026-02-18T20:40:57.975Z] GET /empresas
2026-02-18T17:40:58: [INFO 2026-02-18T20:40:58.004Z] GET /empresas/
2026-02-18T17:42:02: [INFO 2026-02-18T20:42:02.039Z] POST /empresas
2026-02-18T17:42:02: [INFO 2026-02-18T20:42:02.063Z] GET /empresas
2026-02-18T17:42:02: [INFO 2026-02-18T20:42:02.068Z] GET /empresas
2026-02-18T17:42:02: [INFO 2026-02-18T20:42:02.215Z] GET /empresas/
2026-02-18T17:42:02: [INFO 2026-02-18T20:42:02.218Z] GET /empresas/
2026-02-18T17:42:03: [INFO 2026-02-18T20:42:03.737Z] GET /empresas
2026-02-18T17:42:03: [INFO 2026-02-18T20:42:03.779Z] GET /empresas/
2026-02-18T17:43:07: [INFO 2026-02-18T20:43:07.703Z] POST /empresas
2026-02-18T17:43:07: [INFO 2026-02-18T20:43:07.726Z] GET /empresas
2026-02-18T17:43:07: [INFO 2026-02-18T20:43:07.730Z] GET /empresas
2026-02-18T17:43:07: [INFO 2026-02-18T20:43:07.879Z] GET /empresas/
2026-02-18T17:43:07: [INFO 2026-02-18T20:43:07.882Z] GET /empresas/
2026-02-18T17:43:09: [INFO 2026-02-18T20:43:09.437Z] GET /empresas
2026-02-18T17:43:09: [INFO 2026-02-18T20:43:09.499Z] GET /empresas/
2026-02-18T17:44:13: [INFO 2026-02-18T20:44:13.095Z] POST /empresas
2026-02-18T17:44:13: [INFO 2026-02-18T20:44:13.115Z] GET /empresas
2026-02-18T17:44:13: [INFO 2026-02-18T20:44:13.121Z] GET /empresas
2026-02-18T17:44:13: [INFO 2026-02-18T20:44:13.275Z] GET /empresas/
2026-02-18T17:44:13: [INFO 2026-02-18T20:44:13.278Z] GET /empresas/
2026-02-18T17:44:14: [INFO 2026-02-18T20:44:14.855Z] GET /empresas
2026-02-18T17:44:14: [INFO 2026-02-18T20:44:14.872Z] GET /empresas/
2026-02-18T17:45:19: [INFO 2026-02-18T20:45:19.173Z] POST /empresas
2026-02-18T17:45:19: [INFO 2026-02-18T20:45:19.202Z] GET /empresas
2026-02-18T17:45:19: [INFO 2026-02-18T20:45:19.205Z] GET /empresas
2026-02-18T17:45:19: [INFO 2026-02-18T20:45:19.357Z] GET /empresas/
2026-02-18T17:45:19: [INFO 2026-02-18T20:45:19.358Z] GET /empresas/
2026-02-18T17:45:20: [INFO 2026-02-18T20:45:20.847Z] GET /empresas
2026-02-18T17:45:20: [INFO 2026-02-18T20:45:20.864Z] GET /empresas/
2026-02-18T17:46:23: [INFO 2026-02-18T20:46:23.930Z] POST /empresas
2026-02-18T17:46:23: [INFO 2026-02-18T20:46:23.955Z] GET /empresas
2026-02-18T17:46:23: [INFO 2026-02-18T20:46:23.956Z] GET /empresas
2026-02-18T17:46:24: [INFO 2026-02-18T20:46:24.118Z] GET /empresas/
2026-02-18T17:46:24: [INFO 2026-02-18T20:46:24.119Z] GET /empresas/
2026-02-18T17:46:25: [INFO 2026-02-18T20:46:25.692Z] GET /empresas
2026-02-18T17:46:25: [INFO 2026-02-18T20:46:25.702Z] GET /empresas/
2026-02-18T17:47:28: [INFO 2026-02-18T20:47:28.883Z] POST /empresas
2026-02-18T17:47:28: [INFO 2026-02-18T20:47:28.914Z] GET /empresas
2026-02-18T17:47:28: [INFO 2026-02-18T20:47:28.919Z] GET /empresas
2026-02-18T17:47:29: [INFO 2026-02-18T20:47:29.077Z] GET /empresas/
2026-02-18T17:47:29: [INFO 2026-02-18T20:47:29.078Z] GET /empresas/
2026-02-18T17:47:30: [INFO 2026-02-18T20:47:30.535Z] GET /empresas
2026-02-18T17:47:30: [INFO 2026-02-18T20:47:30.591Z] GET /empresas/
2026-02-18T17:48:34: [INFO 2026-02-18T20:48:34.645Z] POST /empresas
2026-02-18T17:48:34: [INFO 2026-02-18T20:48:34.673Z] GET /empresas
2026-02-18T17:48:34: [INFO 2026-02-18T20:48:34.677Z] GET /empresas
2026-02-18T17:48:34: [INFO 2026-02-18T20:48:34.836Z] GET /empresas/
2026-02-18T17:48:34: [INFO 2026-02-18T20:48:34.836Z] GET /empresas/
2026-02-18T17:48:36: [INFO 2026-02-18T20:48:36.332Z] GET /empresas
2026-02-18T17:48:36: [INFO 2026-02-18T20:48:36.343Z] GET /empresas/
2026-02-18T17:49:39: [INFO 2026-02-18T20:49:39.921Z] POST /empresas
2026-02-18T17:49:39: [INFO 2026-02-18T20:49:39.941Z] GET /empresas
2026-02-18T17:49:39: [INFO 2026-02-18T20:49:39.945Z] GET /empresas
2026-02-18T17:49:40: [INFO 2026-02-18T20:49:40.108Z] GET /empresas/
2026-02-18T17:49:40: [INFO 2026-02-18T20:49:40.114Z] GET /empresas/
2026-02-18T17:49:59: [INFO 2026-02-18T20:49:59.387Z] POST /auth/login
2026-02-18T17:50:05: [INFO 2026-02-18T20:50:05.485Z] GET /empresas
2026-02-18T17:50:05: [INFO 2026-02-18T20:50:05.508Z] GET /empresas/
2026-02-18T17:50:55: [INFO 2026-02-18T20:50:55.205Z] POST /empresas
2026-02-18T17:50:55: [INFO 2026-02-18T20:50:55.231Z] GET /empresas
2026-02-18T17:50:55: [INFO 2026-02-18T20:50:55.232Z] GET /empresas
2026-02-18T17:50:55: [INFO 2026-02-18T20:50:55.398Z] GET /empresas/
2026-02-18T17:50:55: [INFO 2026-02-18T20:50:55.399Z] GET /empresas/
2026-02-18T17:50:56: [INFO 2026-02-18T20:50:56.924Z] GET /empresas
2026-02-18T17:50:56: [INFO 2026-02-18T20:50:56.944Z] GET /empresas/
2026-02-18T17:52:00: [INFO 2026-02-18T20:52:00.762Z] POST /empresas
2026-02-18T17:52:00: [INFO 2026-02-18T20:52:00.786Z] GET /empresas
2026-02-18T17:52:00: [INFO 2026-02-18T20:52:00.787Z] GET /empresas
2026-02-18T17:52:00: [INFO 2026-02-18T20:52:00.958Z] GET /empresas/
2026-02-18T17:52:00: [INFO 2026-02-18T20:52:00.961Z] GET /empresas/
2026-02-18T17:52:02: [INFO 2026-02-18T20:52:02.420Z] GET /empresas
2026-02-18T17:52:02: [INFO 2026-02-18T20:52:02.430Z] GET /empresas/
2026-02-18T17:53:03: [INFO 2026-02-18T20:53:03.840Z] POST /empresas
2026-02-18T17:53:03: [INFO 2026-02-18T20:53:03.862Z] GET /empresas
2026-02-18T17:53:03: [INFO 2026-02-18T20:53:03.867Z] GET /empresas
2026-02-18T17:53:04: [INFO 2026-02-18T20:53:04.039Z] GET /empresas/
2026-02-18T17:53:04: [INFO 2026-02-18T20:53:04.041Z] GET /empresas/
2026-02-18T17:53:05: [INFO 2026-02-18T20:53:05.599Z] GET /empresas
2026-02-18T17:53:05: [INFO 2026-02-18T20:53:05.619Z] GET /empresas/
2026-02-18T17:54:09: [INFO 2026-02-18T20:54:09.517Z] POST /empresas
2026-02-18T17:54:09: [INFO 2026-02-18T20:54:09.552Z] GET /empresas
2026-02-18T17:54:09: [INFO 2026-02-18T20:54:09.553Z] GET /empresas
2026-02-18T17:54:09: [INFO 2026-02-18T20:54:09.730Z] GET /empresas/
2026-02-18T17:54:09: [INFO 2026-02-18T20:54:09.730Z] GET /empresas/
2026-02-18T17:54:11: [INFO 2026-02-18T20:54:11.198Z] GET /empresas
2026-02-18T17:54:11: [INFO 2026-02-18T20:54:11.216Z] GET /empresas/
2026-02-18T17:55:15: [INFO 2026-02-18T20:55:15.298Z] POST /empresas
2026-02-18T17:55:15: [INFO 2026-02-18T20:55:15.317Z] GET /empresas
2026-02-18T17:55:15: [INFO 2026-02-18T20:55:15.318Z] GET /empresas
2026-02-18T17:55:15: [INFO 2026-02-18T20:55:15.511Z] GET /empresas/
2026-02-18T17:55:15: [INFO 2026-02-18T20:55:15.512Z] GET /empresas/
2026-02-18T17:55:17: [INFO 2026-02-18T20:55:17.000Z] GET /empresas
2026-02-18T17:55:17: [INFO 2026-02-18T20:55:17.020Z] GET /empresas/
2026-02-18T17:56:20: [INFO 2026-02-18T20:56:20.541Z] POST /empresas
2026-02-18T17:56:20: [INFO 2026-02-18T20:56:20.561Z] GET /empresas
2026-02-18T17:56:20: [INFO 2026-02-18T20:56:20.565Z] GET /empresas
2026-02-18T17:56:20: [INFO 2026-02-18T20:56:20.744Z] GET /empresas/
2026-02-18T17:56:20: [INFO 2026-02-18T20:56:20.745Z] GET /empresas/
2026-02-18T17:56:22: [INFO 2026-02-18T20:56:22.248Z] GET /empresas
2026-02-18T17:56:22: [INFO 2026-02-18T20:56:22.270Z] GET /empresas/
2026-02-18T17:57:23: [INFO 2026-02-18T20:57:23.678Z] POST /empresas
2026-02-18T17:57:23: [INFO 2026-02-18T20:57:23.698Z] GET /empresas
2026-02-18T17:57:23: [INFO 2026-02-18T20:57:23.704Z] GET /empresas
2026-02-18T17:57:23: [INFO 2026-02-18T20:57:23.884Z] GET /empresas/
2026-02-18T17:57:23: [INFO 2026-02-18T20:57:23.894Z] GET /empresas/
2026-02-18T17:57:25: [INFO 2026-02-18T20:57:25.334Z] GET /empresas
2026-02-18T17:57:25: [INFO 2026-02-18T20:57:25.353Z] GET /empresas/
2026-02-18T17:58:28: [INFO 2026-02-18T20:58:28.818Z] POST /empresas
2026-02-18T17:58:28: [INFO 2026-02-18T20:58:28.842Z] GET /empresas
2026-02-18T17:58:28: [INFO 2026-02-18T20:58:28.846Z] GET /empresas
2026-02-18T17:58:29: [INFO 2026-02-18T20:58:29.019Z] GET /empresas/
2026-02-18T17:58:29: [INFO 2026-02-18T20:58:29.019Z] GET /empresas/
2026-02-18T17:58:30: [INFO 2026-02-18T20:58:30.477Z] GET /empresas
2026-02-18T17:58:30: [INFO 2026-02-18T20:58:30.489Z] GET /empresas/
2026-02-18T17:59:34: [INFO 2026-02-18T20:59:34.419Z] POST /empresas
2026-02-18T17:59:34: [INFO 2026-02-18T20:59:34.437Z] GET /empresas
2026-02-18T17:59:34: [INFO 2026-02-18T20:59:34.445Z] GET /empresas
2026-02-18T17:59:34: [INFO 2026-02-18T20:59:34.634Z] GET /empresas/
2026-02-18T17:59:34: [INFO 2026-02-18T20:59:34.635Z] GET /empresas/
2026-02-18T17:59:36: [INFO 2026-02-18T20:59:36.073Z] GET /empresas
2026-02-18T17:59:36: [INFO 2026-02-18T20:59:36.106Z] GET /empresas/
2026-02-18T18:00:40: [INFO 2026-02-18T21:00:40.050Z] POST /empresas
2026-02-18T18:00:40: [INFO 2026-02-18T21:00:40.069Z] GET /empresas
2026-02-18T18:00:40: [INFO 2026-02-18T21:00:40.081Z] GET /empresas
2026-02-18T18:00:40: [INFO 2026-02-18T21:00:40.263Z] GET /empresas/
2026-02-18T18:00:40: [INFO 2026-02-18T21:00:40.264Z] GET /empresas/
2026-02-18T18:00:41: [INFO 2026-02-18T21:00:41.802Z] GET /empresas
2026-02-18T18:00:41: [INFO 2026-02-18T21:00:41.844Z] GET /empresas/
2026-02-18T18:01:45: [INFO 2026-02-18T21:01:45.515Z] POST /empresas
2026-02-18T18:01:45: [INFO 2026-02-18T21:01:45.562Z] GET /empresas
2026-02-18T18:01:45: [INFO 2026-02-18T21:01:45.567Z] GET /empresas
2026-02-18T18:01:45: [INFO 2026-02-18T21:01:45.755Z] GET /empresas/
2026-02-18T18:01:45: [INFO 2026-02-18T21:01:45.756Z] GET /empresas/
2026-02-18T18:01:47: [INFO 2026-02-18T21:01:47.203Z] GET /empresas
2026-02-18T18:01:47: [INFO 2026-02-18T21:01:47.212Z] GET /empresas/
2026-02-19T08:07:43: [INFO 2026-02-19T11:07:43.523Z] POST /auth/login
2026-02-19T08:07:49: [INFO 2026-02-19T11:07:49.637Z] GET /empresas
2026-02-19T08:07:49: [INFO 2026-02-19T11:07:49.657Z] GET /empresas/
2026-02-19T08:08:39: [INFO 2026-02-19T11:08:39.519Z] POST /empresas
2026-02-19T08:08:39: [INFO 2026-02-19T11:08:39.556Z] GET /empresas
2026-02-19T08:08:39: [INFO 2026-02-19T11:08:39.557Z] GET /empresas
2026-02-19T08:08:39: [INFO 2026-02-19T11:08:39.746Z] GET /empresas/
2026-02-19T08:08:39: [INFO 2026-02-19T11:08:39.748Z] GET /empresas/
2026-02-19T08:08:41: [INFO 2026-02-19T11:08:41.338Z] GET /empresas
2026-02-19T08:08:41: [INFO 2026-02-19T11:08:41.351Z] GET /empresas/
2026-02-19T08:09:44: [INFO 2026-02-19T11:09:44.998Z] POST /empresas
2026-02-19T08:09:45: [INFO 2026-02-19T11:09:45.017Z] GET /empresas
2026-02-19T08:09:45: [INFO 2026-02-19T11:09:45.020Z] GET /empresas
2026-02-19T08:09:45: [INFO 2026-02-19T11:09:45.254Z] GET /empresas/
2026-02-19T08:09:45: [INFO 2026-02-19T11:09:45.255Z] GET /empresas/
2026-02-19T08:09:46: [INFO 2026-02-19T11:09:46.772Z] GET /empresas
2026-02-19T08:09:46: [INFO 2026-02-19T11:09:46.785Z] GET /empresas/
2026-02-19T08:10:50: [INFO 2026-02-19T11:10:50.030Z] POST /empresas
2026-02-19T08:10:50: [INFO 2026-02-19T11:10:50.057Z] GET /empresas
2026-02-19T08:10:50: [INFO 2026-02-19T11:10:50.059Z] GET /empresas
2026-02-19T08:10:50: [INFO 2026-02-19T11:10:50.253Z] GET /empresas/
2026-02-19T08:10:50: [INFO 2026-02-19T11:10:50.254Z] GET /empresas/
2026-02-19T08:10:51: [INFO 2026-02-19T11:10:51.817Z] GET /empresas
2026-02-19T08:10:51: [INFO 2026-02-19T11:10:51.846Z] GET /empresas/
2026-02-19T08:11:54: [INFO 2026-02-19T11:11:54.956Z] POST /empresas
2026-02-19T08:11:54: [INFO 2026-02-19T11:11:54.981Z] GET /empresas
2026-02-19T08:11:54: [INFO 2026-02-19T11:11:54.982Z] GET /empresas
2026-02-19T08:11:55: [INFO 2026-02-19T11:11:55.252Z] GET /empresas/
2026-02-19T08:11:55: [INFO 2026-02-19T11:11:55.252Z] GET /empresas/
2026-02-19T08:11:56: [INFO 2026-02-19T11:11:56.814Z] GET /empresas
2026-02-19T08:11:56: [INFO 2026-02-19T11:11:56.828Z] GET /empresas/
2026-02-19T08:13:00: [INFO 2026-02-19T11:13:00.331Z] POST /empresas
2026-02-19T08:13:00: [INFO 2026-02-19T11:13:00.354Z] GET /empresas
2026-02-19T08:13:00: [INFO 2026-02-19T11:13:00.362Z] GET /empresas
2026-02-19T08:13:00: [INFO 2026-02-19T11:13:00.417Z] GET /empresas/
2026-02-19T08:13:00: [INFO 2026-02-19T11:13:00.417Z] GET /empresas/
2026-02-19T08:13:01: [INFO 2026-02-19T11:13:01.963Z] GET /empresas
2026-02-19T08:13:01: [INFO 2026-02-19T11:13:01.991Z] GET /empresas/
2026-02-19T08:14:05: [INFO 2026-02-19T11:14:05.294Z] POST /empresas
2026-02-19T08:14:05: [INFO 2026-02-19T11:14:05.314Z] GET /empresas
2026-02-19T08:14:05: [INFO 2026-02-19T11:14:05.317Z] GET /empresas
2026-02-19T08:14:05: [INFO 2026-02-19T11:14:05.514Z] GET /empresas/
2026-02-19T08:14:05: [INFO 2026-02-19T11:14:05.514Z] GET /empresas/
2026-02-19T08:14:07: [INFO 2026-02-19T11:14:07.121Z] GET /empresas
2026-02-19T08:14:07: [INFO 2026-02-19T11:14:07.154Z] GET /empresas/
2026-02-19T08:15:10: [INFO 2026-02-19T11:15:10.620Z] POST /empresas
2026-02-19T08:15:10: [INFO 2026-02-19T11:15:10.639Z] GET /empresas
2026-02-19T08:15:10: [INFO 2026-02-19T11:15:10.642Z] GET /empresas
2026-02-19T08:15:10: [INFO 2026-02-19T11:15:10.839Z] GET /empresas/
2026-02-19T08:15:10: [INFO 2026-02-19T11:15:10.840Z] GET /empresas/
2026-02-19T08:15:12: [INFO 2026-02-19T11:15:12.504Z] GET /empresas
2026-02-19T08:15:12: [INFO 2026-02-19T11:15:12.530Z] GET /empresas/
2026-02-19T08:16:15: [INFO 2026-02-19T11:16:15.706Z] POST /empresas
2026-02-19T08:16:15: [INFO 2026-02-19T11:16:15.736Z] GET /empresas
2026-02-19T08:16:15: [INFO 2026-02-19T11:16:15.738Z] GET /empresas
2026-02-19T08:16:15: [INFO 2026-02-19T11:16:15.936Z] GET /empresas/
2026-02-19T08:16:15: [INFO 2026-02-19T11:16:15.937Z] GET /empresas/
2026-02-19T08:16:17: [INFO 2026-02-19T11:16:17.621Z] GET /empresas
2026-02-19T08:16:17: [INFO 2026-02-19T11:16:17.629Z] GET /empresas/
2026-02-19T08:38:01: [INFO 2026-02-19T11:38:01.609Z] POST /empresas
2026-02-19T08:38:01: [INFO 2026-02-19T11:38:01.628Z] GET /empresas
2026-02-19T08:38:01: [INFO 2026-02-19T11:38:01.631Z] GET /empresas
2026-02-19T08:38:01: [INFO 2026-02-19T11:38:01.856Z] GET /empresas/
2026-02-19T08:38:01: [INFO 2026-02-19T11:38:01.858Z] GET /empresas/
2026-02-19T08:38:21: [INFO 2026-02-19T11:38:21.067Z] POST /auth/login
2026-02-19T08:38:26: [INFO 2026-02-19T11:38:26.972Z] GET /empresas
2026-02-19T08:38:27: [INFO 2026-02-19T11:38:26.998Z] GET /empresas/
2026-02-19T08:39:19: [INFO 2026-02-19T11:39:19.500Z] POST /empresas
2026-02-19T08:39:19: [INFO 2026-02-19T11:39:19.527Z] GET /empresas
2026-02-19T08:39:19: [INFO 2026-02-19T11:39:19.532Z] GET /empresas
2026-02-19T08:39:19: [INFO 2026-02-19T11:39:19.734Z] GET /empresas/
2026-02-19T08:39:19: [INFO 2026-02-19T11:39:19.735Z] GET /empresas/
2026-02-19T08:39:21: [INFO 2026-02-19T11:39:21.511Z] GET /empresas
2026-02-19T08:39:21: [INFO 2026-02-19T11:39:21.522Z] GET /empresas/
2026-02-19T08:40:24: [INFO 2026-02-19T11:40:24.908Z] POST /empresas
2026-02-19T08:40:24: [INFO 2026-02-19T11:40:24.937Z] GET /empresas
2026-02-19T08:40:24: [INFO 2026-02-19T11:40:24.939Z] GET /empresas
2026-02-19T08:40:25: [INFO 2026-02-19T11:40:25.153Z] GET /empresas/
2026-02-19T08:40:25: [INFO 2026-02-19T11:40:25.154Z] GET /empresas/
2026-02-19T08:40:26: [INFO 2026-02-19T11:40:26.946Z] GET /empresas
2026-02-19T08:40:26: [INFO 2026-02-19T11:40:26.957Z] GET /empresas/
2026-02-19T08:41:30: [INFO 2026-02-19T11:41:30.521Z] POST /empresas
2026-02-19T08:41:30: [INFO 2026-02-19T11:41:30.541Z] GET /empresas
2026-02-19T08:41:30: [INFO 2026-02-19T11:41:30.549Z] GET /empresas
2026-02-19T08:41:30: [INFO 2026-02-19T11:41:30.763Z] GET /empresas/
2026-02-19T08:41:30: [INFO 2026-02-19T11:41:30.763Z] GET /empresas/
2026-02-19T08:41:32: [INFO 2026-02-19T11:41:32.582Z] GET /empresas
2026-02-19T08:41:32: [INFO 2026-02-19T11:41:32.595Z] GET /empresas/
2026-02-19T08:42:35: [INFO 2026-02-19T11:42:35.679Z] POST /empresas
2026-02-19T08:42:35: [INFO 2026-02-19T11:42:35.703Z] GET /empresas
2026-02-19T08:42:35: [INFO 2026-02-19T11:42:35.705Z] GET /empresas
2026-02-19T08:42:35: [INFO 2026-02-19T11:42:35.769Z] GET /empresas/
2026-02-19T08:42:35: [INFO 2026-02-19T11:42:35.778Z] GET /empresas/
2026-02-19T08:42:37: [INFO 2026-02-19T11:42:37.771Z] GET /empresas
2026-02-19T08:42:37: [INFO 2026-02-19T11:42:37.777Z] GET /empresas/
2026-02-19T08:43:41: [INFO 2026-02-19T11:43:41.164Z] POST /empresas
2026-02-19T08:43:41: [INFO 2026-02-19T11:43:41.193Z] GET /empresas
2026-02-19T08:43:41: [INFO 2026-02-19T11:43:41.195Z] GET /empresas
2026-02-19T08:43:41: [INFO 2026-02-19T11:43:41.420Z] GET /empresas/
2026-02-19T08:43:41: [INFO 2026-02-19T11:43:41.420Z] GET /empresas/
2026-02-19T08:43:43: [INFO 2026-02-19T11:43:43.338Z] GET /empresas
2026-02-19T08:43:43: [INFO 2026-02-19T11:43:43.362Z] GET /empresas/
2026-02-19T08:44:46: [INFO 2026-02-19T11:44:46.969Z] POST /empresas
2026-02-19T08:44:46: [INFO 2026-02-19T11:44:46.993Z] GET /empresas
2026-02-19T08:44:46: [INFO 2026-02-19T11:44:46.996Z] GET /empresas
2026-02-19T08:44:47: [INFO 2026-02-19T11:44:47.225Z] GET /empresas/
2026-02-19T08:44:47: [INFO 2026-02-19T11:44:47.226Z] GET /empresas/
2026-02-19T08:44:49: [INFO 2026-02-19T11:44:49.199Z] GET /empresas
2026-02-19T08:44:49: [INFO 2026-02-19T11:44:49.236Z] GET /empresas/
2026-02-19T08:45:52: [INFO 2026-02-19T11:45:52.975Z] POST /empresas
2026-02-19T08:45:52: [INFO 2026-02-19T11:45:52.994Z] GET /empresas
2026-02-19T08:45:53: [INFO 2026-02-19T11:45:53.003Z] GET /empresas
2026-02-19T08:45:53: [INFO 2026-02-19T11:45:53.232Z] GET /empresas/
2026-02-19T08:45:53: [INFO 2026-02-19T11:45:53.232Z] GET /empresas/
2026-02-19T08:45:55: [INFO 2026-02-19T11:45:55.303Z] GET /empresas
2026-02-19T08:45:55: [INFO 2026-02-19T11:45:55.314Z] GET /empresas/
2026-02-19T08:46:58: [INFO 2026-02-19T11:46:58.653Z] POST /empresas
2026-02-19T08:46:58: [INFO 2026-02-19T11:46:58.675Z] GET /empresas
2026-02-19T08:46:58: [INFO 2026-02-19T11:46:58.683Z] GET /empresas
2026-02-19T08:46:58: [INFO 2026-02-19T11:46:58.904Z] GET /empresas/
2026-02-19T08:46:58: [INFO 2026-02-19T11:46:58.906Z] GET /empresas/
2026-02-19T08:47:00: [INFO 2026-02-19T11:47:00.899Z] GET /empresas
2026-02-19T08:47:00: [INFO 2026-02-19T11:47:00.912Z] GET /empresas/
2026-02-19T08:48:04: [INFO 2026-02-19T11:48:04.983Z] POST /empresas
2026-02-19T08:48:05: [INFO 2026-02-19T11:48:05.008Z] GET /empresas
2026-02-19T08:48:05: [INFO 2026-02-19T11:48:05.010Z] GET /empresas
2026-02-19T08:48:05: [INFO 2026-02-19T11:48:05.081Z] GET /empresas/
2026-02-19T08:48:05: [INFO 2026-02-19T11:48:05.083Z] GET /empresas/
2026-02-19T08:48:07: [INFO 2026-02-19T11:48:07.099Z] GET /empresas
2026-02-19T08:48:07: [INFO 2026-02-19T11:48:07.113Z] GET /empresas/
2026-02-19T08:49:10: [INFO 2026-02-19T11:49:10.430Z] POST /empresas
2026-02-19T08:49:10: [INFO 2026-02-19T11:49:10.464Z] GET /empresas
2026-02-19T08:49:10: [INFO 2026-02-19T11:49:10.467Z] GET /empresas
2026-02-19T08:49:10: [INFO 2026-02-19T11:49:10.696Z] GET /empresas/
2026-02-19T08:49:10: [INFO 2026-02-19T11:49:10.696Z] GET /empresas/
2026-02-19T08:49:12: [INFO 2026-02-19T11:49:12.729Z] GET /empresas
2026-02-19T08:49:12: [INFO 2026-02-19T11:49:12.755Z] GET /empresas/
2026-02-19T08:50:15: [INFO 2026-02-19T11:50:15.656Z] POST /empresas
2026-02-19T08:50:15: [INFO 2026-02-19T11:50:15.685Z] GET /empresas
2026-02-19T08:50:15: [INFO 2026-02-19T11:50:15.688Z] GET /empresas
2026-02-19T08:50:15: [INFO 2026-02-19T11:50:15.917Z] GET /empresas/
2026-02-19T08:50:15: [INFO 2026-02-19T11:50:15.917Z] GET /empresas/
2026-02-19T08:50:17: [INFO 2026-02-19T11:50:17.988Z] GET /empresas
2026-02-19T08:50:18: [INFO 2026-02-19T11:50:18.003Z] GET /empresas/
2026-02-19T08:51:21: [INFO 2026-02-19T11:51:21.877Z] POST /empresas
2026-02-19T08:51:21: [INFO 2026-02-19T11:51:21.900Z] GET /empresas
2026-02-19T08:51:21: [INFO 2026-02-19T11:51:21.904Z] GET /empresas
2026-02-19T08:51:22: [INFO 2026-02-19T11:51:22.143Z] GET /empresas/
2026-02-19T08:51:22: [INFO 2026-02-19T11:51:22.144Z] GET /empresas/
2026-02-19T08:51:24: [INFO 2026-02-19T11:51:24.274Z] GET /empresas
2026-02-19T08:51:24: [INFO 2026-02-19T11:51:24.292Z] GET /empresas/
2026-02-19T08:52:27: [INFO 2026-02-19T11:52:27.640Z] POST /empresas
2026-02-19T08:52:27: [INFO 2026-02-19T11:52:27.658Z] GET /empresas
2026-02-19T08:52:27: [INFO 2026-02-19T11:52:27.664Z] GET /empresas
2026-02-19T08:52:27: [INFO 2026-02-19T11:52:27.900Z] GET /empresas/
2026-02-19T08:52:27: [INFO 2026-02-19T11:52:27.901Z] GET /empresas/
2026-02-19T08:52:30: [INFO 2026-02-19T11:52:30.045Z] GET /empresas
2026-02-19T08:52:30: [INFO 2026-02-19T11:52:30.054Z] GET /empresas/
2026-02-19T08:53:33: [INFO 2026-02-19T11:53:33.016Z] POST /empresas
2026-02-19T08:53:33: [INFO 2026-02-19T11:53:33.048Z] GET /empresas
2026-02-19T08:53:33: [INFO 2026-02-19T11:53:33.052Z] GET /empresas
2026-02-19T08:53:33: [INFO 2026-02-19T11:53:33.120Z] GET /empresas/
2026-02-19T08:53:33: [INFO 2026-02-19T11:53:33.122Z] GET /empresas/
2026-02-19T08:53:35: [INFO 2026-02-19T11:53:35.361Z] GET /empresas
2026-02-19T08:53:35: [INFO 2026-02-19T11:53:35.376Z] GET /empresas/
2026-02-19T08:54:38: [INFO 2026-02-19T11:54:38.681Z] POST /empresas
2026-02-19T08:54:38: [INFO 2026-02-19T11:54:38.699Z] GET /empresas
2026-02-19T08:54:38: [INFO 2026-02-19T11:54:38.700Z] GET /empresas
2026-02-19T08:54:38: [INFO 2026-02-19T11:54:38.941Z] GET /empresas/
2026-02-19T08:54:38: [INFO 2026-02-19T11:54:38.941Z] GET /empresas/
2026-02-19T08:54:41: [INFO 2026-02-19T11:54:41.174Z] GET /empresas
2026-02-19T08:54:41: [INFO 2026-02-19T11:54:41.218Z] GET /empresas/
2026-02-19T08:55:44: [INFO 2026-02-19T11:55:44.058Z] POST /empresas
2026-02-19T08:55:44: [INFO 2026-02-19T11:55:44.078Z] GET /empresas
2026-02-19T08:55:44: [INFO 2026-02-19T11:55:44.078Z] GET /empresas
2026-02-19T08:55:44: [INFO 2026-02-19T11:55:44.334Z] GET /empresas/
2026-02-19T08:55:44: [INFO 2026-02-19T11:55:44.335Z] GET /empresas/
2026-02-19T08:55:46: [INFO 2026-02-19T11:55:46.616Z] GET /empresas
2026-02-19T08:55:46: [INFO 2026-02-19T11:55:46.625Z] GET /empresas/
2026-02-19T08:56:49: [INFO 2026-02-19T11:56:49.778Z] POST /empresas
2026-02-19T08:56:49: [INFO 2026-02-19T11:56:49.804Z] GET /empresas
2026-02-19T08:56:49: [INFO 2026-02-19T11:56:49.808Z] GET /empresas
2026-02-19T08:56:50: [INFO 2026-02-19T11:56:50.047Z] GET /empresas/
2026-02-19T08:56:50: [INFO 2026-02-19T11:56:50.048Z] GET /empresas/
2026-02-19T08:56:52: [INFO 2026-02-19T11:56:52.416Z] GET /empresas
2026-02-19T08:56:52: [INFO 2026-02-19T11:56:52.446Z] GET /empresas/
2026-02-19T08:57:55: [INFO 2026-02-19T11:57:55.219Z] POST /empresas
2026-02-19T08:57:55: [INFO 2026-02-19T11:57:55.255Z] GET /empresas
2026-02-19T08:57:55: [INFO 2026-02-19T11:57:55.260Z] GET /empresas
2026-02-19T08:57:55: [INFO 2026-02-19T11:57:55.503Z] GET /empresas/
2026-02-19T08:57:55: [INFO 2026-02-19T11:57:55.504Z] GET /empresas/
2026-02-19T08:57:57: [INFO 2026-02-19T11:57:57.893Z] GET /empresas
2026-02-19T08:57:57: [INFO 2026-02-19T11:57:57.899Z] GET /empresas/
2026-02-19T08:59:00: [INFO 2026-02-19T11:59:00.480Z] POST /empresas
2026-02-19T08:59:00: [INFO 2026-02-19T11:59:00.500Z] GET /empresas
2026-02-19T08:59:00: [INFO 2026-02-19T11:59:00.507Z] GET /empresas
2026-02-19T08:59:00: [INFO 2026-02-19T11:59:00.747Z] GET /empresas/
2026-02-19T08:59:00: [INFO 2026-02-19T11:59:00.747Z] GET /empresas/
2026-02-19T08:59:03: [INFO 2026-02-19T11:59:03.156Z] GET /empresas
2026-02-19T08:59:03: [INFO 2026-02-19T11:59:03.168Z] GET /empresas/
2026-02-19T09:00:06: [INFO 2026-02-19T12:00:06.107Z] POST /empresas
2026-02-19T09:00:06: [INFO 2026-02-19T12:00:06.130Z] GET /empresas
2026-02-19T09:00:06: [INFO 2026-02-19T12:00:06.135Z] GET /empresas
2026-02-19T09:00:06: [INFO 2026-02-19T12:00:06.226Z] GET /empresas/
2026-02-19T09:00:06: [INFO 2026-02-19T12:00:06.227Z] GET /empresas/
2026-02-19T09:00:08: [INFO 2026-02-19T12:00:08.649Z] GET /empresas
2026-02-19T09:00:08: [INFO 2026-02-19T12:00:08.656Z] GET /empresas/
2026-02-19T09:01:11: [INFO 2026-02-19T12:01:11.189Z] POST /empresas
2026-02-19T09:01:11: [INFO 2026-02-19T12:01:11.234Z] GET /empresas
2026-02-19T09:01:11: [INFO 2026-02-19T12:01:11.235Z] GET /empresas
2026-02-19T09:01:11: [INFO 2026-02-19T12:01:11.481Z] GET /empresas/
2026-02-19T09:01:11: [INFO 2026-02-19T12:01:11.482Z] GET /empresas/
2026-02-19T09:01:13: [INFO 2026-02-19T12:01:13.952Z] GET /empresas
2026-02-19T09:01:13: [INFO 2026-02-19T12:01:13.965Z] GET /empresas/
2026-02-19T09:02:16: [INFO 2026-02-19T12:02:16.238Z] POST /empresas
2026-02-19T09:02:16: [INFO 2026-02-19T12:02:16.266Z] GET /empresas
2026-02-19T09:02:16: [INFO 2026-02-19T12:02:16.268Z] GET /empresas
2026-02-19T09:02:16: [INFO 2026-02-19T12:02:16.518Z] GET /empresas/
2026-02-19T09:02:16: [INFO 2026-02-19T12:02:16.519Z] GET /empresas/
2026-02-19T09:02:19: [INFO 2026-02-19T12:02:19.011Z] GET /empresas
2026-02-19T09:02:19: [INFO 2026-02-19T12:02:19.023Z] GET /empresas/
2026-02-19T09:03:21: [INFO 2026-02-19T12:03:21.965Z] POST /empresas
2026-02-19T09:03:21: [INFO 2026-02-19T12:03:21.999Z] GET /empresas
2026-02-19T09:03:22: [INFO 2026-02-19T12:03:22.005Z] GET /empresas
2026-02-19T09:03:22: [INFO 2026-02-19T12:03:22.310Z] GET /empresas/
2026-02-19T09:03:22: [INFO 2026-02-19T12:03:22.310Z] GET /empresas/
2026-02-19T09:03:24: [INFO 2026-02-19T12:03:24.849Z] GET /empresas
2026-02-19T09:03:24: [INFO 2026-02-19T12:03:24.863Z] GET /empresas/
2026-02-19T09:04:27: [INFO 2026-02-19T12:04:27.140Z] POST /empresas
2026-02-19T09:04:27: [INFO 2026-02-19T12:04:27.168Z] GET /empresas
2026-02-19T09:04:27: [INFO 2026-02-19T12:04:27.170Z] GET /empresas
2026-02-19T09:04:27: [INFO 2026-02-19T12:04:27.426Z] GET /empresas/
2026-02-19T09:04:27: [INFO 2026-02-19T12:04:27.426Z] GET /empresas/
2026-02-19T09:04:30: [INFO 2026-02-19T12:04:30.004Z] GET /empresas
2026-02-19T09:04:30: [INFO 2026-02-19T12:04:30.024Z] GET /empresas/
2026-02-19T09:05:32: [INFO 2026-02-19T12:05:32.350Z] POST /empresas
2026-02-19T09:05:32: [INFO 2026-02-19T12:05:32.373Z] GET /empresas
2026-02-19T09:05:32: [INFO 2026-02-19T12:05:32.377Z] GET /empresas
2026-02-19T09:05:32: [INFO 2026-02-19T12:05:32.629Z] GET /empresas/
2026-02-19T09:05:32: [INFO 2026-02-19T12:05:32.630Z] GET /empresas/
2026-02-19T09:05:35: [INFO 2026-02-19T12:05:35.257Z] GET /empresas
2026-02-19T09:05:35: [INFO 2026-02-19T12:05:35.280Z] GET /empresas/
2026-02-19T09:06:38: [INFO 2026-02-19T12:06:38.167Z] POST /empresas
2026-02-19T09:06:38: [INFO 2026-02-19T12:06:38.187Z] GET /empresas
2026-02-19T09:06:38: [INFO 2026-02-19T12:06:38.190Z] GET /empresas
2026-02-19T09:06:38: [INFO 2026-02-19T12:06:38.467Z] GET /empresas/
2026-02-19T09:06:38: [INFO 2026-02-19T12:06:38.475Z] GET /empresas/
2026-02-19T09:06:41: [INFO 2026-02-19T12:06:41.141Z] GET /empresas
2026-02-19T09:06:41: [INFO 2026-02-19T12:06:41.147Z] GET /empresas/
2026-02-19T09:07:43: [INFO 2026-02-19T12:07:43.727Z] POST /empresas
2026-02-19T09:07:43: [INFO 2026-02-19T12:07:43.753Z] GET /empresas
2026-02-19T09:07:43: [INFO 2026-02-19T12:07:43.755Z] GET /empresas
2026-02-19T09:07:44: [INFO 2026-02-19T12:07:44.023Z] GET /empresas/
2026-02-19T09:07:44: [INFO 2026-02-19T12:07:44.024Z] GET /empresas/
2026-02-19T09:07:46: [INFO 2026-02-19T12:07:46.768Z] GET /empresas
2026-02-19T09:07:46: [INFO 2026-02-19T12:07:46.776Z] GET /empresas/
2026-02-19T09:08:48: [INFO 2026-02-19T12:08:48.867Z] POST /empresas
2026-02-19T09:08:48: [INFO 2026-02-19T12:08:48.890Z] GET /empresas
2026-02-19T09:08:48: [INFO 2026-02-19T12:08:48.891Z] GET /empresas
2026-02-19T09:08:49: [INFO 2026-02-19T12:08:49.153Z] GET /empresas/
2026-02-19T09:08:49: [INFO 2026-02-19T12:08:49.154Z] GET /empresas/
2026-02-19T09:09:08: [INFO 2026-02-19T12:09:08.530Z] POST /auth/login
2026-02-19T09:09:14: [INFO 2026-02-19T12:09:14.471Z] GET /empresas
2026-02-19T09:09:14: [INFO 2026-02-19T12:09:14.516Z] GET /empresas/
2026-02-19T09:10:06: [INFO 2026-02-19T12:10:06.628Z] POST /empresas
2026-02-19T09:10:06: [INFO 2026-02-19T12:10:06.655Z] GET /empresas
2026-02-19T09:10:06: [INFO 2026-02-19T12:10:06.660Z] GET /empresas
2026-02-19T09:10:06: [INFO 2026-02-19T12:10:06.732Z] GET /empresas/
2026-02-19T09:10:06: [INFO 2026-02-19T12:10:06.732Z] GET /empresas/
2026-02-19T09:10:09: [INFO 2026-02-19T12:10:09.521Z] GET /empresas
2026-02-19T09:10:09: [INFO 2026-02-19T12:10:09.527Z] GET /empresas/
2026-02-19T09:11:12: [INFO 2026-02-19T12:11:12.141Z] POST /empresas
2026-02-19T09:11:12: [INFO 2026-02-19T12:11:12.243Z] GET /empresas
2026-02-19T09:11:12: [INFO 2026-02-19T12:11:12.272Z] GET /empresas
2026-02-19T09:11:12: [INFO 2026-02-19T12:11:12.463Z] GET /empresas/
2026-02-19T09:11:12: [INFO 2026-02-19T12:11:12.463Z] GET /empresas/
2026-02-19T09:11:15: [INFO 2026-02-19T12:11:15.289Z] GET /empresas
2026-02-19T09:11:15: [INFO 2026-02-19T12:11:15.303Z] GET /empresas/
2026-02-19T09:12:17: [INFO 2026-02-19T12:12:17.517Z] POST /empresas
2026-02-19T09:12:17: [INFO 2026-02-19T12:12:17.545Z] GET /empresas
2026-02-19T09:12:17: [INFO 2026-02-19T12:12:17.547Z] GET /empresas
2026-02-19T09:12:17: [INFO 2026-02-19T12:12:17.819Z] GET /empresas/
2026-02-19T09:12:17: [INFO 2026-02-19T12:12:17.820Z] GET /empresas/
2026-02-19T09:12:20: [INFO 2026-02-19T12:12:20.717Z] GET /empresas
2026-02-19T09:12:20: [INFO 2026-02-19T12:12:20.727Z] GET /empresas/
2026-02-19T09:13:23: [INFO 2026-02-19T12:13:23.461Z] POST /empresas
2026-02-19T09:13:23: [INFO 2026-02-19T12:13:23.485Z] GET /empresas
2026-02-19T09:13:23: [INFO 2026-02-19T12:13:23.487Z] GET /empresas
2026-02-19T09:13:23: [INFO 2026-02-19T12:13:23.757Z] GET /empresas/
2026-02-19T09:13:23: [INFO 2026-02-19T12:13:23.760Z] GET /empresas/
2026-02-19T09:13:26: [INFO 2026-02-19T12:13:26.665Z] GET /empresas
2026-02-19T09:13:26: [INFO 2026-02-19T12:13:26.670Z] GET /empresas/
2026-02-19T09:14:28: [INFO 2026-02-19T12:14:28.800Z] POST /empresas
2026-02-19T09:14:28: [INFO 2026-02-19T12:14:28.823Z] GET /empresas
2026-02-19T09:14:28: [INFO 2026-02-19T12:14:28.829Z] GET /empresas
2026-02-19T09:14:29: [INFO 2026-02-19T12:14:29.097Z] GET /empresas/
2026-02-19T09:14:29: [INFO 2026-02-19T12:14:29.098Z] GET /empresas/
2026-02-19T09:14:32: [INFO 2026-02-19T12:14:32.038Z] GET /empresas
2026-02-19T09:14:32: [INFO 2026-02-19T12:14:32.051Z] GET /empresas/
2026-02-19T09:15:34: [INFO 2026-02-19T12:15:34.203Z] POST /empresas
2026-02-19T09:15:34: [INFO 2026-02-19T12:15:34.242Z] GET /empresas
2026-02-19T09:15:34: [INFO 2026-02-19T12:15:34.244Z] GET /empresas
2026-02-19T09:15:34: [INFO 2026-02-19T12:15:34.307Z] GET /empresas/
2026-02-19T09:15:34: [INFO 2026-02-19T12:15:34.524Z] GET /empresas/
2026-02-19T09:15:37: [INFO 2026-02-19T12:15:37.320Z] GET /empresas
2026-02-19T09:15:37: [INFO 2026-02-19T12:15:37.328Z] GET /empresas/
2026-02-19T09:16:40: [INFO 2026-02-19T12:16:40.039Z] POST /empresas
2026-02-19T09:16:40: [INFO 2026-02-19T12:16:40.067Z] GET /empresas
2026-02-19T09:16:40: [INFO 2026-02-19T12:16:40.072Z] GET /empresas
2026-02-19T09:16:40: [INFO 2026-02-19T12:16:40.347Z] GET /empresas/
2026-02-19T09:16:40: [INFO 2026-02-19T12:16:40.348Z] GET /empresas/
2026-02-19T09:16:41: [INFO 2026-02-19T12:16:41.749Z] GET /empresas
2026-02-19T09:16:41: [INFO 2026-02-19T12:16:41.779Z] GET /empresas/
2026-02-19T09:17:45: [INFO 2026-02-19T12:17:45.483Z] POST /empresas
2026-02-19T09:17:45: [INFO 2026-02-19T12:17:45.503Z] GET /empresas
2026-02-19T09:17:45: [INFO 2026-02-19T12:17:45.511Z] GET /empresas
2026-02-19T09:17:45: [INFO 2026-02-19T12:17:45.782Z] GET /empresas/
2026-02-19T09:17:45: [INFO 2026-02-19T12:17:45.783Z] GET /empresas/
2026-02-19T09:17:47: [INFO 2026-02-19T12:17:47.304Z] GET /empresas
2026-02-19T09:17:47: [INFO 2026-02-19T12:17:47.319Z] GET /empresas/
2026-02-19T09:18:50: [INFO 2026-02-19T12:18:50.627Z] POST /empresas
2026-02-19T09:18:50: [INFO 2026-02-19T12:18:50.643Z] GET /empresas
2026-02-19T09:18:50: [INFO 2026-02-19T12:18:50.647Z] GET /empresas
2026-02-19T09:18:50: [INFO 2026-02-19T12:18:50.919Z] GET /empresas/
2026-02-19T09:18:50: [INFO 2026-02-19T12:18:50.920Z] GET /empresas/
2026-02-19T09:18:52: [INFO 2026-02-19T12:18:52.388Z] GET /empresas
2026-02-19T09:18:52: [INFO 2026-02-19T12:18:52.416Z] GET /empresas/
2026-02-19T09:19:56: [INFO 2026-02-19T12:19:56.582Z] POST /empresas
2026-02-19T09:19:56: [INFO 2026-02-19T12:19:56.608Z] GET /empresas
2026-02-19T09:19:56: [INFO 2026-02-19T12:19:56.609Z] GET /empresas
2026-02-19T09:19:56: [INFO 2026-02-19T12:19:56.895Z] GET /empresas/
2026-02-19T09:19:56: [INFO 2026-02-19T12:19:56.895Z] GET /empresas/
2026-02-19T09:19:58: [INFO 2026-02-19T12:19:58.417Z] GET /empresas
2026-02-19T09:19:58: [INFO 2026-02-19T12:19:58.430Z] GET /empresas/
2026-02-19T09:21:01: [INFO 2026-02-19T12:21:01.973Z] POST /empresas
2026-02-19T09:21:01: [INFO 2026-02-19T12:21:02.000Z] GET /empresas
2026-02-19T09:21:02: [INFO 2026-02-19T12:21:02.005Z] GET /empresas
2026-02-19T09:21:02: [INFO 2026-02-19T12:21:02.299Z] GET /empresas/
2026-02-19T09:21:02: [INFO 2026-02-19T12:21:02.300Z] GET /empresas/
2026-02-19T09:21:03: [INFO 2026-02-19T12:21:03.787Z] GET /empresas
2026-02-19T09:21:03: [INFO 2026-02-19T12:21:03.812Z] GET /empresas/
2026-02-19T09:22:07: [INFO 2026-02-19T12:22:07.403Z] POST /empresas
2026-02-19T09:22:07: [INFO 2026-02-19T12:22:07.429Z] GET /empresas
2026-02-19T09:22:07: [INFO 2026-02-19T12:22:07.429Z] GET /empresas
2026-02-19T09:22:07: [INFO 2026-02-19T12:22:07.716Z] GET /empresas/
2026-02-19T09:22:07: [INFO 2026-02-19T12:22:07.717Z] GET /empresas/
2026-02-19T09:22:09: [INFO 2026-02-19T12:22:09.253Z] GET /empresas
2026-02-19T09:22:09: [INFO 2026-02-19T12:22:09.296Z] GET /empresas/
2026-02-19T09:23:13: [INFO 2026-02-19T12:23:13.133Z] POST /empresas
2026-02-19T09:23:13: [INFO 2026-02-19T12:23:13.156Z] GET /empresas
2026-02-19T09:23:13: [INFO 2026-02-19T12:23:13.156Z] GET /empresas
2026-02-19T09:23:13: [INFO 2026-02-19T12:23:13.461Z] GET /empresas/
2026-02-19T09:23:13: [INFO 2026-02-19T12:23:13.461Z] GET /empresas/
2026-02-19T09:23:15: [INFO 2026-02-19T12:23:15.024Z] GET /empresas
2026-02-19T09:23:15: [INFO 2026-02-19T12:23:15.035Z] GET /empresas/
2026-02-19T09:24:18: [INFO 2026-02-19T12:24:18.575Z] POST /empresas
2026-02-19T09:24:18: [INFO 2026-02-19T12:24:18.593Z] GET /empresas
2026-02-19T09:24:18: [INFO 2026-02-19T12:24:18.598Z] GET /empresas
2026-02-19T09:24:18: [INFO 2026-02-19T12:24:18.891Z] GET /empresas/
2026-02-19T09:24:18: [INFO 2026-02-19T12:24:18.892Z] GET /empresas/
2026-02-19T09:24:20: [INFO 2026-02-19T12:24:20.459Z] GET /empresas
2026-02-19T09:24:20: [INFO 2026-02-19T12:24:20.479Z] GET /empresas/
2026-02-19T09:25:23: [INFO 2026-02-19T12:25:23.894Z] POST /empresas
2026-02-19T09:25:23: [INFO 2026-02-19T12:25:23.921Z] GET /empresas
2026-02-19T09:25:23: [INFO 2026-02-19T12:25:23.923Z] GET /empresas
2026-02-19T09:25:24: [INFO 2026-02-19T12:25:24.224Z] GET /empresas/
2026-02-19T09:25:24: [INFO 2026-02-19T12:25:24.229Z] GET /empresas/
2026-02-19T09:25:25: [INFO 2026-02-19T12:25:25.893Z] GET /empresas
2026-02-19T09:25:25: [INFO 2026-02-19T12:25:25.924Z] GET /empresas/
2026-02-19T09:26:29: [INFO 2026-02-19T12:26:29.991Z] POST /empresas
2026-02-19T09:26:30: [INFO 2026-02-19T12:26:30.017Z] GET /empresas
2026-02-19T09:26:30: [INFO 2026-02-19T12:26:30.020Z] GET /empresas
2026-02-19T09:26:30: [INFO 2026-02-19T12:26:30.323Z] GET /empresas/
2026-02-19T09:26:30: [INFO 2026-02-19T12:26:30.323Z] GET /empresas/
2026-02-19T09:26:31: [INFO 2026-02-19T12:26:31.928Z] GET /empresas
2026-02-19T09:26:31: [INFO 2026-02-19T12:26:31.936Z] GET /empresas/
2026-02-19T09:27:35: [INFO 2026-02-19T12:27:35.502Z] POST /empresas
2026-02-19T09:27:35: [INFO 2026-02-19T12:27:35.523Z] GET /empresas
2026-02-19T09:27:35: [INFO 2026-02-19T12:27:35.530Z] GET /empresas
2026-02-19T09:27:35: [INFO 2026-02-19T12:27:35.821Z] GET /empresas/
2026-02-19T09:27:35: [INFO 2026-02-19T12:27:35.822Z] GET /empresas/
2026-02-19T09:27:37: [INFO 2026-02-19T12:27:37.484Z] GET /empresas
2026-02-19T09:27:37: [INFO 2026-02-19T12:27:37.492Z] GET /empresas/
2026-02-19T09:28:40: [INFO 2026-02-19T12:28:40.761Z] POST /empresas
2026-02-19T09:28:40: [INFO 2026-02-19T12:28:40.787Z] GET /empresas
2026-02-19T09:28:40: [INFO 2026-02-19T12:28:40.790Z] GET /empresas
2026-02-19T09:28:40: [INFO 2026-02-19T12:28:40.878Z] GET /empresas/
2026-02-19T09:28:40: [INFO 2026-02-19T12:28:40.879Z] GET /empresas/
2026-02-19T09:28:42: [INFO 2026-02-19T12:28:42.733Z] GET /empresas
2026-02-19T09:28:42: [INFO 2026-02-19T12:28:42.747Z] GET /empresas/
2026-02-19T09:29:46: [INFO 2026-02-19T12:29:46.879Z] POST /empresas
2026-02-19T09:29:46: [INFO 2026-02-19T12:29:46.904Z] GET /empresas
2026-02-19T09:29:46: [INFO 2026-02-19T12:29:46.904Z] GET /empresas
2026-02-19T09:29:47: [INFO 2026-02-19T12:29:47.213Z] GET /empresas/
2026-02-19T09:29:47: [INFO 2026-02-19T12:29:47.215Z] GET /empresas/
2026-02-19T09:29:48: [INFO 2026-02-19T12:29:48.905Z] GET /empresas
2026-02-19T09:29:48: [INFO 2026-02-19T12:29:48.920Z] GET /empresas/
2026-02-19T09:30:52: [INFO 2026-02-19T12:30:52.122Z] POST /empresas
2026-02-19T09:30:52: [INFO 2026-02-19T12:30:52.141Z] GET /empresas
2026-02-19T09:30:52: [INFO 2026-02-19T12:30:52.144Z] GET /empresas
2026-02-19T09:30:52: [INFO 2026-02-19T12:30:52.452Z] GET /empresas/
2026-02-19T09:30:52: [INFO 2026-02-19T12:30:52.454Z] GET /empresas/
2026-02-19T09:30:54: [INFO 2026-02-19T12:30:54.131Z] GET /empresas
2026-02-19T09:30:54: [INFO 2026-02-19T12:30:54.154Z] GET /empresas/
2026-02-19T09:31:55: [INFO 2026-02-19T12:31:55.448Z] POST /empresas
2026-02-19T09:31:55: [INFO 2026-02-19T12:31:55.465Z] GET /empresas
2026-02-19T09:31:55: [INFO 2026-02-19T12:31:55.479Z] GET /empresas
2026-02-19T09:31:55: [INFO 2026-02-19T12:31:55.786Z] GET /empresas/
2026-02-19T09:31:55: [INFO 2026-02-19T12:31:55.786Z] GET /empresas/
2026-02-19T09:31:57: [INFO 2026-02-19T12:31:57.571Z] GET /empresas
2026-02-19T09:31:57: [INFO 2026-02-19T12:31:57.586Z] GET /empresas/
2026-02-19T09:35:11: [INFO 2026-02-19T12:35:11.985Z] POST /empresas
2026-02-19T09:35:12: [INFO 2026-02-19T12:35:12.009Z] GET /empresas
2026-02-19T09:35:12: [INFO 2026-02-19T12:35:12.012Z] GET /empresas
2026-02-19T09:35:12: [INFO 2026-02-19T12:35:12.335Z] GET /empresas/
2026-02-19T09:35:12: [INFO 2026-02-19T12:35:12.337Z] GET /empresas/
2026-02-19T09:35:14: [INFO 2026-02-19T12:35:14.087Z] GET /empresas
2026-02-19T09:35:14: [INFO 2026-02-19T12:35:14.096Z] GET /empresas/
2026-02-19T09:36:17: [INFO 2026-02-19T12:36:17.807Z] POST /empresas
2026-02-19T09:36:17: [INFO 2026-02-19T12:36:17.828Z] GET /empresas
2026-02-19T09:36:17: [INFO 2026-02-19T12:36:17.830Z] GET /empresas
2026-02-19T09:36:18: [INFO 2026-02-19T12:36:18.138Z] GET /empresas/
2026-02-19T09:36:18: [INFO 2026-02-19T12:36:18.138Z] GET /empresas/
2026-02-19T09:36:19: [INFO 2026-02-19T12:36:19.885Z] GET /empresas
2026-02-19T09:36:19: [INFO 2026-02-19T12:36:19.893Z] GET /empresas/
2026-02-19T09:37:23: [INFO 2026-02-19T12:37:23.749Z] POST /empresas
2026-02-19T09:37:23: [INFO 2026-02-19T12:37:23.771Z] GET /empresas
2026-02-19T09:37:23: [INFO 2026-02-19T12:37:23.775Z] GET /empresas
2026-02-19T09:37:24: [INFO 2026-02-19T12:37:24.094Z] GET /empresas/
2026-02-19T09:37:24: [INFO 2026-02-19T12:37:24.094Z] GET /empresas/
2026-02-19T09:37:25: [INFO 2026-02-19T12:37:25.906Z] GET /empresas
2026-02-19T09:37:25: [INFO 2026-02-19T12:37:25.921Z] GET /empresas/
2026-02-19T09:38:29: [INFO 2026-02-19T12:38:29.073Z] POST /empresas
2026-02-19T09:38:29: [INFO 2026-02-19T12:38:29.090Z] GET /empresas
2026-02-19T09:38:29: [INFO 2026-02-19T12:38:29.090Z] GET /empresas
2026-02-19T09:38:29: [INFO 2026-02-19T12:38:29.167Z] GET /empresas/
2026-02-19T09:38:29: [INFO 2026-02-19T12:38:29.168Z] GET /empresas/
2026-02-19T09:38:31: [INFO 2026-02-19T12:38:31.309Z] GET /empresas
2026-02-19T09:38:31: [INFO 2026-02-19T12:38:31.341Z] GET /empresas/
2026-02-19T09:39:34: [INFO 2026-02-19T12:39:34.585Z] POST /empresas
2026-02-19T09:39:34: [INFO 2026-02-19T12:39:34.605Z] GET /empresas
2026-02-19T09:39:34: [INFO 2026-02-19T12:39:34.611Z] GET /empresas
2026-02-19T09:39:34: [INFO 2026-02-19T12:39:34.921Z] GET /empresas/
2026-02-19T09:39:34: [INFO 2026-02-19T12:39:34.922Z] GET /empresas/
2026-02-19T09:39:54: [INFO 2026-02-19T12:39:54.151Z] POST /auth/login
2026-02-19T09:40:00: [INFO 2026-02-19T12:40:00.044Z] GET /empresas
2026-02-19T09:40:00: [INFO 2026-02-19T12:40:00.061Z] GET /empresas/
2026-02-19T09:40:52: [INFO 2026-02-19T12:40:52.425Z] POST /empresas
2026-02-19T09:40:52: [INFO 2026-02-19T12:40:52.449Z] GET /empresas
2026-02-19T09:40:52: [INFO 2026-02-19T12:40:52.453Z] GET /empresas
2026-02-19T09:40:52: [INFO 2026-02-19T12:40:52.766Z] GET /empresas/
2026-02-19T09:40:52: [INFO 2026-02-19T12:40:52.766Z] GET /empresas/
2026-02-19T09:40:54: [INFO 2026-02-19T12:40:54.631Z] GET /empresas
2026-02-19T09:40:54: [INFO 2026-02-19T12:40:54.638Z] GET /empresas/
2026-02-19T09:41:57: [INFO 2026-02-19T12:41:57.916Z] POST /empresas
2026-02-19T09:41:57: [INFO 2026-02-19T12:41:57.938Z] GET /empresas
2026-02-19T09:41:57: [INFO 2026-02-19T12:41:57.938Z] GET /empresas
2026-02-19T09:41:58: [INFO 2026-02-19T12:41:58.281Z] GET /empresas/
2026-02-19T09:41:58: [INFO 2026-02-19T12:41:58.281Z] GET /empresas/
2026-02-19T09:42:00: [INFO 2026-02-19T12:42:00.160Z] GET /empresas
2026-02-19T09:42:00: [INFO 2026-02-19T12:42:00.169Z] GET /empresas/
2026-02-19T09:43:04: [INFO 2026-02-19T12:43:04.151Z] POST /empresas
2026-02-19T09:43:04: [INFO 2026-02-19T12:43:04.185Z] GET /empresas
2026-02-19T09:43:04: [INFO 2026-02-19T12:43:04.196Z] GET /empresas
2026-02-19T09:43:04: [INFO 2026-02-19T12:43:04.512Z] GET /empresas/
2026-02-19T09:43:04: [INFO 2026-02-19T12:43:04.512Z] GET /empresas/
2026-02-19T09:43:06: [INFO 2026-02-19T12:43:06.425Z] GET /empresas
2026-02-19T09:43:06: [INFO 2026-02-19T12:43:06.434Z] GET /empresas/
2026-02-19T09:44:05: [INFO 2026-02-19T12:44:05.924Z] POST /empresas
2026-02-19T09:44:05: [INFO 2026-02-19T12:44:05.954Z] GET /empresas
2026-02-19T09:44:05: [INFO 2026-02-19T12:44:05.955Z] GET /empresas
2026-02-19T09:44:06: [INFO 2026-02-19T12:44:06.318Z] GET /empresas/
2026-02-19T09:44:06: [INFO 2026-02-19T12:44:06.318Z] GET /empresas/
2026-02-19T09:44:08: [INFO 2026-02-19T12:44:08.375Z] GET /empresas
2026-02-19T09:44:08: [INFO 2026-02-19T12:44:08.381Z] GET /empresas/
2026-02-19T09:45:11: [INFO 2026-02-19T12:45:11.651Z] POST /empresas
2026-02-19T09:45:11: [INFO 2026-02-19T12:45:11.678Z] GET /empresas
2026-02-19T09:45:11: [INFO 2026-02-19T12:45:11.678Z] GET /empresas
2026-02-19T09:45:11: [INFO 2026-02-19T12:45:11.999Z] GET /empresas/
2026-02-19T09:45:11: [INFO 2026-02-19T12:45:12.000Z] GET /empresas/
2026-02-19T09:45:13: [INFO 2026-02-19T12:45:13.961Z] GET /empresas
2026-02-19T09:45:13: [INFO 2026-02-19T12:45:13.988Z] GET /empresas/
2026-02-19T09:46:17: [INFO 2026-02-19T12:46:17.916Z] POST /empresas
2026-02-19T09:46:17: [INFO 2026-02-19T12:46:17.935Z] GET /empresas
2026-02-19T09:46:17: [INFO 2026-02-19T12:46:17.936Z] GET /empresas
2026-02-19T09:46:18: [INFO 2026-02-19T12:46:18.308Z] GET /empresas/
2026-02-19T09:46:18: [INFO 2026-02-19T12:46:18.309Z] GET /empresas/
2026-02-19T09:46:20: [INFO 2026-02-19T12:46:20.293Z] GET /empresas
2026-02-19T09:46:20: [INFO 2026-02-19T12:46:20.319Z] GET /empresas/
2026-02-19T09:47:23: [INFO 2026-02-19T12:47:23.694Z] POST /empresas
2026-02-19T09:47:23: [INFO 2026-02-19T12:47:23.725Z] GET /empresas
2026-02-19T09:47:23: [INFO 2026-02-19T12:47:23.727Z] GET /empresas
2026-02-19T09:47:24: [INFO 2026-02-19T12:47:24.057Z] GET /empresas/
2026-02-19T09:47:24: [INFO 2026-02-19T12:47:24.058Z] GET /empresas/
2026-02-19T09:47:26: [INFO 2026-02-19T12:47:26.055Z] GET /empresas
2026-02-19T09:47:26: [INFO 2026-02-19T12:47:26.081Z] GET /empresas/
2026-02-19T09:48:27: [INFO 2026-02-19T12:48:27.400Z] POST /empresas
2026-02-19T09:48:27: [INFO 2026-02-19T12:48:27.420Z] GET /empresas
2026-02-19T09:48:27: [INFO 2026-02-19T12:48:27.421Z] GET /empresas
2026-02-19T09:48:27: [INFO 2026-02-19T12:48:27.752Z] GET /empresas/
2026-02-19T09:48:27: [INFO 2026-02-19T12:48:27.753Z] GET /empresas/
2026-02-19T09:48:29: [INFO 2026-02-19T12:48:29.812Z] GET /empresas
2026-02-19T09:48:29: [INFO 2026-02-19T12:48:29.843Z] GET /empresas/
2026-02-19T09:49:33: [INFO 2026-02-19T12:49:33.235Z] POST /empresas
2026-02-19T09:49:33: [INFO 2026-02-19T12:49:33.272Z] GET /empresas
2026-02-19T09:49:33: [INFO 2026-02-19T12:49:33.274Z] GET /empresas
2026-02-19T09:49:33: [INFO 2026-02-19T12:49:33.616Z] GET /empresas/
2026-02-19T09:49:33: [INFO 2026-02-19T12:49:33.617Z] GET /empresas/
2026-02-19T09:49:35: [INFO 2026-02-19T12:49:35.681Z] GET /empresas
2026-02-19T09:49:35: [INFO 2026-02-19T12:49:35.694Z] GET /empresas/
2026-02-19T09:50:39: [INFO 2026-02-19T12:50:39.129Z] POST /empresas
2026-02-19T09:50:39: [INFO 2026-02-19T12:50:39.157Z] GET /empresas
2026-02-19T09:50:39: [INFO 2026-02-19T12:50:39.160Z] GET /empresas
2026-02-19T09:50:39: [INFO 2026-02-19T12:50:39.498Z] GET /empresas/
2026-02-19T09:50:39: [INFO 2026-02-19T12:50:39.498Z] GET /empresas/
2026-02-19T09:50:41: [INFO 2026-02-19T12:50:41.558Z] GET /empresas
2026-02-19T09:50:41: [INFO 2026-02-19T12:50:41.584Z] GET /empresas/
2026-02-19T09:51:44: [INFO 2026-02-19T12:51:44.742Z] POST /empresas
2026-02-19T09:51:44: [INFO 2026-02-19T12:51:44.767Z] GET /empresas
2026-02-19T09:51:44: [INFO 2026-02-19T12:51:44.771Z] GET /empresas
2026-02-19T09:51:45: [INFO 2026-02-19T12:51:45.108Z] GET /empresas/
2026-02-19T09:51:45: [INFO 2026-02-19T12:51:45.109Z] GET /empresas/
2026-02-19T09:51:47: [INFO 2026-02-19T12:51:47.219Z] GET /empresas
2026-02-19T09:51:47: [INFO 2026-02-19T12:51:47.262Z] GET /empresas/
2026-02-19T09:52:48: [INFO 2026-02-19T12:52:48.547Z] POST /empresas
2026-02-19T09:52:48: [INFO 2026-02-19T12:52:48.566Z] GET /empresas
2026-02-19T09:52:48: [INFO 2026-02-19T12:52:48.569Z] GET /empresas
2026-02-19T09:52:48: [INFO 2026-02-19T12:52:48.908Z] GET /empresas/
2026-02-19T09:52:48: [INFO 2026-02-19T12:52:48.909Z] GET /empresas/
2026-02-19T09:52:51: [INFO 2026-02-19T12:52:51.033Z] GET /empresas
2026-02-19T09:52:51: [INFO 2026-02-19T12:52:51.039Z] GET /empresas/
2026-02-19T09:53:51: [INFO 2026-02-19T12:53:51.885Z] POST /empresas
2026-02-19T09:53:51: [INFO 2026-02-19T12:53:51.906Z] GET /empresas
2026-02-19T09:53:51: [INFO 2026-02-19T12:53:51.908Z] GET /empresas
2026-02-19T09:53:52: [INFO 2026-02-19T12:53:52.253Z] GET /empresas/
2026-02-19T09:53:52: [INFO 2026-02-19T12:53:52.254Z] GET /empresas/
2026-02-19T09:53:54: [INFO 2026-02-19T12:53:54.459Z] GET /empresas
2026-02-19T09:53:54: [INFO 2026-02-19T12:53:54.467Z] GET /empresas/
2026-02-19T09:54:57: [INFO 2026-02-19T12:54:57.771Z] POST /empresas
2026-02-19T09:54:57: [INFO 2026-02-19T12:54:57.799Z] GET /empresas
2026-02-19T09:54:57: [INFO 2026-02-19T12:54:57.801Z] GET /empresas
2026-02-19T09:54:58: [INFO 2026-02-19T12:54:58.142Z] GET /empresas/
2026-02-19T09:54:58: [INFO 2026-02-19T12:54:58.142Z] GET /empresas/
2026-02-19T09:55:00: [INFO 2026-02-19T12:55:00.364Z] GET /empresas
2026-02-19T09:55:00: [INFO 2026-02-19T12:55:00.390Z] GET /empresas/
2026-02-19T09:56:01: [INFO 2026-02-19T12:56:01.809Z] POST /empresas
2026-02-19T09:56:01: [INFO 2026-02-19T12:56:01.835Z] GET /empresas
2026-02-19T09:56:01: [INFO 2026-02-19T12:56:01.837Z] GET /empresas
2026-02-19T09:56:02: [INFO 2026-02-19T12:56:02.179Z] GET /empresas/
2026-02-19T09:56:02: [INFO 2026-02-19T12:56:02.180Z] GET /empresas/
2026-02-19T09:56:04: [INFO 2026-02-19T12:56:04.369Z] GET /empresas
2026-02-19T09:56:04: [INFO 2026-02-19T12:56:04.394Z] GET /empresas/
2026-02-19T09:57:07: [INFO 2026-02-19T12:57:07.655Z] POST /empresas
2026-02-19T09:57:07: [INFO 2026-02-19T12:57:07.682Z] GET /empresas
2026-02-19T09:57:07: [INFO 2026-02-19T12:57:07.685Z] GET /empresas
2026-02-19T09:57:07: [INFO 2026-02-19T12:57:07.791Z] GET /empresas/
2026-02-19T09:57:07: [INFO 2026-02-19T12:57:07.792Z] GET /empresas/
2026-02-19T09:57:10: [INFO 2026-02-19T12:57:10.255Z] GET /empresas
2026-02-19T09:57:10: [INFO 2026-02-19T12:57:10.282Z] GET /empresas/
2026-02-19T09:58:13: [INFO 2026-02-19T12:58:13.672Z] POST /empresas
2026-02-19T09:58:13: [INFO 2026-02-19T12:58:13.690Z] GET /empresas
2026-02-19T09:58:13: [INFO 2026-02-19T12:58:13.697Z] GET /empresas
2026-02-19T09:58:14: [INFO 2026-02-19T12:58:14.049Z] GET /empresas/
2026-02-19T09:58:14: [INFO 2026-02-19T12:58:14.049Z] GET /empresas/
2026-02-19T09:58:16: [INFO 2026-02-19T12:58:16.310Z] GET /empresas
2026-02-19T09:58:16: [INFO 2026-02-19T12:58:16.348Z] GET /empresas/
2026-02-19T09:59:19: [INFO 2026-02-19T12:59:19.953Z] POST /empresas
2026-02-19T09:59:19: [INFO 2026-02-19T12:59:19.972Z] GET /empresas
2026-02-19T09:59:19: [INFO 2026-02-19T12:59:19.976Z] GET /empresas
2026-02-19T09:59:20: [INFO 2026-02-19T12:59:20.349Z] GET /empresas/
2026-02-19T09:59:20: [INFO 2026-02-19T12:59:20.350Z] GET /empresas/
2026-02-19T09:59:22: [INFO 2026-02-19T12:59:22.662Z] GET /empresas
2026-02-19T09:59:22: [INFO 2026-02-19T12:59:22.706Z] GET /empresas/
2026-02-19T10:00:25: [INFO 2026-02-19T13:00:25.269Z] POST /empresas
2026-02-19T10:00:25: [INFO 2026-02-19T13:00:25.298Z] GET /empresas
2026-02-19T10:00:25: [INFO 2026-02-19T13:00:25.301Z] GET /empresas
2026-02-19T10:00:25: [INFO 2026-02-19T13:00:25.384Z] GET /empresas/
2026-02-19T10:00:25: [INFO 2026-02-19T13:00:25.663Z] GET /empresas/
2026-02-19T10:00:27: [INFO 2026-02-19T13:00:27.948Z] GET /empresas
2026-02-19T10:00:27: [INFO 2026-02-19T13:00:27.973Z] GET /empresas/
2026-02-19T10:01:31: [INFO 2026-02-19T13:01:31.044Z] POST /empresas
2026-02-19T10:01:31: [INFO 2026-02-19T13:01:31.069Z] GET /empresas
2026-02-19T10:01:31: [INFO 2026-02-19T13:01:31.072Z] GET /empresas
2026-02-19T10:01:31: [INFO 2026-02-19T13:01:31.444Z] GET /empresas/
2026-02-19T10:01:31: [INFO 2026-02-19T13:01:31.445Z] GET /empresas/
2026-02-19T10:01:33: [INFO 2026-02-19T13:01:33.785Z] GET /empresas
2026-02-19T10:01:33: [INFO 2026-02-19T13:01:33.806Z] GET /empresas/
2026-02-19T10:02:36: [INFO 2026-02-19T13:02:36.708Z] POST /empresas
2026-02-19T10:02:36: [INFO 2026-02-19T13:02:36.727Z] GET /empresas
2026-02-19T10:02:36: [INFO 2026-02-19T13:02:36.736Z] GET /empresas
2026-02-19T10:02:37: [INFO 2026-02-19T13:02:37.100Z] GET /empresas/
2026-02-19T10:02:37: [INFO 2026-02-19T13:02:37.101Z] GET /empresas/
2026-02-19T10:02:39: [INFO 2026-02-19T13:02:39.471Z] GET /empresas
2026-02-19T10:02:39: [INFO 2026-02-19T13:02:39.502Z] GET /empresas/
2026-02-19T10:03:42: [INFO 2026-02-19T13:03:42.086Z] POST /empresas
2026-02-19T10:03:42: [INFO 2026-02-19T13:03:42.111Z] GET /empresas
2026-02-19T10:03:42: [INFO 2026-02-19T13:03:42.116Z] GET /empresas
2026-02-19T10:03:42: [INFO 2026-02-19T13:03:42.493Z] GET /empresas/
2026-02-19T10:03:42: [INFO 2026-02-19T13:03:42.496Z] GET /empresas/
2026-02-19T10:03:44: [INFO 2026-02-19T13:03:44.916Z] GET /empresas
2026-02-19T10:03:44: [INFO 2026-02-19T13:03:44.931Z] GET /empresas/
2026-02-19T10:04:45: [INFO 2026-02-19T13:04:45.926Z] POST /empresas
2026-02-19T10:04:45: [INFO 2026-02-19T13:04:45.956Z] GET /empresas
2026-02-19T10:04:45: [INFO 2026-02-19T13:04:45.958Z] GET /empresas
2026-02-19T10:04:46: [INFO 2026-02-19T13:04:46.321Z] GET /empresas/
2026-02-19T10:04:46: [INFO 2026-02-19T13:04:46.322Z] GET /empresas/
2026-02-19T10:04:48: [INFO 2026-02-19T13:04:48.763Z] GET /empresas
2026-02-19T10:04:48: [INFO 2026-02-19T13:04:48.779Z] GET /empresas/
2026-02-19T10:05:51: [INFO 2026-02-19T13:05:51.840Z] POST /empresas
2026-02-19T10:05:51: [INFO 2026-02-19T13:05:51.877Z] GET /empresas
2026-02-19T10:05:51: [INFO 2026-02-19T13:05:51.887Z] GET /empresas
2026-02-19T10:05:52: [INFO 2026-02-19T13:05:52.237Z] GET /empresas/
2026-02-19T10:05:52: [INFO 2026-02-19T13:05:52.239Z] GET /empresas/
2026-02-19T10:05:54: [INFO 2026-02-19T13:05:54.720Z] GET /empresas
2026-02-19T10:05:54: [INFO 2026-02-19T13:05:54.749Z] GET /empresas/
2026-02-19T10:06:57: [INFO 2026-02-19T13:06:57.453Z] POST /empresas
2026-02-19T10:06:57: [INFO 2026-02-19T13:06:57.475Z] GET /empresas
2026-02-19T10:06:57: [INFO 2026-02-19T13:06:57.480Z] GET /empresas
2026-02-19T10:06:57: [INFO 2026-02-19T13:06:57.839Z] GET /empresas/
2026-02-19T10:06:57: [INFO 2026-02-19T13:06:57.840Z] GET /empresas/
2026-02-19T10:07:00: [INFO 2026-02-19T13:07:00.378Z] GET /empresas
2026-02-19T10:07:00: [INFO 2026-02-19T13:07:00.434Z] GET /empresas/
2026-02-19T10:08:03: [INFO 2026-02-19T13:08:03.787Z] POST /empresas
2026-02-19T10:08:03: [INFO 2026-02-19T13:08:03.820Z] GET /empresas
2026-02-19T10:08:03: [INFO 2026-02-19T13:08:03.821Z] GET /empresas
2026-02-19T10:08:04: [INFO 2026-02-19T13:08:04.200Z] GET /empresas/
2026-02-19T10:08:04: [INFO 2026-02-19T13:08:04.201Z] GET /empresas/
2026-02-19T10:08:06: [INFO 2026-02-19T13:08:06.717Z] GET /empresas
2026-02-19T10:08:06: [INFO 2026-02-19T13:08:06.734Z] GET /empresas/
2026-02-19T10:09:09: [INFO 2026-02-19T13:09:09.618Z] POST /empresas
2026-02-19T10:09:09: [INFO 2026-02-19T13:09:09.637Z] GET /empresas
2026-02-19T10:09:09: [INFO 2026-02-19T13:09:09.643Z] GET /empresas
2026-02-19T10:09:10: [INFO 2026-02-19T13:09:10.019Z] GET /empresas/
2026-02-19T10:09:10: [INFO 2026-02-19T13:09:10.020Z] GET /empresas/
2026-02-19T10:09:12: [INFO 2026-02-19T13:09:12.585Z] GET /empresas
2026-02-19T10:09:12: [INFO 2026-02-19T13:09:12.598Z] GET /empresas/
2026-02-19T10:10:15: [INFO 2026-02-19T13:10:15.317Z] POST /empresas
2026-02-19T10:10:15: [INFO 2026-02-19T13:10:15.359Z] GET /empresas
2026-02-19T10:10:15: [INFO 2026-02-19T13:10:15.361Z] GET /empresas
2026-02-19T10:10:15: [INFO 2026-02-19T13:10:15.762Z] GET /empresas/
2026-02-19T10:10:15: [INFO 2026-02-19T13:10:15.765Z] GET /empresas/
2026-02-19T10:10:18: [INFO 2026-02-19T13:10:18.386Z] GET /empresas
2026-02-19T10:10:34: [INFO 2026-02-19T13:10:34.981Z] POST /auth/login
2026-02-19T10:10:40: [INFO 2026-02-19T13:10:40.933Z] GET /empresas
2026-02-19T10:10:40: [INFO 2026-02-19T13:10:40.945Z] GET /empresas/
2026-02-19T10:11:33: [INFO 2026-02-19T13:11:33.485Z] POST /empresas
2026-02-19T10:11:33: [INFO 2026-02-19T13:11:33.514Z] GET /empresas
2026-02-19T10:11:33: [INFO 2026-02-19T13:11:33.516Z] GET /empresas
2026-02-19T10:11:33: [INFO 2026-02-19T13:11:33.923Z] GET /empresas/
2026-02-19T10:11:33: [INFO 2026-02-19T13:11:33.931Z] GET /empresas/
2026-02-19T10:11:36: [INFO 2026-02-19T13:11:36.718Z] GET /empresas
2026-02-19T10:11:36: [INFO 2026-02-19T13:11:36.740Z] GET /empresas/
2026-02-19T10:12:37: [INFO 2026-02-19T13:12:37.727Z] POST /empresas
2026-02-19T10:12:37: [INFO 2026-02-19T13:12:37.748Z] GET /empresas
2026-02-19T10:12:37: [INFO 2026-02-19T13:12:37.754Z] GET /empresas
2026-02-19T10:12:38: [INFO 2026-02-19T13:12:38.127Z] GET /empresas/
2026-02-19T10:12:38: [INFO 2026-02-19T13:12:38.128Z] GET /empresas/
2026-02-19T10:12:40: [INFO 2026-02-19T13:12:40.728Z] GET /empresas
2026-02-19T10:12:40: [INFO 2026-02-19T13:12:40.755Z] GET /empresas/
2026-02-19T10:13:43: [INFO 2026-02-19T13:13:43.393Z] POST /empresas
2026-02-19T10:13:43: [INFO 2026-02-19T13:13:43.424Z] GET /empresas
2026-02-19T10:13:43: [INFO 2026-02-19T13:13:43.429Z] GET /empresas
2026-02-19T10:13:43: [INFO 2026-02-19T13:13:43.811Z] GET /empresas/
2026-02-19T10:13:43: [INFO 2026-02-19T13:13:43.811Z] GET /empresas/
2026-02-19T10:13:46: [INFO 2026-02-19T13:13:46.474Z] GET /empresas
2026-02-19T10:13:46: [INFO 2026-02-19T13:13:46.490Z] GET /empresas/
2026-02-19T10:14:49: [INFO 2026-02-19T13:14:49.874Z] POST /empresas
2026-02-19T10:14:49: [INFO 2026-02-19T13:14:49.899Z] GET /empresas
2026-02-19T10:14:49: [INFO 2026-02-19T13:14:49.902Z] GET /empresas
2026-02-19T10:14:50: [INFO 2026-02-19T13:14:50.279Z] GET /empresas/
2026-02-19T10:14:50: [INFO 2026-02-19T13:14:50.279Z] GET /empresas/
2026-02-19T10:14:52: [INFO 2026-02-19T13:14:52.972Z] GET /empresas
2026-02-19T10:14:52: [INFO 2026-02-19T13:14:52.995Z] GET /empresas/
2026-02-19T10:15:55: [INFO 2026-02-19T13:15:55.622Z] POST /empresas
2026-02-19T10:15:55: [INFO 2026-02-19T13:15:55.646Z] GET /empresas
2026-02-19T10:15:55: [INFO 2026-02-19T13:15:55.647Z] GET /empresas
2026-02-19T10:15:56: [INFO 2026-02-19T13:15:56.037Z] GET /empresas/
2026-02-19T10:15:56: [INFO 2026-02-19T13:15:56.042Z] GET /empresas/
2026-02-19T10:15:58: [INFO 2026-02-19T13:15:58.753Z] GET /empresas
2026-02-19T10:15:58: [INFO 2026-02-19T13:15:58.786Z] GET /empresas/
2026-02-19T10:17:01: [INFO 2026-02-19T13:17:01.134Z] POST /empresas
2026-02-19T10:17:01: [INFO 2026-02-19T13:17:01.163Z] GET /empresas
2026-02-19T10:17:01: [INFO 2026-02-19T13:17:01.163Z] GET /empresas
2026-02-19T10:17:01: [INFO 2026-02-19T13:17:01.552Z] GET /empresas/
2026-02-19T10:17:01: [INFO 2026-02-19T13:17:01.552Z] GET /empresas/
2026-02-19T10:17:04: [INFO 2026-02-19T13:17:04.261Z] GET /empresas
2026-02-19T10:17:04: [INFO 2026-02-19T13:17:04.267Z] GET /empresas/
2026-02-19T10:18:07: [INFO 2026-02-19T13:18:07.249Z] POST /empresas
2026-02-19T10:18:07: [INFO 2026-02-19T13:18:07.275Z] GET /empresas
2026-02-19T10:18:07: [INFO 2026-02-19T13:18:07.277Z] GET /empresas
2026-02-19T10:18:07: [INFO 2026-02-19T13:18:07.676Z] GET /empresas/
2026-02-19T10:18:07: [INFO 2026-02-19T13:18:07.677Z] GET /empresas/
2026-02-19T10:18:10: [INFO 2026-02-19T13:18:10.454Z] GET /empresas
2026-02-19T10:18:10: [INFO 2026-02-19T13:18:10.464Z] GET /empresas/
2026-02-19T10:19:13: [INFO 2026-02-19T13:19:13.098Z] POST /empresas
2026-02-19T10:19:13: [INFO 2026-02-19T13:19:13.124Z] GET /empresas
2026-02-19T10:19:13: [INFO 2026-02-19T13:19:13.128Z] GET /empresas
2026-02-19T10:19:13: [INFO 2026-02-19T13:19:13.530Z] GET /empresas/
2026-02-19T10:19:13: [INFO 2026-02-19T13:19:13.531Z] GET /empresas/
2026-02-19T10:19:16: [INFO 2026-02-19T13:19:16.325Z] GET /empresas
2026-02-19T10:19:16: [INFO 2026-02-19T13:19:16.335Z] GET /empresas/
2026-02-19T10:20:18: [INFO 2026-02-19T13:20:18.642Z] POST /empresas
2026-02-19T10:20:18: [INFO 2026-02-19T13:20:18.669Z] GET /empresas
2026-02-19T10:20:18: [INFO 2026-02-19T13:20:18.672Z] GET /empresas
2026-02-19T10:20:19: [INFO 2026-02-19T13:20:19.074Z] GET /empresas/
2026-02-19T10:20:19: [INFO 2026-02-19T13:20:19.074Z] GET /empresas/
2026-02-19T10:20:21: [INFO 2026-02-19T13:20:21.890Z] GET /empresas
2026-02-19T10:20:21: [INFO 2026-02-19T13:20:21.900Z] GET /empresas/
2026-02-19T10:21:24: [INFO 2026-02-19T13:21:24.839Z] POST /empresas
2026-02-19T10:21:24: [INFO 2026-02-19T13:21:24.864Z] GET /empresas
2026-02-19T10:21:24: [INFO 2026-02-19T13:21:24.867Z] GET /empresas
2026-02-19T10:21:25: [INFO 2026-02-19T13:21:25.262Z] GET /empresas/
2026-02-19T10:21:25: [INFO 2026-02-19T13:21:25.263Z] GET /empresas/
2026-02-19T10:21:28: [INFO 2026-02-19T13:21:28.075Z] GET /empresas
2026-02-19T10:21:28: [INFO 2026-02-19T13:21:28.099Z] GET /empresas/
2026-02-19T10:22:31: [INFO 2026-02-19T13:22:31.274Z] POST /empresas
2026-02-19T10:22:31: [INFO 2026-02-19T13:22:31.303Z] GET /empresas
2026-02-19T10:22:31: [INFO 2026-02-19T13:22:31.307Z] GET /empresas
2026-02-19T10:22:31: [INFO 2026-02-19T13:22:31.713Z] GET /empresas/
2026-02-19T10:22:31: [INFO 2026-02-19T13:22:31.714Z] GET /empresas/
2026-02-19T10:22:34: [INFO 2026-02-19T13:22:34.604Z] GET /empresas
2026-02-19T10:22:34: [INFO 2026-02-19T13:22:34.626Z] GET /empresas/
2026-02-19T10:23:37: [INFO 2026-02-19T13:23:37.138Z] POST /empresas
2026-02-19T10:23:37: [INFO 2026-02-19T13:23:37.158Z] GET /empresas
2026-02-19T10:23:37: [INFO 2026-02-19T13:23:37.164Z] GET /empresas
2026-02-19T10:23:37: [INFO 2026-02-19T13:23:37.587Z] GET /empresas/
2026-02-19T10:23:37: [INFO 2026-02-19T13:23:37.588Z] GET /empresas/
2026-02-19T10:23:40: [INFO 2026-02-19T13:23:40.507Z] GET /empresas
2026-02-19T10:23:40: [INFO 2026-02-19T13:23:40.537Z] GET /empresas/
2026-02-19T10:58:42: [INFO 2026-02-19T13:58:42.648Z] POST /empresas
2026-02-19T10:58:42: [INFO 2026-02-19T13:58:42.696Z] GET /empresas
2026-02-19T10:58:42: [INFO 2026-02-19T13:58:42.701Z] GET /empresas
2026-02-19T10:58:43: [INFO 2026-02-19T13:58:43.146Z] GET /empresas/
2026-02-19T10:58:43: [INFO 2026-02-19T13:58:43.147Z] GET /empresas/
2026-02-19T10:58:46: [INFO 2026-02-19T13:58:46.275Z] GET /empresas
2026-02-19T10:59:02: [INFO 2026-02-19T13:59:02.377Z] POST /auth/login
2026-02-19T10:59:08: [INFO 2026-02-19T13:59:08.328Z] GET /empresas
2026-02-19T10:59:08: [INFO 2026-02-19T13:59:08.342Z] GET /empresas/
2026-02-19T11:00:00: [INFO 2026-02-19T14:00:00.353Z] POST /empresas
2026-02-19T11:00:00: [INFO 2026-02-19T14:00:00.393Z] GET /empresas
2026-02-19T11:00:00: [INFO 2026-02-19T14:00:00.398Z] GET /empresas
2026-02-19T11:00:00: [INFO 2026-02-19T14:00:00.840Z] GET /empresas/
2026-02-19T11:00:00: [INFO 2026-02-19T14:00:00.841Z] GET /empresas/
2026-02-19T11:00:04: [INFO 2026-02-19T14:00:04.091Z] GET /empresas
2026-02-19T11:00:04: [INFO 2026-02-19T14:00:04.098Z] GET /empresas/
2026-02-19T11:01:06: [INFO 2026-02-19T14:01:06.529Z] POST /empresas
2026-02-19T11:01:06: [INFO 2026-02-19T14:01:06.551Z] GET /empresas
2026-02-19T11:01:06: [INFO 2026-02-19T14:01:06.556Z] GET /empresas
2026-02-19T11:01:06: [INFO 2026-02-19T14:01:06.959Z] GET /empresas/
2026-02-19T11:01:06: [INFO 2026-02-19T14:01:06.960Z] GET /empresas/
2026-02-19T11:01:10: [INFO 2026-02-19T14:01:10.075Z] GET /empresas
2026-02-19T11:01:10: [INFO 2026-02-19T14:01:10.081Z] GET /empresas/
2026-02-19T11:06:34: [INFO 2026-02-19T14:06:34.863Z] POST /empresas
2026-02-19T11:06:34: [INFO 2026-02-19T14:06:34.889Z] GET /empresas
2026-02-19T11:06:34: [INFO 2026-02-19T14:06:34.890Z] GET /empresas
2026-02-19T11:06:35: [INFO 2026-02-19T14:06:35.302Z] GET /empresas/
2026-02-19T11:06:35: [INFO 2026-02-19T14:06:35.310Z] GET /empresas/
2026-02-19T11:06:38: [INFO 2026-02-19T14:06:38.336Z] GET /empresas
2026-02-19T11:06:38: [INFO 2026-02-19T14:06:38.358Z] GET /empresas/
2026-02-19T11:07:41: [INFO 2026-02-19T14:07:41.111Z] POST /empresas
2026-02-19T11:07:41: [INFO 2026-02-19T14:07:41.137Z] GET /empresas
2026-02-19T11:07:41: [INFO 2026-02-19T14:07:41.141Z] GET /empresas
2026-02-19T11:07:41: [INFO 2026-02-19T14:07:41.568Z] GET /empresas/
2026-02-19T11:07:41: [INFO 2026-02-19T14:07:41.576Z] GET /empresas/
2026-02-19T11:07:44: [INFO 2026-02-19T14:07:44.668Z] GET /empresas
2026-02-19T11:07:44: [INFO 2026-02-19T14:07:44.677Z] GET /empresas/
2026-02-19T11:08:47: [INFO 2026-02-19T14:08:47.006Z] POST /empresas
2026-02-19T11:08:47: [INFO 2026-02-19T14:08:47.039Z] GET /empresas
2026-02-19T11:08:47: [INFO 2026-02-19T14:08:47.043Z] GET /empresas
2026-02-19T11:08:47: [INFO 2026-02-19T14:08:47.172Z] GET /empresas/
2026-02-19T11:08:47: [INFO 2026-02-19T14:08:47.173Z] GET /empresas/
2026-02-19T11:08:50: [INFO 2026-02-19T14:08:50.489Z] GET /empresas
2026-02-19T11:08:50: [INFO 2026-02-19T14:08:50.518Z] GET /empresas/
2026-02-19T11:09:52: [INFO 2026-02-19T14:09:52.670Z] POST /empresas
2026-02-19T11:09:52: [INFO 2026-02-19T14:09:52.694Z] GET /empresas
2026-02-19T11:09:52: [INFO 2026-02-19T14:09:52.699Z] GET /empresas
2026-02-19T11:09:52: [INFO 2026-02-19T14:09:52.835Z] GET /empresas/
2026-02-19T11:09:52: [INFO 2026-02-19T14:09:52.836Z] GET /empresas/
2026-02-19T11:09:56: [INFO 2026-02-19T14:09:56.154Z] GET /empresas
2026-02-19T11:09:56: [INFO 2026-02-19T14:09:56.178Z] GET /empresas/
2026-02-19T11:10:58: [INFO 2026-02-19T14:10:58.905Z] POST /empresas
2026-02-19T11:10:58: [INFO 2026-02-19T14:10:58.926Z] GET /empresas
2026-02-19T11:10:58: [INFO 2026-02-19T14:10:58.932Z] GET /empresas
2026-02-19T11:10:59: [INFO 2026-02-19T14:10:59.356Z] GET /empresas/
2026-02-19T11:10:59: [INFO 2026-02-19T14:10:59.367Z] GET /empresas/
2026-02-19T11:11:02: [INFO 2026-02-19T14:11:02.482Z] GET /empresas
2026-02-19T11:11:02: [INFO 2026-02-19T14:11:02.487Z] GET /empresas/
2026-02-19T11:12:04: [INFO 2026-02-19T14:12:04.686Z] POST /empresas
2026-02-19T11:12:04: [INFO 2026-02-19T14:12:04.708Z] GET /empresas
2026-02-19T11:12:04: [INFO 2026-02-19T14:12:04.711Z] GET /empresas
2026-02-19T11:12:05: [INFO 2026-02-19T14:12:05.132Z] GET /empresas/
2026-02-19T11:12:05: [INFO 2026-02-19T14:12:05.132Z] GET /empresas/
2026-02-19T11:12:08: [INFO 2026-02-19T14:12:08.279Z] GET /empresas
2026-02-19T11:12:08: [INFO 2026-02-19T14:12:08.302Z] GET /empresas/
2026-02-19T11:13:08: [INFO 2026-02-19T14:13:08.121Z] POST /empresas
2026-02-19T11:13:08: [INFO 2026-02-19T14:13:08.140Z] GET /empresas
2026-02-19T11:13:08: [INFO 2026-02-19T14:13:08.145Z] GET /empresas
2026-02-19T11:13:08: [INFO 2026-02-19T14:13:08.577Z] GET /empresas/
2026-02-19T11:13:08: [INFO 2026-02-19T14:13:08.578Z] GET /empresas/
2026-02-19T11:13:11: [INFO 2026-02-19T14:13:11.727Z] GET /empresas
2026-02-19T11:13:11: [INFO 2026-02-19T14:13:11.756Z] GET /empresas/
2026-02-19T11:14:14: [INFO 2026-02-19T14:14:14.070Z] POST /empresas
2026-02-19T11:14:14: [INFO 2026-02-19T14:14:14.091Z] GET /empresas
2026-02-19T11:14:14: [INFO 2026-02-19T14:14:14.098Z] GET /empresas
2026-02-19T11:14:14: [INFO 2026-02-19T14:14:14.521Z] GET /empresas/
2026-02-19T11:14:14: [INFO 2026-02-19T14:14:14.522Z] GET /empresas/
2026-02-19T11:14:17: [INFO 2026-02-19T14:14:17.684Z] GET /empresas
2026-02-19T11:14:17: [INFO 2026-02-19T14:14:17.712Z] GET /empresas/
2026-02-19T11:15:19: [INFO 2026-02-19T14:15:19.548Z] POST /empresas
2026-02-19T11:15:19: [INFO 2026-02-19T14:15:19.570Z] GET /empresas
2026-02-19T11:15:19: [INFO 2026-02-19T14:15:19.576Z] GET /empresas
2026-02-19T11:15:19: [INFO 2026-02-19T14:15:19.995Z] GET /empresas/
2026-02-19T11:15:20: [INFO 2026-02-19T14:15:20.001Z] GET /empresas/
2026-02-19T11:15:23: [INFO 2026-02-19T14:15:23.223Z] GET /empresas
2026-02-19T11:15:23: [INFO 2026-02-19T14:15:23.245Z] GET /empresas/
2026-02-19T11:16:25: [INFO 2026-02-19T14:16:25.390Z] POST /empresas
2026-02-19T11:16:25: [INFO 2026-02-19T14:16:25.412Z] GET /empresas
2026-02-19T11:16:25: [INFO 2026-02-19T14:16:25.415Z] GET /empresas
2026-02-19T11:16:25: [INFO 2026-02-19T14:16:25.848Z] GET /empresas/
2026-02-19T11:16:25: [INFO 2026-02-19T14:16:25.848Z] GET /empresas/
2026-02-19T11:16:29: [INFO 2026-02-19T14:16:29.096Z] GET /empresas
2026-02-19T11:16:29: [INFO 2026-02-19T14:16:29.122Z] GET /empresas/
2026-02-19T11:17:31: [INFO 2026-02-19T14:17:31.644Z] POST /empresas
2026-02-19T11:17:31: [INFO 2026-02-19T14:17:31.672Z] GET /empresas
2026-02-19T11:17:31: [INFO 2026-02-19T14:17:31.676Z] GET /empresas
2026-02-19T11:17:31: [INFO 2026-02-19T14:17:31.810Z] GET /empresas/
2026-02-19T11:17:31: [INFO 2026-02-19T14:17:31.815Z] GET /empresas/
2026-02-19T11:17:35: [INFO 2026-02-19T14:17:35.365Z] GET /empresas
2026-02-19T11:17:35: [INFO 2026-02-19T14:17:35.400Z] GET /empresas/
2026-02-19T11:18:37: [INFO 2026-02-19T14:18:37.159Z] POST /empresas
2026-02-19T11:18:37: [INFO 2026-02-19T14:18:37.180Z] GET /empresas
2026-02-19T11:18:37: [INFO 2026-02-19T14:18:37.184Z] GET /empresas
2026-02-19T11:18:37: [INFO 2026-02-19T14:18:37.630Z] GET /empresas/
2026-02-19T11:18:37: [INFO 2026-02-19T14:18:37.633Z] GET /empresas/
2026-02-19T11:18:40: [INFO 2026-02-19T14:18:40.908Z] GET /empresas
2026-02-19T11:18:40: [INFO 2026-02-19T14:18:40.933Z] GET /empresas/
2026-02-19T11:19:40: [INFO 2026-02-19T14:19:40.394Z] POST /empresas
2026-02-19T11:19:40: [INFO 2026-02-19T14:19:40.414Z] GET /empresas
2026-02-19T11:19:40: [INFO 2026-02-19T14:19:40.421Z] GET /empresas
2026-02-19T11:19:40: [INFO 2026-02-19T14:19:40.564Z] GET /empresas/
2026-02-19T11:19:40: [INFO 2026-02-19T14:19:40.565Z] GET /empresas/
2026-02-19T11:19:44: [INFO 2026-02-19T14:19:44.183Z] GET /empresas
2026-02-19T11:19:44: [INFO 2026-02-19T14:19:44.211Z] GET /empresas/
2026-02-19T11:20:46: [INFO 2026-02-19T14:20:46.475Z] POST /empresas
2026-02-19T11:20:46: [INFO 2026-02-19T14:20:46.502Z] GET /empresas
2026-02-19T11:20:46: [INFO 2026-02-19T14:20:46.504Z] GET /empresas
2026-02-19T11:20:46: [INFO 2026-02-19T14:20:46.644Z] GET /empresas/
2026-02-19T11:20:46: [INFO 2026-02-19T14:20:46.655Z] GET /empresas/
2026-02-19T11:20:50: [INFO 2026-02-19T14:20:50.285Z] GET /empresas
2026-02-19T11:20:50: [INFO 2026-02-19T14:20:50.316Z] GET /empresas/
2026-02-19T11:21:52: [INFO 2026-02-19T14:21:52.140Z] POST /empresas
2026-02-19T11:21:52: [INFO 2026-02-19T14:21:52.164Z] GET /empresas
2026-02-19T11:21:52: [INFO 2026-02-19T14:21:52.168Z] GET /empresas
2026-02-19T11:21:52: [INFO 2026-02-19T14:21:52.622Z] GET /empresas/
2026-02-19T11:21:52: [INFO 2026-02-19T14:21:52.622Z] GET /empresas/
2026-02-19T11:21:55: [INFO 2026-02-19T14:21:55.993Z] GET /empresas
2026-02-19T11:21:56: [INFO 2026-02-19T14:21:56.020Z] GET /empresas/
2026-02-19T11:22:57: [INFO 2026-02-19T14:22:57.708Z] POST /empresas
2026-02-19T11:22:57: [INFO 2026-02-19T14:22:57.744Z] GET /empresas
2026-02-19T11:22:57: [INFO 2026-02-19T14:22:57.747Z] GET /empresas
2026-02-19T11:22:58: [INFO 2026-02-19T14:22:58.189Z] GET /empresas/
2026-02-19T11:22:58: [INFO 2026-02-19T14:22:58.190Z] GET /empresas/
2026-02-19T11:23:01: [INFO 2026-02-19T14:23:01.612Z] GET /empresas
2026-02-19T11:23:01: [INFO 2026-02-19T14:23:01.634Z] GET /empresas/
2026-02-19T11:24:03: [INFO 2026-02-19T14:24:03.453Z] POST /empresas
2026-02-19T11:24:03: [INFO 2026-02-19T14:24:03.479Z] GET /empresas
2026-02-19T11:24:03: [INFO 2026-02-19T14:24:03.482Z] GET /empresas
2026-02-19T11:24:03: [INFO 2026-02-19T14:24:03.923Z] GET /empresas/
2026-02-19T11:24:03: [INFO 2026-02-19T14:24:03.923Z] GET /empresas/
2026-02-19T11:24:07: [INFO 2026-02-19T14:24:07.371Z] GET /empresas
2026-02-19T11:24:07: [INFO 2026-02-19T14:24:07.388Z] GET /empresas/
2026-02-19T11:25:08: [INFO 2026-02-19T14:25:08.864Z] POST /empresas
2026-02-19T11:25:08: [INFO 2026-02-19T14:25:08.892Z] GET /empresas
2026-02-19T11:25:08: [INFO 2026-02-19T14:25:08.893Z] GET /empresas
2026-02-19T11:25:09: [INFO 2026-02-19T14:25:09.330Z] GET /empresas/
2026-02-19T11:25:09: [INFO 2026-02-19T14:25:09.331Z] GET /empresas/
2026-02-19T11:25:12: [INFO 2026-02-19T14:25:12.812Z] GET /empresas
2026-02-19T11:25:12: [INFO 2026-02-19T14:25:12.836Z] GET /empresas/
2026-02-19T11:26:14: [INFO 2026-02-19T14:26:14.758Z] POST /empresas
2026-02-19T11:26:14: [INFO 2026-02-19T14:26:14.778Z] GET /empresas
2026-02-19T11:26:14: [INFO 2026-02-19T14:26:14.782Z] GET /empresas
2026-02-19T11:26:15: [INFO 2026-02-19T14:26:15.229Z] GET /empresas/
2026-02-19T11:26:15: [INFO 2026-02-19T14:26:15.229Z] GET /empresas/
2026-02-19T11:26:18: [INFO 2026-02-19T14:26:18.758Z] GET /empresas
2026-02-19T11:26:18: [INFO 2026-02-19T14:26:18.781Z] GET /empresas/
2026-02-19T11:27:20: [INFO 2026-02-19T14:27:20.295Z] POST /empresas
2026-02-19T11:27:20: [INFO 2026-02-19T14:27:20.318Z] GET /empresas
2026-02-19T11:27:20: [INFO 2026-02-19T14:27:20.323Z] GET /empresas
2026-02-19T11:27:20: [INFO 2026-02-19T14:27:20.775Z] GET /empresas/
2026-02-19T11:27:20: [INFO 2026-02-19T14:27:20.775Z] GET /empresas/
2026-02-19T11:27:24: [INFO 2026-02-19T14:27:24.296Z] GET /empresas
2026-02-19T11:27:24: [INFO 2026-02-19T14:27:24.322Z] GET /empresas/
2026-02-19T11:28:25: [INFO 2026-02-19T14:28:25.821Z] POST /empresas
2026-02-19T11:28:25: [INFO 2026-02-19T14:28:25.843Z] GET /empresas
2026-02-19T11:28:25: [INFO 2026-02-19T14:28:25.847Z] GET /empresas
2026-02-19T11:28:26: [INFO 2026-02-19T14:28:26.290Z] GET /empresas/
2026-02-19T11:28:26: [INFO 2026-02-19T14:28:26.290Z] GET /empresas/
2026-02-19T11:28:29: [INFO 2026-02-19T14:28:29.870Z] GET /empresas
2026-02-19T11:28:29: [INFO 2026-02-19T14:28:29.896Z] GET /empresas/
2026-02-19T11:29:31: [INFO 2026-02-19T14:29:31.818Z] POST /empresas
2026-02-19T11:29:31: [INFO 2026-02-19T14:29:31.846Z] GET /empresas
2026-02-19T11:29:31: [INFO 2026-02-19T14:29:31.847Z] GET /empresas
2026-02-19T11:29:32: [INFO 2026-02-19T14:29:32.302Z] GET /empresas/
2026-02-19T11:29:32: [INFO 2026-02-19T14:29:32.303Z] GET /empresas/
2026-02-19T11:29:51: [INFO 2026-02-19T14:29:51.569Z] POST /auth/login
2026-02-19T11:29:57: [INFO 2026-02-19T14:29:57.475Z] GET /empresas
2026-02-19T11:29:57: [INFO 2026-02-19T14:29:57.483Z] GET /empresas/
2026-02-19T11:30:49: [INFO 2026-02-19T14:30:49.767Z] POST /empresas
2026-02-19T11:30:49: [INFO 2026-02-19T14:30:49.786Z] GET /empresas
2026-02-19T11:30:49: [INFO 2026-02-19T14:30:49.786Z] GET /empresas
2026-02-19T11:30:50: [INFO 2026-02-19T14:30:50.237Z] GET /empresas/
2026-02-19T11:30:50: [INFO 2026-02-19T14:30:50.237Z] GET /empresas/
2026-02-19T11:30:53: [INFO 2026-02-19T14:30:53.892Z] GET /empresas
2026-02-19T11:30:53: [INFO 2026-02-19T14:30:53.920Z] GET /empresas/
2026-02-19T11:31:55: [INFO 2026-02-19T14:31:55.552Z] POST /empresas
2026-02-19T11:31:55: [INFO 2026-02-19T14:31:55.571Z] GET /empresas
2026-02-19T11:31:55: [INFO 2026-02-19T14:31:55.572Z] GET /empresas
2026-02-19T11:31:56: [INFO 2026-02-19T14:31:56.039Z] GET /empresas/
2026-02-19T11:31:56: [INFO 2026-02-19T14:31:56.041Z] GET /empresas/
2026-02-19T11:31:59: [INFO 2026-02-19T14:31:59.719Z] GET /empresas
2026-02-19T11:31:59: [INFO 2026-02-19T14:31:59.742Z] GET /empresas/
2026-02-19T11:33:00: [INFO 2026-02-19T14:33:00.887Z] POST /empresas
2026-02-19T11:33:00: [INFO 2026-02-19T14:33:00.917Z] GET /empresas
2026-02-19T11:33:00: [INFO 2026-02-19T14:33:00.927Z] GET /empresas
2026-02-19T11:33:01: [INFO 2026-02-19T14:33:01.375Z] GET /empresas/
2026-02-19T11:33:01: [INFO 2026-02-19T14:33:01.380Z] GET /empresas/
2026-02-19T11:33:05: [INFO 2026-02-19T14:33:05.150Z] GET /empresas
2026-02-19T11:33:05: [INFO 2026-02-19T14:33:05.161Z] GET /empresas/
2026-02-19T11:34:06: [INFO 2026-02-19T14:34:06.815Z] POST /empresas
2026-02-19T11:34:06: [INFO 2026-02-19T14:34:06.833Z] GET /empresas
2026-02-19T11:34:06: [INFO 2026-02-19T14:34:06.839Z] GET /empresas
2026-02-19T11:34:07: [INFO 2026-02-19T14:34:07.294Z] GET /empresas/
2026-02-19T11:34:07: [INFO 2026-02-19T14:34:07.294Z] GET /empresas/
2026-02-19T11:34:11: [INFO 2026-02-19T14:34:11.014Z] GET /empresas
2026-02-19T11:34:11: [INFO 2026-02-19T14:34:11.041Z] GET /empresas/
2026-02-19T11:35:10: [INFO 2026-02-19T14:35:10.391Z] POST /empresas
2026-02-19T11:35:10: [INFO 2026-02-19T14:35:10.438Z] GET /empresas
2026-02-19T11:35:10: [INFO 2026-02-19T14:35:10.439Z] GET /empresas
2026-02-19T11:35:10: [INFO 2026-02-19T14:35:10.899Z] GET /empresas/
2026-02-19T11:35:10: [INFO 2026-02-19T14:35:10.900Z] GET /empresas/
2026-02-19T11:35:14: [INFO 2026-02-19T14:35:14.650Z] GET /empresas
2026-02-19T11:35:14: [INFO 2026-02-19T14:35:14.677Z] GET /empresas/
2026-02-19T11:36:16: [INFO 2026-02-19T14:36:16.146Z] POST /empresas
2026-02-19T11:36:16: [INFO 2026-02-19T14:36:16.166Z] GET /empresas
2026-02-19T11:36:16: [INFO 2026-02-19T14:36:16.170Z] GET /empresas
2026-02-19T11:36:16: [INFO 2026-02-19T14:36:16.638Z] GET /empresas/
2026-02-19T11:36:16: [INFO 2026-02-19T14:36:16.646Z] GET /empresas/
2026-02-19T11:36:20: [INFO 2026-02-19T14:36:20.458Z] GET /empresas
2026-02-19T11:36:20: [INFO 2026-02-19T14:36:20.494Z] GET /empresas/
2026-02-19T11:37:14: [INFO 2026-02-19T14:37:14.651Z] POST /empresas
2026-02-19T11:37:14: [INFO 2026-02-19T14:37:14.672Z] GET /empresas
2026-02-19T11:37:14: [INFO 2026-02-19T14:37:14.673Z] GET /empresas
2026-02-19T11:37:15: [INFO 2026-02-19T14:37:15.134Z] GET /empresas/
2026-02-19T11:37:15: [INFO 2026-02-19T14:37:15.134Z] GET /empresas/
2026-02-19T11:37:19: [INFO 2026-02-19T14:37:19.070Z] GET /empresas
2026-02-19T11:37:19: [INFO 2026-02-19T14:37:19.095Z] GET /empresas/
2026-02-19T16:35:03: [INFO 2026-02-19T19:35:03.297Z] POST /empresas
2026-02-19T16:35:04: [INFO 2026-02-19T19:35:04.847Z] GET /empresas
2026-02-19T16:35:22: [INFO 2026-02-19T19:35:22.698Z] POST /auth/login
2026-02-19T16:35:28: [INFO 2026-02-19T19:35:28.595Z] GET /empresas
2026-02-19T16:35:28: [INFO 2026-02-19T19:35:28.621Z] GET /empresas/
2026-02-19T16:36:14: [INFO 2026-02-19T19:36:14.784Z] POST /empresas
2026-02-19T16:36:14: [INFO 2026-02-19T19:36:14.818Z] GET /empresas
2026-02-19T16:36:14: [INFO 2026-02-19T19:36:14.824Z] GET /empresas
2026-02-19T16:36:15: [INFO 2026-02-19T19:36:15.299Z] GET /empresas/
2026-02-19T16:36:15: [INFO 2026-02-19T19:36:15.300Z] GET /empresas/
2026-02-19T16:36:19: [INFO 2026-02-19T19:36:19.256Z] GET /empresas
2026-02-19T16:36:19: [INFO 2026-02-19T19:36:19.281Z] GET /empresas/
2026-02-19T16:37:13: [INFO 2026-02-19T19:37:13.608Z] POST /empresas
2026-02-19T16:37:13: [INFO 2026-02-19T19:37:13.699Z] GET /empresas
2026-02-19T16:37:13: [INFO 2026-02-19T19:37:13.703Z] GET /empresas
2026-02-19T16:37:14: [INFO 2026-02-19T19:37:14.152Z] GET /empresas/
2026-02-19T16:37:14: [INFO 2026-02-19T19:37:14.153Z] GET /empresas/
2026-02-19T16:37:18: [INFO 2026-02-19T19:37:18.197Z] GET /empresas
2026-02-19T16:37:18: [INFO 2026-02-19T19:37:18.208Z] GET /empresas/
2026-02-19T16:38:20: [INFO 2026-02-19T19:38:20.166Z] POST /empresas
2026-02-19T16:38:20: [INFO 2026-02-19T19:38:20.182Z] GET /empresas
2026-02-19T16:38:20: [INFO 2026-02-19T19:38:20.184Z] GET /empresas
2026-02-19T16:38:20: [INFO 2026-02-19T19:38:20.662Z] GET /empresas/
2026-02-19T16:38:20: [INFO 2026-02-19T19:38:20.667Z] GET /empresas/
2026-02-19T16:38:24: [INFO 2026-02-19T19:38:24.681Z] GET /empresas
2026-02-19T16:38:24: [INFO 2026-02-19T19:38:24.715Z] GET /empresas/
2026-02-19T16:39:16: [INFO 2026-02-19T19:39:16.686Z] POST /empresas
2026-02-19T16:39:16: [INFO 2026-02-19T19:39:16.712Z] GET /empresas
2026-02-19T16:39:16: [INFO 2026-02-19T19:39:16.713Z] GET /empresas
2026-02-19T16:39:17: [INFO 2026-02-19T19:39:17.221Z] GET /empresas/
2026-02-19T16:39:17: [INFO 2026-02-19T19:39:17.223Z] GET /empresas/
2026-02-19T16:39:21: [INFO 2026-02-19T19:39:21.293Z] GET /empresas
2026-02-19T16:39:21: [INFO 2026-02-19T19:39:21.321Z] GET /empresas/
2026-02-19T16:40:22: [INFO 2026-02-19T19:40:22.364Z] POST /empresas
2026-02-19T16:40:22: [INFO 2026-02-19T19:40:22.387Z] GET /empresas
2026-02-19T16:40:22: [INFO 2026-02-19T19:40:22.393Z] GET /empresas
2026-02-19T16:40:22: [INFO 2026-02-19T19:40:22.876Z] GET /empresas/
2026-02-19T16:40:22: [INFO 2026-02-19T19:40:22.876Z] GET /empresas/
2026-02-19T16:40:27: [INFO 2026-02-19T19:40:27.026Z] GET /empresas
2026-02-19T16:40:27: [INFO 2026-02-19T19:40:27.058Z] GET /empresas/
2026-02-19T16:41:28: [INFO 2026-02-19T19:41:28.297Z] POST /empresas
2026-02-19T16:41:28: [INFO 2026-02-19T19:41:28.318Z] GET /empresas
2026-02-19T16:41:28: [INFO 2026-02-19T19:41:28.325Z] GET /empresas
2026-02-19T16:41:28: [INFO 2026-02-19T19:41:28.794Z] GET /empresas/
2026-02-19T16:41:28: [INFO 2026-02-19T19:41:28.794Z] GET /empresas/
2026-02-19T16:41:32: [INFO 2026-02-19T19:41:32.908Z] GET /empresas
2026-02-19T16:41:32: [INFO 2026-02-19T19:41:32.925Z] GET /empresas/
2026-02-19T16:42:33: [INFO 2026-02-19T19:42:33.924Z] POST /empresas
2026-02-19T16:42:33: [INFO 2026-02-19T19:42:33.949Z] GET /empresas
2026-02-19T16:42:33: [INFO 2026-02-19T19:42:33.954Z] GET /empresas
2026-02-19T16:42:34: [INFO 2026-02-19T19:42:34.126Z] GET /empresas/
2026-02-19T16:42:34: [INFO 2026-02-19T19:42:34.126Z] GET /empresas/
2026-02-19T16:42:38: [INFO 2026-02-19T19:42:38.560Z] GET /empresas
2026-02-19T16:42:38: [INFO 2026-02-19T19:42:38.570Z] GET /empresas/
2026-02-19T16:43:39: [INFO 2026-02-19T19:43:39.220Z] POST /empresas
2026-02-19T16:43:39: [INFO 2026-02-19T19:43:39.241Z] GET /empresas
2026-02-19T16:43:39: [INFO 2026-02-19T19:43:39.247Z] GET /empresas
2026-02-19T16:43:39: [INFO 2026-02-19T19:43:39.717Z] GET /empresas/
2026-02-19T16:43:39: [INFO 2026-02-19T19:43:39.718Z] GET /empresas/
2026-02-19T16:43:43: [INFO 2026-02-19T19:43:43.962Z] GET /empresas
2026-02-19T16:43:43: [INFO 2026-02-19T19:43:43.974Z] GET /empresas/
2026-02-19T16:44:38: [INFO 2026-02-19T19:44:38.293Z] POST /empresas
2026-02-19T16:44:38: [INFO 2026-02-19T19:44:38.318Z] GET /empresas
2026-02-19T16:44:38: [INFO 2026-02-19T19:44:38.320Z] GET /empresas
2026-02-19T16:44:38: [INFO 2026-02-19T19:44:38.799Z] GET /empresas/
2026-02-19T16:44:38: [INFO 2026-02-19T19:44:38.804Z] GET /empresas/
2026-02-19T16:44:42: [INFO 2026-02-19T19:44:42.981Z] GET /empresas
2026-02-19T16:44:43: [INFO 2026-02-19T19:44:43.009Z] GET /empresas/
2026-02-19T16:45:44: [INFO 2026-02-19T19:45:44.095Z] POST /empresas
2026-02-19T16:45:44: [INFO 2026-02-19T19:45:44.125Z] GET /empresas
2026-02-19T16:45:44: [INFO 2026-02-19T19:45:44.133Z] GET /empresas
2026-02-19T16:45:44: [INFO 2026-02-19T19:45:44.607Z] GET /empresas/
2026-02-19T16:45:44: [INFO 2026-02-19T19:45:44.608Z] GET /empresas/
2026-02-19T16:45:48: [INFO 2026-02-19T19:45:48.860Z] GET /empresas
2026-02-19T16:45:48: [INFO 2026-02-19T19:45:48.878Z] GET /empresas/
2026-02-19T16:46:40: [INFO 2026-02-19T19:46:40.756Z] POST /empresas
2026-02-19T16:46:40: [INFO 2026-02-19T19:46:40.777Z] GET /empresas
2026-02-19T16:46:40: [INFO 2026-02-19T19:46:40.785Z] GET /empresas
2026-02-19T16:46:41: [INFO 2026-02-19T19:46:41.268Z] GET /empresas/
2026-02-19T16:46:41: [INFO 2026-02-19T19:46:41.268Z] GET /empresas/
2026-02-19T16:46:45: [INFO 2026-02-19T19:46:45.497Z] GET /empresas
2026-02-19T16:46:45: [INFO 2026-02-19T19:46:45.524Z] GET /empresas/
2026-02-19T16:47:44: [INFO 2026-02-19T19:47:44.529Z] POST /empresas
2026-02-19T16:47:44: [INFO 2026-02-19T19:47:44.555Z] GET /empresas
2026-02-19T16:47:44: [INFO 2026-02-19T19:47:44.556Z] GET /empresas
2026-02-19T16:47:45: [INFO 2026-02-19T19:47:45.038Z] GET /empresas/
2026-02-19T16:47:45: [INFO 2026-02-19T19:47:45.039Z] GET /empresas/
2026-02-19T16:47:49: [INFO 2026-02-19T19:47:49.318Z] GET /empresas
2026-02-19T16:47:49: [INFO 2026-02-19T19:47:49.344Z] GET /empresas/
2026-02-19T16:48:50: [INFO 2026-02-19T19:48:50.209Z] POST /empresas
2026-02-19T16:48:50: [INFO 2026-02-19T19:48:50.237Z] GET /empresas
2026-02-19T16:48:50: [INFO 2026-02-19T19:48:50.241Z] GET /empresas
2026-02-19T16:48:50: [INFO 2026-02-19T19:48:50.758Z] GET /empresas/
2026-02-19T16:48:50: [INFO 2026-02-19T19:48:50.759Z] GET /empresas/
2026-02-19T16:48:55: [INFO 2026-02-19T19:48:55.175Z] GET /empresas
2026-02-19T16:48:55: [INFO 2026-02-19T19:48:55.182Z] GET /empresas/
2026-02-19T16:49:49: [INFO 2026-02-19T19:49:49.398Z] POST /empresas
2026-02-19T16:49:49: [INFO 2026-02-19T19:49:49.425Z] GET /empresas
2026-02-19T16:49:49: [INFO 2026-02-19T19:49:49.427Z] GET /empresas
2026-02-19T16:49:49: [INFO 2026-02-19T19:49:49.580Z] GET /empresas/
2026-02-19T16:49:49: [INFO 2026-02-19T19:49:49.581Z] GET /empresas/
2026-02-19T16:49:54: [INFO 2026-02-19T19:49:54.254Z] GET /empresas
2026-02-19T16:49:54: [INFO 2026-02-19T19:49:54.280Z] GET /empresas/
2026-02-19T16:55:03: [INFO 2026-02-19T19:55:03.784Z] GET /empresas
2026-02-19T16:55:04: [INFO 2026-02-19T19:55:04.285Z] GET /empresas/
2026-02-19T16:56:57: [INFO 2026-02-19T19:56:57.898Z] GET /empresas
2026-02-19T16:56:57: [INFO 2026-02-19T19:56:57.937Z] GET /empresas/
2026-02-19T16:57:53: [INFO 2026-02-19T19:57:53.541Z] POST /empresas
2026-02-19T16:57:53: [INFO 2026-02-19T19:57:53.571Z] GET /empresas
2026-02-19T16:57:53: [INFO 2026-02-19T19:57:53.573Z] GET /empresas
2026-02-19T16:57:54: [INFO 2026-02-19T19:57:54.074Z] GET /empresas/
2026-02-19T16:57:54: [INFO 2026-02-19T19:57:54.075Z] GET /empresas/
2026-02-19T16:57:58: [INFO 2026-02-19T19:57:58.584Z] GET /empresas
2026-02-19T16:57:58: [INFO 2026-02-19T19:57:58.610Z] GET /empresas/
2026-02-19T16:58:56: [INFO 2026-02-19T19:58:56.533Z] POST /empresas
2026-02-19T16:58:56: [INFO 2026-02-19T19:58:56.559Z] GET /empresas
2026-02-19T16:58:56: [INFO 2026-02-19T19:58:56.559Z] GET /empresas
2026-02-19T16:58:57: [INFO 2026-02-19T19:58:57.059Z] GET /empresas/
2026-02-19T16:58:57: [INFO 2026-02-19T19:58:57.062Z] GET /empresas/
2026-02-19T16:59:01: [INFO 2026-02-19T19:59:01.536Z] GET /empresas
2026-02-19T16:59:01: [INFO 2026-02-19T19:59:01.566Z] GET /empresas/
2026-02-19T17:00:06: [INFO 2026-02-19T20:00:06.378Z] POST /empresas
2026-02-19T17:00:06: [INFO 2026-02-19T20:00:06.410Z] GET /empresas
2026-02-19T17:00:06: [INFO 2026-02-19T20:00:06.410Z] GET /empresas
2026-02-19T17:00:06: [INFO 2026-02-19T20:00:06.906Z] GET /empresas/
2026-02-19T17:00:06: [INFO 2026-02-19T20:00:06.908Z] GET /empresas/
2026-02-19T17:00:11: [INFO 2026-02-19T20:00:11.452Z] GET /empresas
2026-02-19T17:00:11: [INFO 2026-02-19T20:00:11.468Z] GET /empresas/
2026-02-19T17:01:09: [INFO 2026-02-19T20:01:09.568Z] POST /empresas
2026-02-19T17:01:09: [INFO 2026-02-19T20:01:09.596Z] GET /empresas
2026-02-19T17:01:09: [INFO 2026-02-19T20:01:09.597Z] GET /empresas
2026-02-19T17:01:10: [INFO 2026-02-19T20:01:10.098Z] GET /empresas/
2026-02-19T17:01:10: [INFO 2026-02-19T20:01:10.100Z] GET /empresas/
2026-02-19T17:01:14: [INFO 2026-02-19T20:01:14.629Z] GET /empresas
2026-02-19T17:01:14: [INFO 2026-02-19T20:01:14.638Z] GET /empresas/
2026-02-19T17:02:14: [INFO 2026-02-19T20:02:14.978Z] POST /empresas
2026-02-19T17:02:14: [INFO 2026-02-19T20:02:14.998Z] GET /empresas
2026-02-19T17:02:15: [INFO 2026-02-19T20:02:15.002Z] GET /empresas
2026-02-19T17:02:15: [INFO 2026-02-19T20:02:15.509Z] GET /empresas/
2026-02-19T17:02:15: [INFO 2026-02-19T20:02:15.511Z] GET /empresas/
2026-02-19T17:02:20: [INFO 2026-02-19T20:02:20.066Z] GET /empresas
2026-02-19T17:02:20: [INFO 2026-02-19T20:02:20.094Z] GET /empresas/
2026-02-19T17:03:27: [INFO 2026-02-19T20:03:27.770Z] POST /empresas
2026-02-19T17:03:27: [INFO 2026-02-19T20:03:27.817Z] GET /empresas
2026-02-19T17:03:27: [INFO 2026-02-19T20:03:27.820Z] GET /empresas
2026-02-19T17:03:28: [INFO 2026-02-19T20:03:28.312Z] GET /empresas/
2026-02-19T17:03:28: [INFO 2026-02-19T20:03:28.313Z] GET /empresas/
2026-02-19T17:03:32: [INFO 2026-02-19T20:03:32.937Z] GET /empresas
2026-02-19T17:03:32: [INFO 2026-02-19T20:03:32.964Z] GET /empresas/
2026-02-19T17:04:40: [INFO 2026-02-19T20:04:40.457Z] POST /empresas
2026-02-19T17:04:40: [INFO 2026-02-19T20:04:40.479Z] GET /empresas
2026-02-19T17:04:40: [INFO 2026-02-19T20:04:40.480Z] GET /empresas
2026-02-19T17:04:40: [INFO 2026-02-19T20:04:40.996Z] GET /empresas/
2026-02-19T17:04:40: [INFO 2026-02-19T20:04:40.999Z] GET /empresas/
2026-02-19T17:04:45: [INFO 2026-02-19T20:04:45.578Z] GET /empresas
2026-02-19T17:04:45: [INFO 2026-02-19T20:04:45.615Z] GET /empresas/
2026-02-19T17:05:43: [INFO 2026-02-19T20:05:43.923Z] POST /empresas
2026-02-19T17:05:43: [INFO 2026-02-19T20:05:43.952Z] GET /empresas
2026-02-19T17:05:43: [INFO 2026-02-19T20:05:43.954Z] GET /empresas
2026-02-19T17:05:44: [INFO 2026-02-19T20:05:44.454Z] GET /empresas/
2026-02-19T17:05:44: [INFO 2026-02-19T20:05:44.455Z] GET /empresas/
2026-02-19T17:06:03: [INFO 2026-02-19T20:06:03.977Z] POST /auth/login
2026-02-19T17:06:10: [INFO 2026-02-19T20:06:10.034Z] GET /empresas
2026-02-19T17:06:10: [INFO 2026-02-19T20:06:10.047Z] GET /empresas/
2026-02-19T17:06:53: [INFO 2026-02-19T20:06:53.051Z] POST /empresas
2026-02-19T17:06:53: [INFO 2026-02-19T20:06:53.080Z] GET /empresas
2026-02-19T17:06:53: [INFO 2026-02-19T20:06:53.086Z] GET /empresas
2026-02-19T17:06:53: [INFO 2026-02-19T20:06:53.638Z] GET /empresas/
2026-02-19T17:06:53: [INFO 2026-02-19T20:06:53.640Z] GET /empresas/
2026-02-19T17:06:58: [INFO 2026-02-19T20:06:58.663Z] GET /empresas
2026-02-19T17:06:58: [INFO 2026-02-19T20:06:58.674Z] GET /empresas/
2026-02-19T17:07:59: [INFO 2026-02-19T20:07:59.380Z] POST /empresas
2026-02-19T17:07:59: [INFO 2026-02-19T20:07:59.409Z] GET /empresas
2026-02-19T17:07:59: [INFO 2026-02-19T20:07:59.416Z] GET /empresas
2026-02-19T17:07:59: [INFO 2026-02-19T20:07:59.565Z] GET /empresas/
2026-02-19T17:07:59: [INFO 2026-02-19T20:07:59.565Z] GET /empresas/
2026-02-19T17:08:04: [INFO 2026-02-19T20:08:04.636Z] GET /empresas
2026-02-19T17:08:04: [INFO 2026-02-19T20:08:04.664Z] GET /empresas/
2026-02-19T17:09:05: [INFO 2026-02-19T20:09:05.866Z] POST /empresas
2026-02-19T17:09:05: [INFO 2026-02-19T20:09:05.891Z] GET /empresas
2026-02-19T17:09:05: [INFO 2026-02-19T20:09:05.893Z] GET /empresas
2026-02-19T17:09:06: [INFO 2026-02-19T20:09:06.399Z] GET /empresas/
2026-02-19T17:09:06: [INFO 2026-02-19T20:09:06.399Z] GET /empresas/
2026-02-19T17:09:11: [INFO 2026-02-19T20:09:11.242Z] GET /empresas
2026-02-19T17:09:11: [INFO 2026-02-19T20:09:11.269Z] GET /empresas/
2026-02-19T17:10:12: [INFO 2026-02-19T20:10:12.030Z] POST /empresas
2026-02-19T17:10:12: [INFO 2026-02-19T20:10:12.080Z] GET /empresas
2026-02-19T17:10:12: [INFO 2026-02-19T20:10:12.084Z] GET /empresas
2026-02-19T17:10:12: [INFO 2026-02-19T20:10:12.602Z] GET /empresas/
2026-02-19T17:10:12: [INFO 2026-02-19T20:10:12.605Z] GET /empresas/
2026-02-19T17:10:17: [INFO 2026-02-19T20:10:17.409Z] GET /empresas
2026-02-19T17:10:17: [INFO 2026-02-19T20:10:17.422Z] GET /empresas/
2026-02-19T17:11:11: [INFO 2026-02-19T20:11:11.507Z] POST /empresas
2026-02-19T17:11:11: [INFO 2026-02-19T20:11:11.530Z] GET /empresas
2026-02-19T17:11:11: [INFO 2026-02-19T20:11:11.532Z] GET /empresas
2026-02-19T17:11:12: [INFO 2026-02-19T20:11:12.051Z] GET /empresas/
2026-02-19T17:11:12: [INFO 2026-02-19T20:11:12.053Z] GET /empresas/
2026-02-19T17:11:16: [INFO 2026-02-19T20:11:16.877Z] GET /empresas
2026-02-19T17:11:16: [INFO 2026-02-19T20:11:16.894Z] GET /empresas/
2026-02-19T17:12:11: [INFO 2026-02-19T20:12:11.062Z] POST /empresas
2026-02-19T17:12:11: [INFO 2026-02-19T20:12:11.087Z] GET /empresas
2026-02-19T17:12:11: [INFO 2026-02-19T20:12:11.093Z] GET /empresas
2026-02-19T17:12:11: [INFO 2026-02-19T20:12:11.604Z] GET /empresas/
2026-02-19T17:12:11: [INFO 2026-02-19T20:12:11.607Z] GET /empresas/
2026-02-19T17:12:16: [INFO 2026-02-19T20:12:16.484Z] GET /empresas
2026-02-19T17:12:16: [INFO 2026-02-19T20:12:16.509Z] GET /empresas/
2026-02-19T17:13:17: [INFO 2026-02-19T20:13:17.444Z] POST /empresas
2026-02-19T17:13:17: [INFO 2026-02-19T20:13:17.470Z] GET /empresas
2026-02-19T17:13:17: [INFO 2026-02-19T20:13:17.472Z] GET /empresas
2026-02-19T17:13:17: [INFO 2026-02-19T20:13:17.633Z] GET /empresas/
2026-02-19T17:13:17: [INFO 2026-02-19T20:13:17.634Z] GET /empresas/
2026-02-19T17:13:22: [INFO 2026-02-19T20:13:22.865Z] GET /empresas
2026-02-19T17:13:22: [INFO 2026-02-19T20:13:22.891Z] GET /empresas/
2026-02-19T17:14:16: [INFO 2026-02-19T20:14:16.570Z] POST /empresas
2026-02-19T17:14:16: [INFO 2026-02-19T20:14:16.597Z] GET /empresas
2026-02-19T17:14:16: [INFO 2026-02-19T20:14:16.599Z] GET /empresas
2026-02-19T17:14:17: [INFO 2026-02-19T20:14:17.119Z] GET /empresas/
2026-02-19T17:14:17: [INFO 2026-02-19T20:14:17.120Z] GET /empresas/
2026-02-19T17:14:22: [INFO 2026-02-19T20:14:22.070Z] GET /empresas
2026-02-19T17:14:22: [INFO 2026-02-19T20:14:22.084Z] GET /empresas/
2026-02-19T17:15:13: [INFO 2026-02-19T20:15:13.252Z] POST /empresas
2026-02-19T17:15:13: [INFO 2026-02-19T20:15:13.285Z] GET /empresas
2026-02-19T17:15:13: [INFO 2026-02-19T20:15:13.287Z] GET /empresas
2026-02-19T17:15:13: [INFO 2026-02-19T20:15:13.827Z] GET /empresas/
2026-02-19T17:15:13: [INFO 2026-02-19T20:15:13.845Z] GET /empresas/
2026-02-19T17:15:18: [INFO 2026-02-19T20:15:18.820Z] GET /empresas
2026-02-19T17:15:18: [INFO 2026-02-19T20:15:18.846Z] GET /empresas/
2026-02-19T17:16:12: [INFO 2026-02-19T20:16:12.961Z] POST /empresas
2026-02-19T17:16:12: [INFO 2026-02-19T20:16:12.983Z] GET /empresas
2026-02-19T17:16:12: [INFO 2026-02-19T20:16:12.986Z] GET /empresas
2026-02-19T17:16:13: [INFO 2026-02-19T20:16:13.510Z] GET /empresas/
2026-02-19T17:16:13: [INFO 2026-02-19T20:16:13.510Z] GET /empresas/
2026-02-19T17:16:18: [INFO 2026-02-19T20:16:18.549Z] GET /empresas
2026-02-19T17:16:18: [INFO 2026-02-19T20:16:18.557Z] GET /empresas/
2026-02-19T17:17:10: [INFO 2026-02-19T20:17:10.280Z] POST /empresas
2026-02-19T17:17:10: [INFO 2026-02-19T20:17:10.301Z] GET /empresas
2026-02-19T17:17:10: [INFO 2026-02-19T20:17:10.306Z] GET /empresas
2026-02-19T17:17:10: [INFO 2026-02-19T20:17:10.840Z] GET /empresas/
2026-02-19T17:17:10: [INFO 2026-02-19T20:17:10.841Z] GET /empresas/
2026-02-19T17:17:15: [INFO 2026-02-19T20:17:15.872Z] GET /empresas
2026-02-19T17:17:15: [INFO 2026-02-19T20:17:15.898Z] GET /empresas/
2026-02-19T17:18:16: [INFO 2026-02-19T20:18:16.642Z] POST /empresas
2026-02-19T17:18:16: [INFO 2026-02-19T20:18:16.674Z] GET /empresas
2026-02-19T17:18:16: [INFO 2026-02-19T20:18:16.679Z] GET /empresas
2026-02-19T17:18:17: [INFO 2026-02-19T20:18:17.213Z] GET /empresas/
2026-02-19T17:18:17: [INFO 2026-02-19T20:18:17.214Z] GET /empresas/
2026-02-19T17:18:22: [INFO 2026-02-19T20:18:22.320Z] GET /empresas
2026-02-19T17:18:22: [INFO 2026-02-19T20:18:22.356Z] GET /empresas/
2026-02-19T17:19:16: [INFO 2026-02-19T20:19:16.453Z] POST /empresas
2026-02-19T17:19:16: [INFO 2026-02-19T20:19:16.475Z] GET /empresas
2026-02-19T17:19:16: [INFO 2026-02-19T20:19:16.482Z] GET /empresas
2026-02-19T17:19:16: [INFO 2026-02-19T20:19:16.644Z] GET /empresas/
2026-02-19T17:19:16: [INFO 2026-02-19T20:19:16.652Z] GET /empresas/
2026-02-19T17:19:22: [INFO 2026-02-19T20:19:22.160Z] GET /empresas
2026-02-19T17:19:22: [INFO 2026-02-19T20:19:22.169Z] GET /empresas/
2026-02-19T17:20:20: [INFO 2026-02-19T20:20:20.409Z] POST /empresas
2026-02-19T17:20:20: [INFO 2026-02-19T20:20:20.440Z] GET /empresas
2026-02-19T17:20:20: [INFO 2026-02-19T20:20:20.443Z] GET /empresas
2026-02-19T17:20:20: [INFO 2026-02-19T20:20:20.601Z] GET /empresas/
2026-02-19T17:20:20: [INFO 2026-02-19T20:20:20.601Z] GET /empresas/
2026-02-19T17:20:26: [INFO 2026-02-19T20:20:26.121Z] GET /empresas
2026-02-19T17:20:26: [INFO 2026-02-19T20:20:26.150Z] GET /empresas/
2026-02-19T17:21:19: [INFO 2026-02-19T20:21:19.918Z] POST /empresas
2026-02-19T17:21:19: [INFO 2026-02-19T20:21:19.947Z] GET /empresas
2026-02-19T17:21:19: [INFO 2026-02-19T20:21:19.953Z] GET /empresas
2026-02-19T17:21:20: [INFO 2026-02-19T20:21:20.117Z] GET /empresas/
2026-02-19T17:21:20: [INFO 2026-02-19T20:21:20.132Z] GET /empresas/
2026-02-19T17:21:25: [INFO 2026-02-19T20:21:25.745Z] GET /empresas
2026-02-19T17:21:25: [INFO 2026-02-19T20:21:25.783Z] GET /empresas/
2026-02-19T17:22:19: [INFO 2026-02-19T20:22:19.594Z] POST /empresas
2026-02-19T17:22:19: [INFO 2026-02-19T20:22:19.623Z] GET /empresas
2026-02-19T17:22:19: [INFO 2026-02-19T20:22:19.625Z] GET /empresas
2026-02-19T17:22:20: [INFO 2026-02-19T20:22:20.168Z] GET /empresas/
2026-02-19T17:22:20: [INFO 2026-02-19T20:22:20.176Z] GET /empresas/
2026-02-19T17:22:25: [INFO 2026-02-19T20:22:25.426Z] GET /empresas
2026-02-19T17:22:25: [INFO 2026-02-19T20:22:25.462Z] GET /empresas/
2026-02-19T17:23:19: [INFO 2026-02-19T20:23:19.021Z] POST /empresas
2026-02-19T17:23:19: [INFO 2026-02-19T20:23:19.046Z] GET /empresas
2026-02-19T17:23:19: [INFO 2026-02-19T20:23:19.049Z] GET /empresas
2026-02-19T17:23:19: [INFO 2026-02-19T20:23:19.586Z] GET /empresas/
2026-02-19T17:23:19: [INFO 2026-02-19T20:23:19.587Z] GET /empresas/
2026-02-19T17:23:24: [INFO 2026-02-19T20:23:24.862Z] GET /empresas
2026-02-19T17:23:24: [INFO 2026-02-19T20:23:24.890Z] GET /empresas/
2026-02-19T17:24:16: [INFO 2026-02-19T20:24:16.488Z] POST /empresas
2026-02-19T17:24:16: [INFO 2026-02-19T20:24:16.514Z] GET /empresas
2026-02-19T17:24:16: [INFO 2026-02-19T20:24:16.523Z] GET /empresas
2026-02-19T17:24:17: [INFO 2026-02-19T20:24:17.085Z] GET /empresas/
2026-02-19T17:24:17: [INFO 2026-02-19T20:24:17.085Z] GET /empresas/
2026-02-19T17:24:23: [INFO 2026-02-19T20:24:23.128Z] GET /empresas
2026-02-19T17:24:23: [INFO 2026-02-19T20:24:23.137Z] GET /empresas/
2026-02-19T17:25:13: [INFO 2026-02-19T20:25:13.358Z] POST /empresas
2026-02-19T17:25:13: [INFO 2026-02-19T20:25:13.389Z] GET /empresas
2026-02-19T17:25:13: [INFO 2026-02-19T20:25:13.395Z] GET /empresas
2026-02-19T17:25:13: [INFO 2026-02-19T20:25:13.948Z] GET /empresas/
2026-02-19T17:25:13: [INFO 2026-02-19T20:25:13.951Z] GET /empresas/
2026-02-19T17:25:19: [INFO 2026-02-19T20:25:19.306Z] GET /empresas
2026-02-19T17:25:19: [INFO 2026-02-19T20:25:19.313Z] GET /empresas/
2026-02-19T17:26:12: [INFO 2026-02-19T20:26:12.946Z] POST /empresas
2026-02-19T17:26:12: [INFO 2026-02-19T20:26:12.969Z] GET /empresas
2026-02-19T17:26:12: [INFO 2026-02-19T20:26:12.972Z] GET /empresas
2026-02-19T17:26:13: [INFO 2026-02-19T20:26:13.526Z] GET /empresas/
2026-02-19T17:26:13: [INFO 2026-02-19T20:26:13.529Z] GET /empresas/
2026-02-19T17:26:18: [INFO 2026-02-19T20:26:18.891Z] GET /empresas
2026-02-19T17:26:18: [INFO 2026-02-19T20:26:18.920Z] GET /empresas/
2026-02-19T17:27:12: [INFO 2026-02-19T20:27:12.303Z] POST /empresas
2026-02-19T17:27:12: [INFO 2026-02-19T20:27:12.326Z] GET /empresas
2026-02-19T17:27:12: [INFO 2026-02-19T20:27:12.327Z] GET /empresas
2026-02-19T17:27:12: [INFO 2026-02-19T20:27:12.880Z] GET /empresas/
2026-02-19T17:27:12: [INFO 2026-02-19T20:27:12.881Z] GET /empresas/
2026-02-19T17:27:18: [INFO 2026-02-19T20:27:18.310Z] GET /empresas
2026-02-19T17:27:18: [INFO 2026-02-19T20:27:18.340Z] GET /empresas/
2026-02-19T17:28:09: [INFO 2026-02-19T20:28:09.203Z] POST /empresas
2026-02-19T17:28:09: [INFO 2026-02-19T20:28:09.235Z] GET /empresas
2026-02-19T17:28:09: [INFO 2026-02-19T20:28:09.249Z] GET /empresas
2026-02-19T17:28:09: [INFO 2026-02-19T20:28:09.802Z] GET /empresas/
2026-02-19T17:28:09: [INFO 2026-02-19T20:28:09.802Z] GET /empresas/
2026-02-19T17:28:15: [INFO 2026-02-19T20:28:15.279Z] GET /empresas
2026-02-19T17:28:15: [INFO 2026-02-19T20:28:15.307Z] GET /empresas/
2026-02-19T17:29:13: [INFO 2026-02-19T20:29:13.110Z] POST /empresas
2026-02-19T17:29:13: [INFO 2026-02-19T20:29:13.140Z] GET /empresas
2026-02-19T17:29:13: [INFO 2026-02-19T20:29:13.141Z] GET /empresas
2026-02-19T17:29:13: [INFO 2026-02-19T20:29:13.689Z] GET /empresas/
2026-02-19T17:29:13: [INFO 2026-02-19T20:29:13.690Z] GET /empresas/
2026-02-19T17:29:19: [INFO 2026-02-19T20:29:19.262Z] GET /empresas
2026-02-19T17:29:19: [INFO 2026-02-19T20:29:19.276Z] GET /empresas/
2026-02-19T17:30:19: [INFO 2026-02-19T20:30:19.394Z] POST /empresas
2026-02-19T17:30:19: [INFO 2026-02-19T20:30:19.412Z] GET /empresas
2026-02-19T17:30:19: [INFO 2026-02-19T20:30:19.419Z] GET /empresas
2026-02-19T17:30:19: [INFO 2026-02-19T20:30:19.973Z] GET /empresas/
2026-02-19T17:30:19: [INFO 2026-02-19T20:30:19.973Z] GET /empresas/
2026-02-19T17:30:25: [INFO 2026-02-19T20:30:25.471Z] GET /empresas
2026-02-19T17:30:25: [INFO 2026-02-19T20:30:25.500Z] GET /empresas/
2026-02-19T17:31:26: [INFO 2026-02-19T20:31:26.027Z] POST /empresas
2026-02-19T17:31:26: [INFO 2026-02-19T20:31:26.056Z] GET /empresas
2026-02-19T17:31:26: [INFO 2026-02-19T20:31:26.060Z] GET /empresas
2026-02-19T17:31:26: [INFO 2026-02-19T20:31:26.605Z] GET /empresas/
2026-02-19T17:31:26: [INFO 2026-02-19T20:31:26.606Z] GET /empresas/
2026-02-19T17:31:32: [INFO 2026-02-19T20:31:32.189Z] GET /empresas
2026-02-19T17:31:32: [INFO 2026-02-19T20:31:32.199Z] GET /empresas/
2026-02-19T17:32:32: [INFO 2026-02-19T20:32:32.356Z] POST /empresas
2026-02-19T17:32:32: [INFO 2026-02-19T20:32:32.381Z] GET /empresas
2026-02-19T17:32:32: [INFO 2026-02-19T20:32:32.385Z] GET /empresas
2026-02-19T17:32:32: [INFO 2026-02-19T20:32:32.939Z] GET /empresas/
2026-02-19T17:32:32: [INFO 2026-02-19T20:32:32.940Z] GET /empresas/
2026-02-19T17:32:38: [INFO 2026-02-19T20:32:38.565Z] GET /empresas
2026-02-19T17:32:38: [INFO 2026-02-19T20:32:38.577Z] GET /empresas/
2026-02-19T17:33:31: [INFO 2026-02-19T20:33:31.822Z] POST /empresas
2026-02-19T17:33:31: [INFO 2026-02-19T20:33:31.877Z] GET /empresas
2026-02-19T17:33:31: [INFO 2026-02-19T20:33:31.879Z] GET /empresas
2026-02-19T17:33:32: [INFO 2026-02-19T20:33:32.450Z] GET /empresas/
2026-02-19T17:33:32: [INFO 2026-02-19T20:33:32.450Z] GET /empresas/
2026-02-19T17:33:38: [INFO 2026-02-19T20:33:38.125Z] GET /empresas
2026-02-19T17:33:38: [INFO 2026-02-19T20:33:38.141Z] GET /empresas/
2026-02-19T17:34:31: [INFO 2026-02-19T20:34:31.524Z] POST /empresas
2026-02-19T17:34:31: [INFO 2026-02-19T20:34:31.549Z] GET /empresas
2026-02-19T17:34:31: [INFO 2026-02-19T20:34:31.553Z] GET /empresas
2026-02-19T17:34:32: [INFO 2026-02-19T20:34:32.108Z] GET /empresas/
2026-02-19T17:34:32: [INFO 2026-02-19T20:34:32.109Z] GET /empresas/
2026-02-19T17:34:37: [INFO 2026-02-19T20:34:37.766Z] GET /empresas
2026-02-19T17:34:37: [INFO 2026-02-19T20:34:37.793Z] GET /empresas/
2026-02-19T17:35:30: [INFO 2026-02-19T20:35:30.749Z] POST /empresas
2026-02-19T17:35:30: [INFO 2026-02-19T20:35:30.777Z] GET /empresas
2026-02-19T17:35:30: [INFO 2026-02-19T20:35:30.783Z] GET /empresas
2026-02-19T17:35:31: [INFO 2026-02-19T20:35:31.343Z] GET /empresas/
2026-02-19T17:35:31: [INFO 2026-02-19T20:35:31.345Z] GET /empresas/
2026-02-19T17:35:37: [INFO 2026-02-19T20:35:37.059Z] GET /empresas
2026-02-19T17:35:37: [INFO 2026-02-19T20:35:37.084Z] GET /empresas/
2026-02-19T17:36:37: [INFO 2026-02-19T20:36:37.047Z] POST /empresas
2026-02-19T17:36:37: [INFO 2026-02-19T20:36:37.071Z] GET /empresas
2026-02-19T17:36:37: [INFO 2026-02-19T20:36:37.072Z] GET /empresas
2026-02-19T17:36:37: [INFO 2026-02-19T20:36:37.631Z] GET /empresas/
2026-02-19T17:36:37: [INFO 2026-02-19T20:36:37.632Z] GET /empresas/
2026-02-19T17:36:43: [INFO 2026-02-19T20:36:43.392Z] GET /empresas
2026-02-19T17:36:56: [INFO 2026-02-19T20:36:56.867Z] POST /auth/login
2026-02-19T17:37:02: [INFO 2026-02-19T20:37:02.854Z] GET /empresas
2026-02-19T17:37:02: [INFO 2026-02-19T20:37:02.880Z] GET /empresas/
2026-02-19T17:37:56: [INFO 2026-02-19T20:37:56.355Z] POST /empresas
2026-02-19T17:37:56: [INFO 2026-02-19T20:37:56.377Z] GET /empresas
2026-02-19T17:37:56: [INFO 2026-02-19T20:37:56.377Z] GET /empresas
2026-02-19T17:37:56: [INFO 2026-02-19T20:37:56.988Z] GET /empresas/
2026-02-19T17:37:56: [INFO 2026-02-19T20:37:56.990Z] GET /empresas/
2026-02-19T17:38:03: [INFO 2026-02-19T20:38:03.458Z] GET /empresas
2026-02-19T17:38:03: [INFO 2026-02-19T20:38:03.485Z] GET /empresas/
2026-02-19T17:38:55: [INFO 2026-02-19T20:38:55.729Z] POST /empresas
2026-02-19T17:38:55: [INFO 2026-02-19T20:38:55.749Z] GET /empresas
2026-02-19T17:38:55: [INFO 2026-02-19T20:38:55.750Z] GET /empresas
2026-02-19T17:38:56: [INFO 2026-02-19T20:38:56.318Z] GET /empresas/
2026-02-19T17:38:56: [INFO 2026-02-19T20:38:56.319Z] GET /empresas/
2026-02-19T17:39:02: [INFO 2026-02-19T20:39:02.160Z] GET /empresas
2026-02-19T17:39:02: [INFO 2026-02-19T20:39:02.187Z] GET /empresas/
2026-02-19T17:39:55: [INFO 2026-02-19T20:39:55.058Z] POST /empresas
2026-02-19T17:39:56: [INFO 2026-02-19T20:39:56.709Z] GET /empresas
2026-02-19T17:39:56: [INFO 2026-02-19T20:39:56.758Z] GET /empresas/
2026-02-19T17:41:01: [INFO 2026-02-19T20:41:01.172Z] POST /empresas
2026-02-19T17:41:01: [INFO 2026-02-19T20:41:01.199Z] GET /empresas
2026-02-19T17:41:01: [INFO 2026-02-19T20:41:01.204Z] GET /empresas
2026-02-19T17:41:01: [INFO 2026-02-19T20:41:01.772Z] GET /empresas/
2026-02-19T17:41:01: [INFO 2026-02-19T20:41:01.777Z] GET /empresas/
2026-02-19T17:41:07: [INFO 2026-02-19T20:41:07.713Z] GET /empresas
2026-02-19T17:41:07: [INFO 2026-02-19T20:41:07.722Z] GET /empresas/
2026-02-19T17:42:07: [INFO 2026-02-19T20:42:07.475Z] POST /empresas
2026-02-19T17:42:07: [INFO 2026-02-19T20:42:07.501Z] GET /empresas
2026-02-19T17:42:07: [INFO 2026-02-19T20:42:07.502Z] GET /empresas
2026-02-19T17:42:08: [INFO 2026-02-19T20:42:08.083Z] GET /empresas/
2026-02-19T17:42:08: [INFO 2026-02-19T20:42:08.089Z] GET /empresas/
2026-02-19T17:42:14: [INFO 2026-02-19T20:42:14.311Z] GET /empresas
2026-02-19T17:42:14: [INFO 2026-02-19T20:42:14.339Z] GET /empresas/
2026-02-19T17:43:14: [INFO 2026-02-19T20:43:14.242Z] POST /empresas
2026-02-19T17:43:14: [INFO 2026-02-19T20:43:14.266Z] GET /empresas
2026-02-19T17:43:14: [INFO 2026-02-19T20:43:14.271Z] GET /empresas
2026-02-19T17:43:14: [INFO 2026-02-19T20:43:14.852Z] GET /empresas/
2026-02-19T17:43:14: [INFO 2026-02-19T20:43:14.859Z] GET /empresas/
2026-02-19T17:43:21: [INFO 2026-02-19T20:43:21.200Z] GET /empresas
2026-02-19T17:43:21: [INFO 2026-02-19T20:43:21.307Z] GET /empresas/
2026-02-19T17:44:20: [INFO 2026-02-19T20:44:20.558Z] POST /empresas
2026-02-19T17:44:20: [INFO 2026-02-19T20:44:20.589Z] GET /empresas
2026-02-19T17:44:20: [INFO 2026-02-19T20:44:20.597Z] GET /empresas
2026-02-19T17:44:21: [INFO 2026-02-19T20:44:21.166Z] GET /empresas/
2026-02-19T17:44:21: [INFO 2026-02-19T20:44:21.167Z] GET /empresas/
2026-02-19T17:44:27: [INFO 2026-02-19T20:44:27.517Z] GET /empresas
2026-02-19T17:44:27: [INFO 2026-02-19T20:44:27.622Z] GET /empresas/
2026-02-19T17:45:24: [INFO 2026-02-19T20:45:24.580Z] POST /empresas
2026-02-19T17:45:24: [INFO 2026-02-19T20:45:24.598Z] GET /empresas
2026-02-19T17:45:24: [INFO 2026-02-19T20:45:24.604Z] GET /empresas
2026-02-19T17:45:25: [INFO 2026-02-19T20:45:25.180Z] GET /empresas/
2026-02-19T17:45:25: [INFO 2026-02-19T20:45:25.181Z] GET /empresas/
2026-02-19T17:45:31: [INFO 2026-02-19T20:45:31.670Z] GET /empresas
2026-02-19T17:45:31: [INFO 2026-02-19T20:45:31.720Z] GET /empresas/
2026-02-19T17:46:31: [INFO 2026-02-19T20:46:31.345Z] POST /empresas
2026-02-19T17:46:31: [INFO 2026-02-19T20:46:31.370Z] GET /empresas
2026-02-19T17:46:31: [INFO 2026-02-19T20:46:31.373Z] GET /empresas
2026-02-19T17:46:31: [INFO 2026-02-19T20:46:31.966Z] GET /empresas/
2026-02-19T17:46:31: [INFO 2026-02-19T20:46:31.966Z] GET /empresas/
2026-02-19T17:46:38: [INFO 2026-02-19T20:46:38.554Z] GET /empresas
2026-02-19T17:46:38: [INFO 2026-02-19T20:46:38.585Z] GET /empresas/
2026-02-19T17:47:37: [INFO 2026-02-19T20:47:37.870Z] POST /empresas
2026-02-19T17:47:37: [INFO 2026-02-19T20:47:37.903Z] GET /empresas
2026-02-19T17:47:37: [INFO 2026-02-19T20:47:37.904Z] GET /empresas
2026-02-19T17:47:38: [INFO 2026-02-19T20:47:38.492Z] GET /empresas/
2026-02-19T17:47:38: [INFO 2026-02-19T20:47:38.493Z] GET /empresas/
2026-02-19T17:47:45: [INFO 2026-02-19T20:47:45.685Z] GET /empresas
2026-02-19T17:47:45: [INFO 2026-02-19T20:47:45.698Z] GET /empresas/
2026-02-19T17:48:44: [INFO 2026-02-19T20:48:44.565Z] POST /empresas
2026-02-19T17:48:44: [INFO 2026-02-19T20:48:44.595Z] GET /empresas
2026-02-19T17:48:44: [INFO 2026-02-19T20:48:44.601Z] GET /empresas
2026-02-19T17:48:45: [INFO 2026-02-19T20:48:45.192Z] GET /empresas/
2026-02-19T17:48:45: [INFO 2026-02-19T20:48:45.193Z] GET /empresas/
2026-02-19T17:48:52: [INFO 2026-02-19T20:48:51.756Z] GET /empresas
2026-02-19T17:48:52: [INFO 2026-02-19T20:48:52.028Z] GET /empresas/
2026-02-19T17:49:51: [INFO 2026-02-19T20:49:51.447Z] POST /empresas
2026-02-19T17:49:51: [INFO 2026-02-19T20:49:51.480Z] GET /empresas
2026-02-19T17:49:51: [INFO 2026-02-19T20:49:51.497Z] GET /empresas
2026-02-19T17:49:52: [INFO 2026-02-19T20:49:52.093Z] GET /empresas/
2026-02-19T17:49:52: [INFO 2026-02-19T20:49:52.095Z] GET /empresas/
2026-02-19T17:49:59: [INFO 2026-02-19T20:49:59.240Z] GET /empresas
2026-02-19T17:49:59: [INFO 2026-02-19T20:49:59.254Z] GET /empresas/
2026-02-19T17:57:43: [INFO 2026-02-19T20:57:43.016Z] GET /empresas
2026-02-19T17:57:43: [INFO 2026-02-19T20:57:43.070Z] GET /empresas/
2026-02-19T17:59:00: [INFO 2026-02-19T20:59:00.070Z] POST /empresas
2026-02-19T17:59:00: [INFO 2026-02-19T20:59:00.265Z] GET /empresas
2026-02-19T17:59:00: [INFO 2026-02-19T20:59:00.272Z] GET /empresas
2026-02-19T17:59:00: [INFO 2026-02-19T20:59:00.895Z] GET /empresas/
2026-02-19T17:59:00: [INFO 2026-02-19T20:59:00.896Z] GET /empresas/
2026-02-19T17:59:08: [INFO 2026-02-19T20:59:08.120Z] GET /empresas
2026-02-19T17:59:08: [INFO 2026-02-19T20:59:08.147Z] GET /empresas/
2026-02-19T18:00:02: [INFO 2026-02-19T21:00:02.640Z] GET /empresas
2026-02-19T18:00:02: [INFO 2026-02-19T21:00:02.669Z] GET /empresas/
2026-02-19T18:01:03: [INFO 2026-02-19T21:01:03.205Z] GET /empresas
2026-02-19T18:01:03: [INFO 2026-02-19T21:01:03.231Z] GET /empresas/
2026-02-19T18:02:03: [INFO 2026-02-19T21:02:03.715Z] GET /empresas
2026-02-19T18:02:03: [INFO 2026-02-19T21:02:03.745Z] GET /empresas/
2026-02-19T18:03:04: [INFO 2026-02-19T21:03:04.291Z] GET /empresas
2026-02-19T18:03:04: [INFO 2026-02-19T21:03:04.319Z] GET /empresas/
2026-02-19T18:04:05: [INFO 2026-02-19T21:04:05.069Z] GET /empresas
2026-02-19T18:04:05: [INFO 2026-02-19T21:04:05.100Z] GET /empresas/
2026-02-20T07:51:35: [INFO 2026-02-20T10:51:35.782Z] GET /empresas
2026-02-20T07:51:36: [INFO 2026-02-20T10:51:36.436Z] GET /empresas/
2026-02-20T08:41:33: [INFO 2026-02-20T11:41:33.806Z] POST /auth/login
2026-02-20T08:41:39: [INFO 2026-02-20T11:41:39.768Z] GET /fisica
2026-02-20T08:41:39: [INFO 2026-02-20T11:41:39.797Z] GET /fisica/
2026-02-20T08:41:40: [INFO 2026-02-20T11:41:40.558Z] GET /fisica
2026-02-20T08:41:40: [INFO 2026-02-20T11:41:40.564Z] GET /fisica/
2026-02-20T08:41:41: [INFO 2026-02-20T11:41:41.185Z] GET /fisica
2026-02-20T08:41:41: [INFO 2026-02-20T11:41:41.191Z] GET /fisica/
2026-02-20T08:41:42: [INFO 2026-02-20T11:41:42.029Z] GET /fisica
2026-02-20T08:41:42: [INFO 2026-02-20T11:41:42.040Z] GET /fisica/
2026-02-20T08:41:42: [INFO 2026-02-20T11:41:42.605Z] GET /fisica
2026-02-20T08:41:42: [INFO 2026-02-20T11:41:42.612Z] GET /fisica/
2026-02-20T08:41:43: [INFO 2026-02-20T11:41:43.115Z] GET /fisica
2026-02-20T08:41:43: [INFO 2026-02-20T11:41:43.146Z] GET /fisica/
2026-02-20T08:41:43: [INFO 2026-02-20T11:41:43.546Z] GET /fisica
2026-02-20T08:41:43: [INFO 2026-02-20T11:41:43.566Z] GET /fisica/
2026-02-20T08:41:46: [INFO 2026-02-20T11:41:46.794Z] GET /fisica
2026-02-20T08:41:46: [INFO 2026-02-20T11:41:46.802Z] GET /fisica/
2026-02-20T08:41:47: [INFO 2026-02-20T11:41:47.573Z] GET /fisica
2026-02-20T08:41:47: [INFO 2026-02-20T11:41:47.579Z] GET /fisica/
2026-02-20T08:41:47: [INFO 2026-02-20T11:41:47.958Z] GET /fisica
2026-02-20T08:41:47: [INFO 2026-02-20T11:41:47.966Z] GET /fisica/
2026-02-20T08:42:58: [INFO 2026-02-20T11:42:58.816Z] GET /fisica
2026-02-20T08:42:58: [INFO 2026-02-20T11:42:58.824Z] GET /fisica/
2026-02-20T08:42:59: [INFO 2026-02-20T11:42:59.517Z] GET /fisica
2026-02-20T08:42:59: [INFO 2026-02-20T11:42:59.526Z] GET /fisica/
2026-02-20T09:09:18: [INFO 2026-02-20T12:09:18.663Z] GET /fisica
2026-02-20T09:09:18: [INFO 2026-02-20T12:09:18.676Z] GET /fisica/
2026-02-20T09:12:46: [INFO 2026-02-20T12:12:46.441Z] POST /auth/login
2026-02-20T09:12:52: [INFO 2026-02-20T12:12:52.245Z] GET /fisica
2026-02-20T09:12:52: [INFO 2026-02-20T12:12:52.257Z] GET /fisica/
2026-02-20T09:12:53: [INFO 2026-02-20T12:12:53.132Z] GET /fisica
2026-02-20T09:12:53: [INFO 2026-02-20T12:12:53.139Z] GET /fisica/
2026-02-20T09:12:53: [INFO 2026-02-20T12:12:53.825Z] GET /fisica
2026-02-20T09:12:53: [INFO 2026-02-20T12:12:53.848Z] GET /fisica/
2026-02-20T09:22:29: [INFO 2026-02-20T12:22:29.804Z] GET /fisica
2026-02-20T09:22:29: [INFO 2026-02-20T12:22:29.880Z] GET /fisica/
2026-02-20T09:23:40: [INFO 2026-02-20T12:23:40.877Z] GET /fisica
2026-02-20T09:23:40: [INFO 2026-02-20T12:23:40.913Z] GET /fisica/
2026-02-20T09:23:56: [INFO 2026-02-20T12:23:56.872Z] POST /fisica
2026-02-20T09:23:57: [INFO 2026-02-20T12:23:57.979Z] POST /fisica
2026-02-20T09:23:58: [INFO 2026-02-20T12:23:58.482Z] POST /fisica
2026-02-20T09:23:58: [INFO 2026-02-20T12:23:58.873Z] POST /fisica
2026-02-20T09:24:00: [INFO 2026-02-20T12:24:00.272Z] GET /fisica
2026-02-20T09:24:00: [INFO 2026-02-20T12:24:00.276Z] GET /fisica/
2026-02-20T09:24:01: [INFO 2026-02-20T12:24:01.406Z] GET /fisica
2026-02-20T09:24:01: [INFO 2026-02-20T12:24:01.412Z] GET /fisica/
2026-02-20T09:24:02: [INFO 2026-02-20T12:24:02.022Z] GET /fisica
2026-02-20T09:24:02: [INFO 2026-02-20T12:24:02.029Z] GET /fisica/
2026-02-20T09:24:40: [SUCCESS 2026-02-20T12:24:40.496Z] Servidor rodando na porta 3000
2026-02-20T09:24:40: [SUCCESS 2026-02-20T12:24:40.591Z] MySQL Pool conectado com sucesso
2026-02-20T09:24:44: [INFO 2026-02-20T12:24:44.547Z] GET /fisica
2026-02-20T09:24:44: [INFO 2026-02-20T12:24:44.556Z] GET /fisica/
2026-02-20T09:24:55: [INFO 2026-02-20T12:24:55.688Z] POST /fisica
2026-02-20T09:24:55: [INFO 2026-02-20T12:24:55.738Z] GET /fisica
2026-02-20T09:24:55: [INFO 2026-02-20T12:24:55.744Z] GET /fisica/
2026-02-20T09:24:55: [INFO 2026-02-20T12:24:55.749Z] GET /fisica
2026-02-20T09:24:55: [INFO 2026-02-20T12:24:55.758Z] GET /fisica/
2026-02-20T09:24:59: [INFO 2026-02-20T12:24:59.648Z] GET /fisica
2026-02-20T09:24:59: [INFO 2026-02-20T12:24:59.657Z] GET /fisica/
2026-02-20T09:25:01: [INFO 2026-02-20T12:25:01.176Z] GET /fisica
2026-02-20T09:25:01: [INFO 2026-02-20T12:25:01.182Z] GET /fisica/
2026-02-20T09:25:04: [INFO 2026-02-20T12:25:04.086Z] GET /fisica
2026-02-20T09:25:04: [INFO 2026-02-20T12:25:04.094Z] GET /fisica/
2026-02-20T09:25:06: [INFO 2026-02-20T12:25:06.619Z] DELETE /fisica/1
2026-02-20T09:25:06: [INFO 2026-02-20T12:25:06.649Z] GET /fisica
2026-02-20T09:25:06: [INFO 2026-02-20T12:25:06.816Z] GET /fisica/
2026-02-20T09:26:40: [INFO 2026-02-20T12:26:40.548Z] GET /fisica
2026-02-20T09:26:40: [INFO 2026-02-20T12:26:40.556Z] GET /fisica/
2026-02-20T09:26:42: [INFO 2026-02-20T12:26:42.047Z] GET /fisica
2026-02-20T09:26:42: [INFO 2026-02-20T12:26:42.063Z] GET /fisica/
2026-02-20T09:26:42: [INFO 2026-02-20T12:26:42.822Z] GET /fisica
2026-02-20T09:26:42: [INFO 2026-02-20T12:26:42.828Z] GET /fisica/
2026-02-20T09:26:43: [INFO 2026-02-20T12:26:43.414Z] GET /fisica
2026-02-20T09:26:43: [INFO 2026-02-20T12:26:43.421Z] GET /fisica/
2026-02-20T09:26:47: [INFO 2026-02-20T12:26:47.862Z] GET /empresas
2026-02-20T09:26:48: [INFO 2026-02-20T12:26:48.075Z] GET /empresas/
2026-02-20T09:26:59: [INFO 2026-02-20T12:26:59.300Z] GET /empresas
2026-02-20T09:27:00: [INFO 2026-02-20T12:27:00.001Z] GET /empresas/
2026-02-20T09:27:07: [INFO 2026-02-20T12:27:07.466Z] GET /empresas
2026-02-20T09:27:07: [INFO 2026-02-20T12:27:07.776Z] GET /empresas
2026-02-20T09:27:07: [INFO 2026-02-20T12:27:07.833Z] GET /empresas/
2026-02-20T09:27:07: [INFO 2026-02-20T12:27:07.836Z] GET /empresas/
2026-02-20T09:27:14: [INFO 2026-02-20T12:27:14.375Z] GET /empresas
2026-02-20T09:27:14: [INFO 2026-02-20T12:27:14.452Z] GET /empresas/
2026-02-20T09:34:06: [INFO 2026-02-20T12:34:06.179Z] GET /empresas
2026-02-20T09:34:06: [INFO 2026-02-20T12:34:06.200Z] GET /empresas/
2026-02-20T09:34:37: [INFO 2026-02-20T12:34:37.312Z] GET /empresas
2026-02-20T09:34:37: [INFO 2026-02-20T12:34:37.338Z] GET /empresas/
2026-02-20T09:35:16: [INFO 2026-02-20T12:35:16.631Z] GET /fisica
2026-02-20T09:35:16: [INFO 2026-02-20T12:35:16.652Z] GET /fisica/
2026-02-20T09:50:52: [SUCCESS 2026-02-20T12:50:52.157Z] Servidor rodando na porta 3000
2026-02-20T09:50:52: [SUCCESS 2026-02-20T12:50:52.279Z] MySQL Pool conectado com sucesso
2026-02-20T09:51:03: [INFO 2026-02-20T12:51:03.207Z] POST /auth/login
2026-02-20T09:51:08: [INFO 2026-02-20T12:51:08.594Z] GET /empresas
2026-02-20T09:51:08: [INFO 2026-02-20T12:51:08.647Z] GET /empresas/
2026-02-20T09:54:34: [INFO 2026-02-20T12:54:34.980Z] GET /empresas
2026-02-20T09:54:34: [INFO 2026-02-20T12:54:34.998Z] GET /empresas/
2026-02-20T09:59:46: [INFO 2026-02-20T12:59:46.424Z] GET /empresas
2026-02-20T09:59:46: [INFO 2026-02-20T12:59:46.437Z] GET /empresas/
2026-02-20T10:00:08: [INFO 2026-02-20T13:00:08.005Z] GET /fisica
2026-02-20T10:00:08: [INFO 2026-02-20T13:00:08.018Z] GET /fisica/
2026-02-20T10:00:11: [INFO 2026-02-20T13:00:11.517Z] GET /empresas
2026-02-20T10:00:11: [INFO 2026-02-20T13:00:11.530Z] GET /empresas/
2026-02-20T10:00:46: [INFO 2026-02-20T13:00:46.507Z] GET /empresas
2026-02-20T10:00:46: [INFO 2026-02-20T13:00:46.519Z] GET /empresas/
2026-02-20T10:02:41: [INFO 2026-02-20T13:02:41.185Z] GET /empresas
2026-02-20T10:02:41: [INFO 2026-02-20T13:02:41.201Z] GET /empresas/
2026-02-20T10:13:13: [INFO 2026-02-20T13:13:13.919Z] GET /empresas
2026-02-20T10:13:13: [INFO 2026-02-20T13:13:13.936Z] GET /empresas/
2026-02-20T10:16:06: [INFO 2026-02-20T13:16:06.401Z] GET /empresas
2026-02-20T10:16:06: [INFO 2026-02-20T13:16:06.421Z] GET /empresas/
2026-02-20T10:16:22: [INFO 2026-02-20T13:16:22.384Z] GET /empresas
2026-02-20T10:16:22: [INFO 2026-02-20T13:16:22.404Z] GET /empresas/
2026-02-20T10:17:01: [INFO 2026-02-20T13:17:01.344Z] GET /fisica
2026-02-20T10:17:01: [INFO 2026-02-20T13:17:01.355Z] GET /fisica/
2026-02-20T10:17:10: [INFO 2026-02-20T13:17:10.698Z] GET /empresas
2026-02-20T10:17:10: [INFO 2026-02-20T13:17:10.825Z] GET /empresas/
2026-02-20T10:23:08: [INFO 2026-02-20T13:23:08.722Z] POST /auth/login
2026-02-20T10:23:11: [INFO 2026-02-20T13:23:11.376Z] GET /empresas
2026-02-20T10:23:11: [INFO 2026-02-20T13:23:11.433Z] GET /empresas/
2026-02-20T10:33:29: [INFO 2026-02-20T13:33:29.569Z] GET /empresas
2026-02-20T10:33:29: [INFO 2026-02-20T13:33:29.614Z] GET /empresas/
2026-02-20T10:37:25: [INFO 2026-02-20T13:37:25.787Z] GET /empresas
2026-02-20T10:37:25: [INFO 2026-02-20T13:37:25.802Z] GET /empresas/
2026-02-20T10:38:45: [INFO 2026-02-20T13:38:45.733Z] GET /empresas
2026-02-20T10:38:45: [INFO 2026-02-20T13:38:45.746Z] GET /empresas/
2026-02-20T10:38:57: [INFO 2026-02-20T13:38:57.991Z] GET /empresas
2026-02-20T10:38:58: [INFO 2026-02-20T13:38:58.108Z] GET /empresas/
2026-02-20T10:39:05: [INFO 2026-02-20T13:39:05.277Z] GET /empresas
2026-02-20T10:39:05: [INFO 2026-02-20T13:39:05.899Z] GET /empresas/
2026-02-20T10:39:18: [INFO 2026-02-20T13:39:18.687Z] GET /empresas
2026-02-20T10:39:18: [INFO 2026-02-20T13:39:18.735Z] GET /empresas/
2026-02-20T10:39:46: [INFO 2026-02-20T13:39:46.483Z] GET /empresas
2026-02-20T10:39:46: [INFO 2026-02-20T13:39:46.494Z] GET /empresas/
2026-02-20T10:44:03: [INFO 2026-02-20T13:44:03.447Z] GET /empresas
2026-02-20T10:44:03: [INFO 2026-02-20T13:44:03.463Z] GET /empresas/
2026-02-20T10:50:46: [INFO 2026-02-20T13:50:46.582Z] GET /empresas
2026-02-20T10:50:46: [INFO 2026-02-20T13:50:46.594Z] GET /empresas/
2026-02-20T10:50:56: [INFO 2026-02-20T13:50:56.870Z] GET /empresas
2026-02-20T10:50:56: [INFO 2026-02-20T13:50:56.973Z] GET /empresas/
2026-02-20T10:51:03: [INFO 2026-02-20T13:51:03.988Z] GET /empresas
2026-02-20T10:51:04: [INFO 2026-02-20T13:51:04.057Z] GET /empresas/
2026-02-20T10:51:10: [INFO 2026-02-20T13:51:10.803Z] GET /empresas
2026-02-20T10:51:10: [INFO 2026-02-20T13:51:10.971Z] GET /empresas/
2026-02-20T10:51:20: [INFO 2026-02-20T13:51:20.898Z] GET /usuarios
2026-02-20T10:51:20: [INFO 2026-02-20T13:51:20.903Z] GET /usuarios/
2026-02-20T10:51:22: [INFO 2026-02-20T13:51:22.259Z] GET /usuarios
2026-02-20T10:51:22: [INFO 2026-02-20T13:51:22.270Z] GET /usuarios/
2026-02-20T10:51:28: [INFO 2026-02-20T13:51:28.745Z] GET /usuarios
2026-02-20T10:51:28: [INFO 2026-02-20T13:51:28.752Z] GET /usuarios/
2026-02-20T10:51:29: [INFO 2026-02-20T13:51:29.283Z] GET /usuarios
2026-02-20T10:51:29: [INFO 2026-02-20T13:51:29.293Z] GET /usuarios/
2026-02-20T10:57:47: [INFO 2026-02-20T13:57:47.403Z] POST /auth/login
2026-02-20T10:57:57: [INFO 2026-02-20T13:57:57.781Z] GET /empresas
2026-02-20T10:57:57: [INFO 2026-02-20T13:57:57.889Z] GET /empresas/
2026-02-20T10:58:06: [INFO 2026-02-20T13:58:06.823Z] GET /fisica
2026-02-20T10:58:06: [INFO 2026-02-20T13:58:06.901Z] GET /fisica/
2026-02-20T10:58:19: [INFO 2026-02-20T13:58:19.028Z] GET /fisica
2026-02-20T10:58:19: [INFO 2026-02-20T13:58:19.044Z] GET /fisica/
2026-02-20T10:58:24: [INFO 2026-02-20T13:58:24.172Z] GET /usuarios
2026-02-20T10:58:24: [INFO 2026-02-20T13:58:24.179Z] GET /usuarios/
2026-02-20T10:58:25: [INFO 2026-02-20T13:58:25.047Z] GET /usuarios
2026-02-20T10:58:25: [INFO 2026-02-20T13:58:25.059Z] GET /usuarios/
2026-02-20T11:02:47: [INFO 2026-02-20T14:02:47.109Z] GET /usuarios
2026-02-20T11:02:47: [INFO 2026-02-20T14:02:47.117Z] GET /usuarios/
2026-02-20T11:02:48: [INFO 2026-02-20T14:02:48.890Z] GET /usuarios
2026-02-20T11:02:48: [INFO 2026-02-20T14:02:48.897Z] GET /usuarios/
2026-02-20T11:02:49: [INFO 2026-02-20T14:02:49.804Z] GET /usuarios
2026-02-20T11:02:49: [INFO 2026-02-20T14:02:49.863Z] GET /usuarios/
2026-02-20T11:04:14: [INFO 2026-02-20T14:04:14.832Z] GET /fisica
2026-02-20T11:04:14: [INFO 2026-02-20T14:04:14.840Z] GET /fisica/
2026-02-20T11:04:16: [INFO 2026-02-20T14:04:16.825Z] GET /fisica
2026-02-20T11:04:16: [INFO 2026-02-20T14:04:16.833Z] GET /fisica/
2026-02-20T11:04:17: [INFO 2026-02-20T14:04:17.333Z] GET /fisica
2026-02-20T11:04:17: [INFO 2026-02-20T14:04:17.345Z] GET /fisica/
2026-02-20T11:04:17: [INFO 2026-02-20T14:04:17.761Z] GET /fisica
2026-02-20T11:04:17: [INFO 2026-02-20T14:04:17.777Z] GET /fisica/
2026-02-20T11:04:20: [INFO 2026-02-20T14:04:20.789Z] GET /empresas
2026-02-20T11:04:20: [INFO 2026-02-20T14:04:20.823Z] GET /empresas/
2026-02-20T11:18:12: [INFO 2026-02-20T14:18:12.537Z] GET /empresas
2026-02-20T11:18:12: [INFO 2026-02-20T14:18:12.552Z] GET /empresas/
2026-02-20T11:18:20: [INFO 2026-02-20T14:18:20.599Z] GET /fisica
2026-02-20T11:18:20: [INFO 2026-02-20T14:18:20.613Z] GET /fisica/
2026-02-20T11:32:43: [INFO 2026-02-20T14:32:43.336Z] POST /auth/login
2026-02-20T11:33:09: [INFO 2026-02-20T14:33:09.774Z] GET /empresas
2026-02-20T11:33:25: [INFO 2026-02-20T14:33:25.423Z] POST /auth/login
2026-02-20T11:34:09: [INFO 2026-02-20T14:34:09.092Z] GET /usuarios
2026-02-20T11:34:09: [INFO 2026-02-20T14:34:09.099Z] GET /usuarios/
2026-02-20T11:34:09: [INFO 2026-02-20T14:34:09.682Z] GET /usuarios/
2026-02-20T11:34:11: [INFO 2026-02-20T14:34:11.363Z] GET /usuarios/
2026-02-20T11:34:17: [INFO 2026-02-20T14:34:17.316Z] GET /usuarios/
2026-02-20T11:34:19: [INFO 2026-02-20T14:34:19.100Z] GET /usuarios/
2026-02-20T11:34:20: [INFO 2026-02-20T14:34:20.438Z] GET /usuarios/
2026-02-20T11:34:32: [INFO 2026-02-20T14:34:32.231Z] POST /usuarios
2026-02-20T11:34:32: [INFO 2026-02-20T14:34:32.299Z] GET /usuarios
2026-02-20T11:34:32: [INFO 2026-02-20T14:34:32.302Z] GET /usuarios/
2026-02-20T11:34:44: [INFO 2026-02-20T14:34:44.983Z] POST /auth/login
2026-02-20T11:35:09: [INFO 2026-02-20T14:35:09.758Z] POST /auth/login
2026-02-20T11:35:14: [INFO 2026-02-20T14:35:14.678Z] GET /usuarios/
2026-02-20T11:35:17: [INFO 2026-02-20T14:35:17.671Z] GET /usuarios/
2026-02-20T11:35:21: [INFO 2026-02-20T14:35:21.604Z] DELETE /usuarios/16
2026-02-20T11:35:21: [INFO 2026-02-20T14:35:21.636Z] GET /usuarios/
2026-02-20T11:35:24: [INFO 2026-02-20T14:35:24.206Z] GET /usuarios/
2026-02-20T11:44:43: [SUCCESS 2026-02-20T14:44:43.859Z] Servidor rodando na porta 3000
2026-02-20T11:44:43: [SUCCESS 2026-02-20T14:44:43.973Z] MySQL Pool conectado com sucesso
2026-02-20T11:44:55: [INFO 2026-02-20T14:44:55.077Z] GET /usuarios/
2026-02-20T11:45:02: [INFO 2026-02-20T14:45:02.483Z] GET /usuarios/
2026-02-20T11:45:44: [INFO 2026-02-20T14:45:44.688Z] GET /usuarios/
2026-02-20T11:45:47: [INFO 2026-02-20T14:45:47.283Z] GET /fisica
2026-02-20T11:45:47: [INFO 2026-02-20T14:45:47.307Z] GET /fisica/
2026-02-20T11:45:49: [INFO 2026-02-20T14:45:49.104Z] GET /empresas/
2026-02-23T08:01:49: [INFO 2026-02-23T11:01:49.568Z] POST /auth/login
2026-02-23T08:01:57: [INFO 2026-02-23T11:01:57.404Z] POST /auth/login
2026-02-23T08:02:10: [INFO 2026-02-23T11:02:10.372Z] POST /auth/login
2026-02-23T08:02:15: [INFO 2026-02-23T11:02:15.301Z] GET /empresas/
2026-02-23T08:02:23: [INFO 2026-02-23T11:02:23.431Z] GET /empresas/
2026-02-23T08:02:31: [INFO 2026-02-23T11:02:31.493Z] GET /empresas/
2026-02-23T08:02:40: [INFO 2026-02-23T11:02:40.782Z] GET /empresas/
2026-02-23T08:02:56: [INFO 2026-02-23T11:02:56.827Z] GET /usuarios/
2026-02-23T08:03:00: [INFO 2026-02-23T11:03:00.186Z] GET /usuarios/
2026-02-23T08:03:30: [INFO 2026-02-23T11:03:30.120Z] PUT /usuarios/12
2026-02-23T08:03:30: [INFO 2026-02-23T11:03:30.233Z] GET /usuarios/
2026-02-23T08:15:21: [INFO 2026-02-23T11:15:21.359Z] GET /usuarios/
2026-02-23T08:15:31: [INFO 2026-02-23T11:15:31.123Z] PUT /usuarios/12
2026-02-23T08:15:31: [INFO 2026-02-23T11:15:31.154Z] GET /usuarios/
2026-02-23T08:15:36: [INFO 2026-02-23T11:15:36.949Z] GET /usuarios/
2026-02-23T15:56:15: [INFO 2026-02-23T18:56:15.169Z] POST /auth/login
2026-02-23T15:56:18: [INFO 2026-02-23T18:56:18.908Z] GET /fisica/
2026-02-23T15:56:36: [INFO 2026-02-23T18:56:36.678Z] POST /fisica
2026-02-23T15:56:36: [INFO 2026-02-23T18:56:36.805Z] GET /fisica
2026-02-23T15:56:36: [INFO 2026-02-23T18:56:36.835Z] GET /fisica/
2026-02-23T15:56:36: [INFO 2026-02-23T18:56:36.863Z] GET /fisica/
2026-02-23T15:56:42: [INFO 2026-02-23T18:56:42.396Z] GET /fisica/
2026-02-23T15:56:43: [INFO 2026-02-23T18:56:43.649Z] GET /fisica/
2026-02-23T15:56:50: [INFO 2026-02-23T18:56:50.515Z] GET /fisica/
2026-02-23T15:56:54: [INFO 2026-02-23T18:56:54.143Z] GET /fisica/
2026-02-23T16:08:59: [INFO 2026-02-23T19:08:59.508Z] GET /usuarios/
2026-02-23T16:09:25: [SUCCESS 2026-02-23T19:09:25.453Z] Servidor rodando na porta 3000
2026-02-23T16:09:25: [SUCCESS 2026-02-23T19:09:25.564Z] MySQL Pool conectado com sucesso
2026-02-23T16:09:33: [INFO 2026-02-23T19:09:33.494Z] POST /auth/login
2026-02-23T16:11:37: [INFO 2026-02-23T19:11:37.461Z] GET /empresas/
2026-02-23T16:11:45: [INFO 2026-02-23T19:11:45.044Z] GET /empresas/
2026-02-23T16:11:53: [INFO 2026-02-23T19:11:53.177Z] GET /empresas/
2026-02-23T16:11:53: [INFO 2026-02-23T19:11:53.239Z] GET /empresas/
2026-02-23T16:12:22: [INFO 2026-02-23T19:12:22.647Z] GET /empresas/
2026-02-23T16:12:31: [INFO 2026-02-23T19:12:31.307Z] GET /empresas/75
2026-02-23T16:12:34: [INFO 2026-02-23T19:12:34.274Z] GET /empresas/
2026-02-23T16:12:40: [INFO 2026-02-23T19:12:40.878Z] GET /empresas/
2026-02-23T16:12:47: [INFO 2026-02-23T19:12:47.916Z] GET /empresas/
2026-02-23T16:18:44: [INFO 2026-02-23T19:18:44.330Z] GET /usuarios/
2026-02-23T16:19:31: [INFO 2026-02-23T19:19:31.051Z] GET /fisica/
2026-02-23T16:21:23: [INFO 2026-02-23T19:21:23.306Z] GET /fisica/
2026-02-23T16:21:24: [INFO 2026-02-23T19:21:24.054Z] GET /fisica/
2026-02-23T16:21:36: [INFO 2026-02-23T19:21:36.584Z] GET /empresas/
2026-02-23T16:21:43: [INFO 2026-02-23T19:21:43.906Z] GET /empresas/
2026-02-23T16:21:43: [INFO 2026-02-23T19:21:43.925Z] GET /empresas/
2026-02-23T16:29:17: [INFO 2026-02-23T19:29:17.610Z] GET /empresas/
2026-02-23T16:29:24: [INFO 2026-02-23T19:29:24.616Z] GET /empresas/
2026-02-23T16:30:10: [INFO 2026-02-23T19:30:10.893Z] GET /empresas/
2026-02-23T16:30:46: [INFO 2026-02-23T19:30:46.242Z] GET /empresas/
2026-02-23T16:30:53: [INFO 2026-02-23T19:30:53.572Z] GET /empresas/75
2026-02-23T16:31:01: [INFO 2026-02-23T19:31:01.457Z] GET /empresas/
2026-02-23T16:31:22: [INFO 2026-02-23T19:31:22.882Z] GET /empresas/
2026-02-23T16:42:39: [INFO 2026-02-23T19:42:39.385Z] POST /auth/login
2026-02-23T16:42:43: [INFO 2026-02-23T19:42:43.107Z] GET /empresas/
2026-02-23T16:42:51: [INFO 2026-02-23T19:42:51.640Z] GET /empresas/
2026-02-23T16:42:51: [INFO 2026-02-23T19:42:51.674Z] GET /empresas/
2026-02-23T16:42:51: [INFO 2026-02-23T19:42:51.680Z] GET /empresas/
2026-02-23T16:44:17: [INFO 2026-02-23T19:44:17.149Z] GET /empresas/
2026-02-23T16:45:57: [INFO 2026-02-23T19:45:57.826Z] GET /empresas/
2026-02-23T16:46:05: [INFO 2026-02-23T19:46:05.418Z] GET /empresas/
2026-02-23T16:47:14: [INFO 2026-02-23T19:47:14.377Z] GET /empresas/
2026-02-23T16:47:21: [INFO 2026-02-23T19:47:21.715Z] GET /empresas/
2026-02-23T16:54:26: [INFO 2026-02-23T19:54:26.558Z] GET /empresas/
2026-02-23T16:54:36: [INFO 2026-02-23T19:54:36.029Z] GET /empresas/
2026-02-23T16:55:52: [INFO 2026-02-23T19:55:52.477Z] GET /empresas/
2026-02-23T16:56:00: [INFO 2026-02-23T19:56:00.330Z] GET /empresas/
2026-02-23T16:56:47: [INFO 2026-02-23T19:56:47.236Z] GET /empresas/
2026-02-23T16:56:54: [INFO 2026-02-23T19:56:54.825Z] GET /empresas/
2026-02-23T16:57:09: [INFO 2026-02-23T19:57:09.570Z] GET /empresas/
2026-02-23T16:57:19: [INFO 2026-02-23T19:57:19.299Z] GET /empresas/
2026-02-23T16:57:45: [INFO 2026-02-23T19:57:45.349Z] GET /empresas/
2026-02-23T16:57:53: [INFO 2026-02-23T19:57:53.915Z] GET /empresas/
2026-02-23T16:58:16: [INFO 2026-02-23T19:58:16.828Z] GET /empresas/
2026-02-23T16:58:23: [INFO 2026-02-23T19:58:23.572Z] GET /empresas/
2026-02-23T17:00:01: [INFO 2026-02-23T20:00:01.778Z] GET /empresas/
2026-02-23T17:00:11: [INFO 2026-02-23T20:00:11.527Z] GET /empresas/
2026-02-23T17:02:58: [INFO 2026-02-23T20:02:58.711Z] GET /empresas/
2026-02-23T17:03:07: [INFO 2026-02-23T20:03:07.260Z] GET /fisica/
2026-02-23T17:03:08: [INFO 2026-02-23T20:03:08.757Z] GET /fisica/
2026-02-23T17:05:07: [INFO 2026-02-23T20:05:07.503Z] GET /fisica/
2026-02-23T17:05:08: [INFO 2026-02-23T20:05:08.323Z] GET /fisica/
2026-02-23T17:05:19: [INFO 2026-02-23T20:05:19.936Z] GET /usuarios/
2026-02-23T17:07:34: [INFO 2026-02-23T20:07:34.027Z] GET /usuarios/
2026-02-23T17:12:53: [INFO 2026-02-23T20:12:53.569Z] POST /auth/login
2026-02-23T17:19:43: [INFO 2026-02-23T20:19:43.785Z] GET /fisica/
2026-02-23T17:19:45: [INFO 2026-02-23T20:19:45.095Z] GET /fisica/
2026-02-23T17:19:49: [INFO 2026-02-23T20:19:49.360Z] GET /fisica/
2026-02-23T17:27:57: [INFO 2026-02-23T20:27:57.145Z] GET /fisica/
2026-02-23T17:28:02: [INFO 2026-02-23T20:28:02.903Z] GET /fisica/
2026-02-23T17:28:03: [INFO 2026-02-23T20:28:03.322Z] GET /fisica/
2026-02-23T17:28:04: [INFO 2026-02-23T20:28:04.951Z] GET /fisica/
2026-02-23T17:28:05: [INFO 2026-02-23T20:28:05.886Z] GET /fisica/
2026-02-23T17:28:06: [INFO 2026-02-23T20:28:06.770Z] GET /fisica/
2026-02-23T17:28:07: [INFO 2026-02-23T20:28:07.136Z] GET /fisica/
2026-02-23T17:28:07: [INFO 2026-02-23T20:28:07.518Z] GET /fisica/
2026-02-23T17:28:07: [INFO 2026-02-23T20:28:07.888Z] GET /fisica/
2026-02-23T17:28:09: [INFO 2026-02-23T20:28:09.610Z] GET /fisica/
2026-02-23T17:28:10: [INFO 2026-02-23T20:28:10.099Z] GET /fisica/
2026-02-23T17:28:13: [INFO 2026-02-23T20:28:13.089Z] GET /fisica/
2026-02-23T17:28:13: [INFO 2026-02-23T20:28:13.459Z] GET /fisica/
2026-02-23T17:28:16: [INFO 2026-02-23T20:28:16.643Z] GET /empresas/
2026-02-23T17:28:23: [INFO 2026-02-23T20:28:23.841Z] GET /empresas/
2026-02-23T17:28:23: [INFO 2026-02-23T20:28:23.881Z] GET /empresas/
2026-02-23T17:28:38: [INFO 2026-02-23T20:28:38.027Z] GET /empresas/
2026-02-23T17:28:49: [INFO 2026-02-23T20:28:49.817Z] GET /empresas/
2026-02-23T17:28:56: [INFO 2026-02-23T20:28:56.945Z] GET /empresas/
2026-02-23T17:29:03: [INFO 2026-02-23T20:29:03.724Z] GET /empresas/
2026-02-23T17:31:53: [INFO 2026-02-23T20:31:53.549Z] GET /empresas/
2026-02-23T17:32:01: [INFO 2026-02-23T20:32:01.260Z] GET /empresas/
2026-02-23T17:32:09: [INFO 2026-02-23T20:32:09.546Z] GET /fisica/
2026-02-23T17:32:10: [INFO 2026-02-23T20:32:10.907Z] GET /fisica/
2026-02-23T17:32:13: [INFO 2026-02-23T20:32:13.091Z] GET /fisica/
2026-02-23T17:32:13: [INFO 2026-02-23T20:32:13.898Z] GET /fisica/
2026-02-23T17:32:17: [INFO 2026-02-23T20:32:17.060Z] GET /fisica/
2026-02-23T17:32:17: [INFO 2026-02-23T20:32:17.652Z] GET /fisica/
2026-02-23T17:32:31: [INFO 2026-02-23T20:32:31.652Z] GET /fisica/
2026-02-23T17:32:33: [INFO 2026-02-23T20:32:33.082Z] GET /fisica/
2026-02-23T17:38:08: [INFO 2026-02-23T20:38:08.032Z] GET /fisica/
2026-02-23T17:38:08: [INFO 2026-02-23T20:38:08.991Z] GET /fisica/
2026-02-23T17:48:51: [INFO 2026-02-23T20:48:51.985Z] POST /auth/login
2026-02-23T17:48:56: [INFO 2026-02-23T20:48:56.045Z] GET /usuarios/
2026-02-23T17:49:03: [INFO 2026-02-23T20:49:03.916Z] GET /usuarios/
2026-02-23T17:49:04: [INFO 2026-02-23T20:49:04.625Z] GET /usuarios/
2026-02-23T17:49:08: [INFO 2026-02-23T20:49:08.758Z] GET /fisica/
2026-02-23T17:49:09: [INFO 2026-02-23T20:49:09.852Z] GET /fisica/
2026-02-23T17:53:59: [INFO 2026-02-23T20:53:59.280Z] GET /empresas/
2026-02-23T17:54:07: [INFO 2026-02-23T20:54:07.729Z] GET /empresas/
2026-02-23T17:54:51: [INFO 2026-02-23T20:54:51.307Z] GET /empresas/
2026-02-23T17:54:58: [INFO 2026-02-23T20:54:58.441Z] GET /empresas/
2026-02-23T17:55:06: [INFO 2026-02-23T20:55:05.992Z] GET /empresas/
2026-02-23T17:55:24: [INFO 2026-02-23T20:55:24.073Z] GET /empresas/
2026-02-23T17:55:31: [INFO 2026-02-23T20:55:31.149Z] GET /empresas/
2026-02-23T17:55:31: [INFO 2026-02-23T20:55:31.241Z] GET /empresas/
2026-02-23T17:55:40: [INFO 2026-02-23T20:55:40.525Z] GET /empresas/
2026-02-23T17:55:49: [INFO 2026-02-23T20:55:49.008Z] GET /empresas/
2026-02-24T09:06:01: [INFO 2026-02-24T12:06:01.943Z] POST /auth/login
2026-02-24T09:06:05: [INFO 2026-02-24T12:06:05.247Z] GET /empresas/
2026-02-24T09:06:16: [INFO 2026-02-24T12:06:16.182Z] GET /empresas/
2026-02-24T09:07:54: [INFO 2026-02-24T12:07:54.626Z] GET /empresas/
2026-02-24T09:08:02: [INFO 2026-02-24T12:08:02.899Z] GET /empresas/
2026-02-24T09:16:28: [INFO 2026-02-24T12:16:28.953Z] GET /empresas/
2026-02-24T09:16:37: [INFO 2026-02-24T12:16:37.752Z] GET /empresas/
2026-02-24T10:00:45: [INFO 2026-02-24T13:00:45.368Z] POST /auth/login
2026-02-24T10:00:48: [INFO 2026-02-24T13:00:48.005Z] GET /empresas/
2026-02-24T10:00:56: [INFO 2026-02-24T13:00:56.924Z] GET /empresas/
2026-02-24T11:15:08: [INFO 2026-02-24T14:15:08.636Z] POST /auth/login
2026-02-24T11:15:11: [INFO 2026-02-24T14:15:11.962Z] GET /empresas/
2026-02-24T11:15:21: [INFO 2026-02-24T14:15:21.189Z] GET /empresas/
2026-02-24T11:15:21: [INFO 2026-02-24T14:15:21.424Z] GET /empresas/
2026-02-24T11:15:21: [INFO 2026-02-24T14:15:21.447Z] GET /empresas/
2026-02-24T11:16:01: [INFO 2026-02-24T14:16:01.842Z] GET /empresas/
2026-02-24T11:16:09: [INFO 2026-02-24T14:16:09.462Z] GET /empresas/
2026-02-24T11:16:37: [INFO 2026-02-24T14:16:37.339Z] GET /empresas/
2026-02-24T11:16:44: [INFO 2026-02-24T14:16:44.994Z] GET /empresas/
2026-02-25T09:24:06: [INFO 2026-02-25T12:24:06.875Z] POST /auth/login
2026-02-25T09:24:15: [INFO 2026-02-25T12:24:15.650Z] GET /empresas/
2026-02-25T09:24:25: [INFO 2026-02-25T12:24:25.639Z] GET /empresas/
2026-02-25T09:25:10: [INFO 2026-02-25T12:25:10.453Z] GET /empresas/
2026-02-25T09:25:17: [INFO 2026-02-25T12:25:17.782Z] GET /empresas/
2026-02-25T09:25:50: [INFO 2026-02-25T12:25:50.509Z] GET /empresas/
2026-02-25T09:25:57: [INFO 2026-02-25T12:25:57.548Z] GET /empresas/
2026-02-25T09:26:08: [INFO 2026-02-25T12:26:08.152Z] GET /empresas/
2026-02-25T09:26:22: [INFO 2026-02-25T12:26:22.842Z] GET /empresas/
2026-02-25T09:26:31: [INFO 2026-02-25T12:26:31.294Z] GET /empresas/
2026-02-25T09:27:07: [INFO 2026-02-25T12:27:07.015Z] GET /empresas/
2026-02-25T09:27:16: [INFO 2026-02-25T12:27:16.421Z] GET /empresas/
2026-02-25T09:32:41: [INFO 2026-02-25T12:32:41.304Z] GET /empresas/
2026-02-25T09:32:53: [INFO 2026-02-25T12:32:53.419Z] GET /empresas/
2026-02-25T09:33:08: [INFO 2026-02-25T12:33:08.625Z] GET /empresas/
2026-02-25T09:33:16: [INFO 2026-02-25T12:33:16.167Z] GET /empresas/
2026-02-25T09:33:35: [INFO 2026-02-25T12:33:35.872Z] GET /empresas/
2026-02-25T09:33:43: [INFO 2026-02-25T12:33:43.861Z] GET /empresas/
2026-02-25T09:34:01: [INFO 2026-02-25T12:34:01.552Z] GET /empresas/
2026-02-25T09:34:08: [INFO 2026-02-25T12:34:08.602Z] GET /empresas/
2026-02-25T09:34:08: [INFO 2026-02-25T12:34:08.621Z] GET /empresas/
2026-02-25T09:34:26: [INFO 2026-02-25T12:34:26.540Z] GET /empresas/
2026-02-25T09:34:55: [INFO 2026-02-25T12:34:55.043Z] GET /empresas/
2026-02-25T09:35:03: [INFO 2026-02-25T12:35:03.108Z] GET /empresas/
2026-02-25T09:35:29: [INFO 2026-02-25T12:35:29.781Z] GET /empresas/
2026-02-25T09:35:42: [INFO 2026-02-25T12:35:42.383Z] GET /empresas/
2026-02-25T09:38:34: [INFO 2026-02-25T12:38:34.022Z] GET /empresas/
2026-02-25T09:38:42: [INFO 2026-02-25T12:38:42.576Z] GET /empresas/
2026-02-25T09:38:52: [INFO 2026-02-25T12:38:52.397Z] GET /empresas/
2026-02-25T09:40:02: [INFO 2026-02-25T12:40:02.775Z] GET /empresas/
2026-02-25T09:40:09: [INFO 2026-02-25T12:40:09.792Z] GET /empresas/
2026-02-25T09:40:09: [INFO 2026-02-25T12:40:09.937Z] GET /empresas/
2026-02-25T10:24:48: [SUCCESS 2026-02-25T13:24:48.005Z] Servidor rodando na porta 3000
2026-02-25T10:24:48: [SUCCESS 2026-02-25T13:24:48.342Z] MySQL Pool conectado com sucesso
2026-02-25T10:24:58: [INFO 2026-02-25T13:24:58.712Z] POST /auth/login
2026-02-25T10:25:01: [INFO 2026-02-25T13:25:01.757Z] GET /fisica/
2026-02-25T10:25:16: [INFO 2026-02-25T13:25:16.540Z] POST /fisica
2026-02-25T10:25:16: [INFO 2026-02-25T13:25:16.600Z] GET /fisica
2026-02-25T10:25:16: [INFO 2026-02-25T13:25:16.626Z] GET /fisica/
2026-02-25T10:25:16: [INFO 2026-02-25T13:25:16.645Z] GET /fisica/
2026-02-25T10:25:27: [INFO 2026-02-25T13:25:27.460Z] GET /fisica/
2026-02-25T10:25:36: [INFO 2026-02-25T13:25:36.625Z] GET /fisica/
2026-02-25T10:25:37: [INFO 2026-02-25T13:25:37.112Z] GET /fisica/
2026-02-25T10:25:37: [INFO 2026-02-25T13:25:37.612Z] GET /fisica/
2026-02-25T10:25:38: [INFO 2026-02-25T13:25:38.373Z] GET /fisica/
2026-02-25T10:27:55: [INFO 2026-02-25T13:27:55.637Z] GET /fisica/
2026-02-25T10:27:56: [INFO 2026-02-25T13:27:56.951Z] GET /fisica/
2026-02-25T10:28:00: [INFO 2026-02-25T13:28:00.860Z] DELETE /fisica/2
2026-02-25T10:28:00: [INFO 2026-02-25T13:28:00.885Z] DELETE /fisica/3
2026-02-25T10:28:00: [INFO 2026-02-25T13:28:00.903Z] GET /fisica/
2026-02-25T10:28:19: [INFO 2026-02-25T13:28:19.874Z] POST /fisica
2026-02-25T10:28:19: [INFO 2026-02-25T13:28:19.889Z] GET /fisica
2026-02-25T10:28:19: [INFO 2026-02-25T13:28:19.908Z] GET /fisica/
2026-02-25T10:28:19: [INFO 2026-02-25T13:28:19.913Z] GET /fisica/
2026-02-25T10:57:26: [SUCCESS 2026-02-25T13:57:26.544Z] Servidor rodando na porta 3000
2026-02-25T10:57:26: [SUCCESS 2026-02-25T13:57:26.796Z] MySQL Pool conectado com sucesso
2026-02-25T10:57:39: [INFO 2026-02-25T13:57:39.228Z] POST /auth/login
2026-02-25T10:57:45: [INFO 2026-02-25T13:57:45.207Z] GET /fisica/
2026-02-25T10:57:46: [INFO 2026-02-25T13:57:46.084Z] GET /fisica/
2026-02-25T10:57:49: [INFO 2026-02-25T13:57:49.245Z] GET /fisica/
2026-02-25T10:57:51: [INFO 2026-02-25T13:57:51.654Z] DELETE /fisica/4
2026-02-25T10:57:51: [INFO 2026-02-25T13:57:51.689Z] GET /fisica/
2026-02-25T11:08:14: [SUCCESS 2026-02-25T14:08:14.889Z] Servidor rodando na porta 3000
2026-02-25T11:08:15: [SUCCESS 2026-02-25T14:08:15.082Z] MySQL Pool conectado com sucesso
2026-02-25T11:08:17: [INFO 2026-02-25T14:08:17.091Z] GET /fisica/
2026-02-25T11:08:35: [INFO 2026-02-25T14:08:35.916Z] GET /fisica/
2026-02-25T11:23:15: [SUCCESS 2026-02-25T14:23:15.778Z] Servidor rodando na porta 3000
2026-02-25T11:23:15: [SUCCESS 2026-02-25T14:23:15.864Z] MySQL Pool conectado com sucesso
2026-02-25T11:23:18: [INFO 2026-02-25T14:23:18.609Z] GET /fisica/
2026-02-25T11:29:29: [SUCCESS 2026-02-25T14:29:29.694Z] Servidor rodando na porta 3000
2026-02-25T11:29:29: [SUCCESS 2026-02-25T14:29:29.792Z] MySQL Pool conectado com sucesso
2026-02-25T11:30:12: [INFO 2026-02-25T14:30:12.134Z] POST /auth/login
2026-02-25T11:30:15: [INFO 2026-02-25T14:30:15.823Z] GET /fisica/
2026-02-25T11:32:23: [SUCCESS 2026-02-25T14:32:23.459Z] Servidor rodando na porta 3000
2026-02-25T11:32:23: [SUCCESS 2026-02-25T14:32:23.566Z] MySQL Pool conectado com sucesso
2026-02-25T11:32:25: [INFO 2026-02-25T14:32:25.948Z] GET /fisica/
2026-02-25T11:34:20: [SUCCESS 2026-02-25T14:34:20.230Z] Servidor rodando na porta 3000
2026-02-25T11:34:20: [SUCCESS 2026-02-25T14:34:20.274Z] MySQL Pool conectado com sucesso
2026-02-25T11:34:22: [INFO 2026-02-25T14:34:22.253Z] GET /fisica/
2026-02-25T11:34:22: [INFO 2026-02-25T14:34:22.285Z] GET /fisica/
2026-02-25T11:34:22: [INFO 2026-02-25T14:34:22.365Z] GET /fisica/
2026-02-25T11:34:22: [INFO 2026-02-25T14:34:22.552Z] GET /fisica/
2026-02-25T11:34:38: [INFO 2026-02-25T14:34:38.056Z] GET /fisica/
2026-02-25T11:34:38: [INFO 2026-02-25T14:34:38.516Z] GET /fisica/
2026-02-25T11:34:41: [INFO 2026-02-25T14:34:41.512Z] GET /empresas/
2026-02-25T11:35:32: [INFO 2026-02-25T14:35:32.088Z] POST /empresas
2026-02-25T11:35:35: [INFO 2026-02-25T14:35:35.094Z] GET /empresas/
2026-02-25T11:36:49: [INFO 2026-02-25T14:36:49.759Z] POST /empresas
2026-02-25T11:36:49: [INFO 2026-02-25T14:36:49.789Z] GET /empresas
2026-02-25T11:36:50: [INFO 2026-02-25T14:36:50.321Z] GET /empresas/
2026-02-25T11:36:50: [INFO 2026-02-25T14:36:50.338Z] GET /empresas/
2026-02-25T11:37:05: [INFO 2026-02-25T14:37:05.860Z] GET /empresas/
2026-02-25T11:37:05: [INFO 2026-02-25T14:37:05.917Z] GET /empresas/
2026-02-25T11:37:25: [INFO 2026-02-25T14:37:25.545Z] DELETE /empresas/292
2026-02-25T11:37:25: [INFO 2026-02-25T14:37:25.571Z] GET /empresas/
2026-02-25T11:37:33: [INFO 2026-02-25T14:37:33.240Z] GET /empresas/
2026-02-25T11:37:45: [INFO 2026-02-25T14:37:45.382Z] GET /empresas/
2026-02-25T11:38:05: [INFO 2026-02-25T14:38:05.820Z] GET /fisica/
2026-02-25T11:38:27: [INFO 2026-02-25T14:38:27.487Z] GET /fisica/
2026-02-25T11:38:41: [INFO 2026-02-25T14:38:41.490Z] POST /fisica
2026-02-25T11:38:41: [INFO 2026-02-25T14:38:41.516Z] GET /fisica
2026-02-25T11:38:41: [INFO 2026-02-25T14:38:41.532Z] GET /fisica/
2026-02-25T11:38:41: [INFO 2026-02-25T14:38:41.540Z] GET /fisica/
2026-02-25T11:38:43: [INFO 2026-02-25T14:38:43.296Z] GET /fisica/
2026-02-25T11:38:46: [INFO 2026-02-25T14:38:46.733Z] DELETE /fisica/5
2026-02-25T11:38:46: [INFO 2026-02-25T14:38:46.750Z] GET /fisica/
2026-02-25T13:12:03: [SUCCESS 2026-02-25T16:12:03.598Z] Servidor rodando na porta 3000
2026-02-25T13:12:03: [SUCCESS 2026-02-25T16:12:03.799Z] MySQL Pool conectado com sucesso
2026-02-25T13:12:13: [INFO 2026-02-25T16:12:13.166Z] POST /auth/login
2026-02-25T13:12:23: [INFO 2026-02-25T16:12:23.114Z] GET /fisica/
2026-02-25T13:12:36: [INFO 2026-02-25T16:12:36.899Z] POST /fisica
2026-02-25T13:12:36: [INFO 2026-02-25T16:12:36.951Z] GET /fisica
2026-02-25T13:12:36: [INFO 2026-02-25T16:12:36.967Z] GET /fisica/
2026-02-25T13:12:36: [INFO 2026-02-25T16:12:36.975Z] GET /fisica/
2026-02-25T13:12:44: [INFO 2026-02-25T16:12:44.409Z] GET /fisica/
2026-02-25T13:12:48: [INFO 2026-02-25T16:12:48.555Z] DELETE /fisica/6
2026-02-25T13:12:48: [INFO 2026-02-25T16:12:48.581Z] GET /fisica/
2026-02-25T14:00:53: [SUCCESS 2026-02-25T17:00:53.387Z] Servidor rodando na porta 3000
2026-02-25T14:00:53: [SUCCESS 2026-02-25T17:00:53.676Z] MySQL Pool conectado com sucesso
2026-02-25T14:01:01: [INFO 2026-02-25T17:01:01.158Z] POST /auth/login
2026-02-25T14:01:04: [INFO 2026-02-25T17:01:04.596Z] GET /fisica/
2026-02-25T14:01:18: [INFO 2026-02-25T17:01:18.744Z] POST /fisica
2026-02-25T14:01:18: [INFO 2026-02-25T17:01:18.784Z] GET /fisica
2026-02-25T14:01:18: [INFO 2026-02-25T17:01:18.810Z] GET /fisica/
2026-02-25T14:01:18: [INFO 2026-02-25T17:01:18.818Z] GET /fisica/
2026-02-25T14:01:36: [INFO 2026-02-25T17:01:36.298Z] GET /empresas/
2026-02-25T14:01:44: [INFO 2026-02-25T17:01:44.345Z] GET /empresas/
2026-02-25T14:08:08: [INFO 2026-02-25T17:08:08.683Z] GET /empresas/
2026-02-25T14:08:19: [INFO 2026-02-25T17:08:19.488Z] GET /fisica/
2026-02-25T14:08:20: [INFO 2026-02-25T17:08:20.388Z] GET /fisica/
2026-02-25T14:08:26: [INFO 2026-02-25T17:08:26.692Z] GET /empresas/
2026-02-25T14:08:38: [INFO 2026-02-25T17:08:38.748Z] GET /empresas/
2026-02-25T14:09:44: [INFO 2026-02-25T17:09:44.007Z] GET /fisica/
2026-02-25T14:09:44: [INFO 2026-02-25T17:09:44.938Z] GET /fisica/
2026-02-25T14:12:48: [INFO 2026-02-25T17:12:48.878Z] GET /fisica/
2026-02-25T14:12:50: [INFO 2026-02-25T17:12:50.130Z] GET /fisica/
2026-02-25T14:12:53: [INFO 2026-02-25T17:12:53.168Z] GET /empresas/
2026-02-25T14:13:01: [INFO 2026-02-25T17:13:01.463Z] GET /empresas/
2026-02-25T14:13:37: [INFO 2026-02-25T17:13:37.069Z] GET /empresas/
2026-02-25T14:13:44: [INFO 2026-02-25T17:13:44.929Z] GET /empresas/
2026-02-25T14:14:11: [INFO 2026-02-25T17:14:11.730Z] GET /fisica/
2026-02-25T14:14:13: [INFO 2026-02-25T17:14:13.288Z] GET /fisica/
2026-02-25T14:15:53: [INFO 2026-02-25T17:15:53.423Z] GET /fisica/
2026-02-25T14:15:54: [INFO 2026-02-25T17:15:54.518Z] GET /fisica/
2026-02-25T14:15:57: [INFO 2026-02-25T17:15:57.223Z] GET /empresas/
2026-02-25T14:22:08: [INFO 2026-02-25T17:22:08.391Z] GET /empresas/
2026-02-25T14:22:18: [INFO 2026-02-25T17:22:18.258Z] GET /empresas/
2026-02-25T14:22:18: [INFO 2026-02-25T17:22:18.531Z] GET /empresas/
2026-02-25T14:22:33: [INFO 2026-02-25T17:22:33.330Z] GET /fisica/
2026-02-25T14:22:36: [INFO 2026-02-25T17:22:36.113Z] GET /fisica/
2026-02-25T14:27:55: [INFO 2026-02-25T17:27:55.169Z] GET /fisica/
2026-02-25T14:27:56: [INFO 2026-02-25T17:27:56.769Z] GET /fisica/
2026-02-25T14:28:04: [INFO 2026-02-25T17:28:04.015Z] DELETE /fisica/7
2026-02-25T14:28:04: [INFO 2026-02-25T17:28:04.142Z] GET /fisica/
2026-02-25T14:29:40: [INFO 2026-02-25T17:29:40.643Z] POST /fisica
2026-02-25T14:29:40: [INFO 2026-02-25T17:29:40.667Z] GET /fisica
2026-02-25T14:29:40: [INFO 2026-02-25T17:29:40.679Z] GET /fisica/
2026-02-25T14:29:40: [INFO 2026-02-25T17:29:40.683Z] GET /fisica/
2026-02-25T14:39:07: [INFO 2026-02-25T17:39:07.032Z] POST /auth/login
2026-02-25T14:39:11: [INFO 2026-02-25T17:39:11.035Z] GET /empresas/
2026-02-25T14:39:19: [INFO 2026-02-25T17:39:19.543Z] GET /empresas/
2026-02-25T14:40:01: [INFO 2026-02-25T17:40:01.446Z] GET /fisica/
2026-02-25T14:40:02: [INFO 2026-02-25T17:40:02.185Z] GET /fisica/
2026-02-25T14:40:37: [INFO 2026-02-25T17:40:37.356Z] POST /fisica
2026-02-25T14:40:37: [INFO 2026-02-25T17:40:37.411Z] GET /fisica
2026-02-25T14:40:37: [INFO 2026-02-25T17:40:37.418Z] GET /fisica/
2026-02-25T14:40:37: [INFO 2026-02-25T17:40:37.423Z] GET /fisica/
2026-02-25T14:40:42: [INFO 2026-02-25T17:40:42.869Z] GET /fisica/
2026-02-25T14:40:50: [INFO 2026-02-25T17:40:50.016Z] DELETE /fisica/8
2026-02-25T14:40:50: [INFO 2026-02-25T17:40:50.071Z] DELETE /fisica/9
2026-02-25T14:40:50: [INFO 2026-02-25T17:40:50.107Z] GET /fisica/
2026-02-25T15:03:13: [INFO 2026-02-25T18:03:13.643Z] GET /fisica/
2026-03-04T07:26:11: [INFO 2026-03-04T10:26:11.046Z] POST /auth/login
2026-03-04T07:26:14: [INFO 2026-03-04T10:26:14.960Z] GET /empresas/
2026-03-04T07:26:29: [INFO 2026-03-04T10:26:25.712Z] GET /empresas/
2026-03-06T09:31:45: [SUCCESS 2026-03-06T12:31:45.446Z] Servidor rodando na porta 3000
2026-03-06T09:31:45: [SUCCESS 2026-03-06T12:31:45.818Z] MySQL Pool conectado com sucesso
2026-03-06T09:31:49: [INFO 2026-03-06T12:31:49.856Z] POST /auth/login
2026-03-06T09:40:30: [INFO 2026-03-06T12:40:29.982Z] POST /xml/upload
2026-03-06T09:40:33: [INFO 2026-03-06T12:40:33.406Z] POST /xml/upload
2026-03-06T09:40:33: [INFO 2026-03-06T12:40:33.788Z] POST /xml/upload
2026-03-06T09:40:33: [INFO 2026-03-06T12:40:33.971Z] POST /xml/upload
2026-03-06T09:40:34: [INFO 2026-03-06T12:40:34.150Z] POST /xml/upload
2026-03-06T09:40:34: [INFO 2026-03-06T12:40:34.970Z] POST /xml/upload
2026-03-06T09:40:34: [INFO 2026-03-06T12:40:34.976Z] POST /xml/upload
2026-03-06T09:40:34: [INFO 2026-03-06T12:40:34.982Z] POST /xml/upload
2026-03-06T09:40:35: [INFO 2026-03-06T12:40:34.988Z] POST /xml/upload
2026-03-06T09:40:35: [INFO 2026-03-06T12:40:35.189Z] POST /xml/upload
2026-03-06T09:40:40: [INFO 2026-03-06T12:40:40.703Z] POST /xml/upload
2026-03-06T09:40:40: [INFO 2026-03-06T12:40:40.890Z] POST /xml/upload
2026-03-06T09:40:41: [INFO 2026-03-06T12:40:41.043Z] POST /xml/upload
2026-03-06T09:40:41: [INFO 2026-03-06T12:40:41.340Z] POST /xml/upload
2026-03-06T09:46:58: [INFO 2026-03-06T12:46:58.191Z] POST /xml/upload
2026-03-06T09:47:07: [INFO 2026-03-06T12:47:07.011Z] POST /xml/upload
2026-03-06T14:08:20: [SUCCESS 2026-03-06T17:08:17.757Z] Servidor rodando na porta 3000
2026-03-06T14:08:20: [SUCCESS 2026-03-06T17:08:20.717Z] MySQL Pool conectado com sucesso
2026-03-06T14:39:40: [INFO 2026-03-06T17:39:40.416Z] POST /auth/login
2026-03-06T14:39:44: [INFO 2026-03-06T17:39:44.802Z] GET /fisica/
2026-03-06T14:39:46: [INFO 2026-03-06T17:39:46.739Z] GET /fisica/
2026-03-06T14:39:48: [INFO 2026-03-06T17:39:48.380Z] GET /fisica/
2026-03-06T14:39:49: [INFO 2026-03-06T17:39:49.332Z] GET /fisica/
2026-03-06T14:40:04: [INFO 2026-03-06T17:40:04.651Z] POST /fisica
2026-03-06T14:40:04: [INFO 2026-03-06T17:40:04.715Z] GET /fisica
2026-03-06T14:40:04: [INFO 2026-03-06T17:40:04.756Z] GET /fisica/
2026-03-06T14:40:04: [INFO 2026-03-06T17:40:04.761Z] GET /fisica/
2026-03-06T14:40:06: [INFO 2026-03-06T17:40:06.678Z] GET /fisica/
2026-03-06T14:40:08: [INFO 2026-03-06T17:40:08.099Z] GET /fisica/
2026-03-06T14:40:14: [INFO 2026-03-06T17:40:14.877Z] GET /usuarios/
2026-03-06T14:40:28: [INFO 2026-03-06T17:40:28.475Z] GET /fisica/
2026-03-09T10:36:51: [SUCCESS 2026-03-09T13:36:51.322Z] Servidor rodando na porta 3000
2026-03-09T10:36:52: [INFO 2026-03-09T13:36:52.258Z] POST /auth/login
2026-03-09T10:36:52: [INFO 2026-03-09T13:36:52.307Z] POST /auth/login
2026-03-09T10:36:52: [SUCCESS 2026-03-09T13:36:52.560Z] MySQL Pool conectado com sucesso
2026-03-09T10:37:54: [INFO 2026-03-09T13:37:54.523Z] POST /auth/login
2026-03-09T10:40:22: [INFO 2026-03-09T13:40:17.837Z] GET /
2026-03-09T10:40:25: [INFO 2026-03-09T13:40:25.838Z] GET /style.css
2026-03-09T10:40:26: [INFO 2026-03-09T13:40:25.883Z] GET /menu.css
2026-03-09T10:40:26: [INFO 2026-03-09T13:40:26.028Z] GET /logo%20orcose.png
2026-03-09T10:40:26: [INFO 2026-03-09T13:40:26.280Z] GET /favicon.ico
2026-03-09T10:52:24: [SUCCESS 2026-03-09T13:52:24.775Z] Servidor rodando na porta 3000
2026-03-09T10:52:25: [SUCCESS 2026-03-09T13:52:25.030Z] MySQL Pool conectado com sucesso
2026-03-09T13:24:57: [SUCCESS 2026-03-09T16:24:57.526Z] Servidor rodando na porta 3000
2026-03-09T13:24:57: [SUCCESS 2026-03-09T16:24:57.878Z] MySQL Pool conectado com sucesso
2026-03-09T13:25:13: [SUCCESS 2026-03-09T16:25:13.932Z] Servidor rodando na porta 3000
2026-03-09T13:25:14: [SUCCESS 2026-03-09T16:25:14.216Z] MySQL Pool conectado com sucesso
2026-03-09T16:06:47: [INFO 2026-03-09T19:06:33.428Z] POST /auth/login
2026-03-09T16:06:47: [INFO 2026-03-09T19:06:33.844Z] POST /auth/login
2026-03-09T16:07:45: [SUCCESS 2026-03-09T19:07:43.129Z] Servidor rodando na porta 3000
2026-03-09T16:07:46: [SUCCESS 2026-03-09T19:07:46.810Z] MySQL Pool conectado com sucesso
2026-03-18T08:16:02: [SUCCESS 2026-03-18T11:16:02.115Z] Servidor rodando na porta 3000
2026-03-18T08:16:02: [SUCCESS 2026-03-18T11:16:02.170Z] MySQL Pool conectado com sucesso
2026-03-23T16:36:51: [SUCCESS 2026-03-23T19:36:51.109Z] Servidor rodando na porta 3000
2026-03-23T16:36:51: [SUCCESS 2026-03-23T19:36:51.156Z] MySQL Pool conectado com sucesso
2026-03-23T16:37:01: [INFO 2026-03-23T19:37:01.457Z] POST /auth/login
2026-03-23T16:37:04: [INFO 2026-03-23T19:37:04.649Z] GET /empresas
2026-03-23T16:37:04: [INFO 2026-03-23T19:37:04.657Z] GET /empresas/
2026-03-23T16:37:09: [INFO 2026-03-23T19:37:09.243Z] GET /empresas/
2026-03-23T16:37:37: [INFO 2026-03-23T19:37:37.175Z] GET /empresas/
2026-03-23T16:37:41: [INFO 2026-03-23T19:37:41.410Z] GET /empresas/
2026-03-23T16:37:47: [INFO 2026-03-23T19:37:47.618Z] GET /fisica
2026-03-23T16:37:47: [INFO 2026-03-23T19:37:47.627Z] GET /fisica/
2026-03-23T16:37:48: [INFO 2026-03-23T19:37:48.424Z] GET /fisica/
2026-03-23T16:37:49: [INFO 2026-03-23T19:37:49.735Z] GET /fisica/
2026-03-23T16:37:50: [INFO 2026-03-23T19:37:50.839Z] GET /fisica/
2026-03-23T16:37:51: [INFO 2026-03-23T19:37:51.624Z] GET /fisica/
2026-03-23T16:38:00: [INFO 2026-03-23T19:38:00.996Z] GET /fisica/
2026-03-23T16:38:07: [INFO 2026-03-23T19:38:07.377Z] GET /fisica/
2026-03-23T16:38:10: [INFO 2026-03-23T19:38:10.040Z] GET /empresas/
2026-03-23T16:38:13: [INFO 2026-03-23T19:38:13.937Z] GET /empresas/
2026-03-24T10:20:29: [SUCCESS 2026-03-24T13:20:29.958Z] Servidor rodando na porta 3000
2026-03-24T10:20:30: [SUCCESS 2026-03-24T13:20:30.052Z] MySQL Pool conectado com sucesso
2026-03-24T13:33:43: [INFO 2026-03-24T16:33:43.086Z] GET /empresas/
2026-03-24T13:33:43: [INFO 2026-03-24T16:33:43.118Z] GET /fisica/
2026-03-24T13:33:51: [INFO 2026-03-24T16:33:51.486Z] GET /empresas/
2026-03-24T13:33:51: [INFO 2026-03-24T16:33:51.492Z] GET /fisica/
2026-03-24T13:37:36: [INFO 2026-03-24T16:37:36.947Z] GET /empresas/
2026-03-24T13:37:36: [INFO 2026-03-24T16:37:36.947Z] GET /fisica/
2026-03-24T13:38:01: [INFO 2026-03-24T16:38:01.743Z] GET /empresas/
2026-03-24T13:38:01: [INFO 2026-03-24T16:38:01.743Z] GET /fisica/
2026-03-24T13:38:20: [INFO 2026-03-24T16:38:20.910Z] GET /empresas/
2026-03-24T13:38:20: [INFO 2026-03-24T16:38:20.911Z] GET /fisica/
2026-03-24T13:40:45: [INFO 2026-03-24T16:40:45.488Z] GET /empresas/
2026-03-24T13:40:45: [INFO 2026-03-24T16:40:45.496Z] GET /fisica/
2026-03-24T13:43:53: [INFO 2026-03-24T16:43:53.770Z] GET /empresas/
2026-03-24T13:43:53: [INFO 2026-03-24T16:43:53.771Z] GET /fisica/
2026-03-24T13:44:40: [INFO 2026-03-24T16:44:40.408Z] GET /empresas/
2026-03-24T13:44:40: [INFO 2026-03-24T16:44:40.409Z] GET /fisica/
2026-03-24T13:44:46: [INFO 2026-03-24T16:44:46.262Z] GET /empresas/
2026-03-24T13:44:46: [INFO 2026-03-24T16:44:46.263Z] GET /fisica/
2026-03-24T13:45:47: [INFO 2026-03-24T16:45:47.913Z] GET /empresas/
2026-03-24T13:45:47: [INFO 2026-03-24T16:45:47.916Z] GET /fisica/
2026-03-24T14:40:13: [INFO 2026-03-24T17:40:13.808Z] GET /empresas/
2026-03-24T14:40:13: [INFO 2026-03-24T17:40:13.810Z] GET /fisica/
2026-03-24T14:42:28: [INFO 2026-03-24T17:42:28.270Z] GET /empresas/
2026-03-24T14:42:28: [INFO 2026-03-24T17:42:28.291Z] GET /fisica/
2026-03-24T14:42:31: [INFO 2026-03-24T17:42:31.227Z] GET /empresas/
2026-03-24T14:42:31: [INFO 2026-03-24T17:42:31.228Z] GET /fisica/
2026-03-24T14:42:53: [INFO 2026-03-24T17:42:53.420Z] GET /empresas/
2026-03-24T14:42:53: [INFO 2026-03-24T17:42:53.421Z] GET /fisica/
2026-03-24T14:45:13: [INFO 2026-03-24T17:45:13.446Z] GET /fisica/
2026-03-24T14:45:13: [INFO 2026-03-24T17:45:13.447Z] GET /empresas/
2026-03-24T14:45:51: [INFO 2026-03-24T17:45:51.034Z] GET /fisica/
2026-03-24T14:45:51: [INFO 2026-03-24T17:45:51.034Z] GET /empresas/
2026-03-24T14:45:57: [INFO 2026-03-24T17:45:57.564Z] GET /empresas/
2026-03-24T14:45:57: [INFO 2026-03-24T17:45:57.565Z] GET /fisica/
2026-03-24T14:47:22: [INFO 2026-03-24T17:47:22.801Z] GET /empresas/
2026-03-24T14:47:22: [INFO 2026-03-24T17:47:22.801Z] GET /fisica/
2026-03-24T14:48:18: [INFO 2026-03-24T17:48:18.133Z] GET /fisica/
2026-03-24T14:48:18: [INFO 2026-03-24T17:48:18.140Z] GET /empresas/
2026-03-24T14:48:44: [INFO 2026-03-24T17:48:44.556Z] GET /empresas/
2026-03-24T14:48:44: [INFO 2026-03-24T17:48:44.556Z] GET /fisica/
2026-03-24T14:53:26: [INFO 2026-03-24T17:53:26.670Z] GET /empresas/
2026-03-24T14:53:26: [INFO 2026-03-24T17:53:26.671Z] GET /fisica/
2026-03-24T15:36:49: [INFO 2026-03-24T18:36:49.550Z] GET /empresas/
2026-03-24T15:36:49: [INFO 2026-03-24T18:36:49.555Z] GET /fisica/
2026-03-24T15:37:06: [INFO 2026-03-24T18:37:06.917Z] POST /auth/login
2026-03-24T15:37:06: [INFO 2026-03-24T18:37:06.977Z] GET /empresas/
2026-03-24T15:37:06: [INFO 2026-03-24T18:37:06.978Z] GET /fisica/
2026-03-24T15:38:00: [INFO 2026-03-24T18:38:00.127Z] GET /empresas/
2026-03-24T15:38:00: [INFO 2026-03-24T18:38:00.128Z] GET /fisica/
2026-03-24T15:38:02: [INFO 2026-03-24T18:38:02.934Z] GET /empresas/
2026-03-24T15:38:10: [INFO 2026-03-24T18:38:10.106Z] GET /empresas/
2026-03-24T15:38:10: [INFO 2026-03-24T18:38:10.112Z] GET /fisica/
2026-03-24T15:38:11: [INFO 2026-03-24T18:38:11.503Z] GET /fisica/
2026-03-24T15:38:13: [INFO 2026-03-24T18:38:13.911Z] GET /empresas/
2026-03-24T15:38:13: [INFO 2026-03-24T18:38:13.911Z] GET /fisica/
2026-04-07T17:28:46: [SUCCESS 2026-04-07T20:28:46.788Z] Servidor rodando na porta 3000
2026-04-07T17:28:47: [SUCCESS 2026-04-07T20:28:47.272Z] MySQL Pool conectado com sucesso
2026-04-15T08:24:18: [SUCCESS 2026-04-15T11:24:18.833Z] Servidor rodando na porta 3000
2026-04-15T08:24:19: [SUCCESS 2026-04-15T11:24:19.516Z] MySQL Pool conectado com sucesso
2026-04-15T08:26:59: [INFO 2026-04-15T11:26:59.130Z] POST /auth/login
2026-04-15T08:26:59: [INFO 2026-04-15T11:26:59.755Z] GET /empresas
2026-04-15T08:26:59: [INFO 2026-04-15T11:26:59.801Z] GET /fisica
2026-04-15T08:26:59: [INFO 2026-04-15T11:26:59.964Z] GET /empresas/
2026-04-15T08:26:59: [INFO 2026-04-15T11:26:59.968Z] GET /fisica/
2026-04-15T08:27:47: [INFO 2026-04-15T11:27:47.781Z] GET /empresas/
2026-04-15T08:28:11: [INFO 2026-04-15T11:28:11.444Z] GET /empresas/
2026-04-15T08:28:48: [INFO 2026-04-15T11:28:48.929Z] GET /empresas/
2026-04-15T08:28:48: [INFO 2026-04-15T11:28:48.997Z] GET /fisica/
2026-04-15T08:29:04: [INFO 2026-04-15T11:29:04.889Z] GET /empresas/
2026-04-15T08:29:04: [INFO 2026-04-15T11:29:04.893Z] GET /fisica/
2026-04-15T08:30:42: [INFO 2026-04-15T11:30:42.513Z] GET /empresas/
2026-04-16T11:19:10: [SUCCESS 2026-04-16T14:19:10.959Z] Servidor rodando na porta 3000
2026-04-16T11:19:11: [SUCCESS 2026-04-16T14:19:11.092Z] MySQL Pool conectado com sucesso
2026-04-16T11:19:50: [INFO 2026-04-16T14:19:50.928Z] POST /auth/login
2026-04-16T11:19:51: [INFO 2026-04-16T14:19:51.327Z] GET /empresas
2026-04-16T11:19:51: [INFO 2026-04-16T14:19:51.331Z] GET /fisica
2026-04-16T11:19:51: [INFO 2026-04-16T14:19:51.335Z] GET /empresas/
2026-04-16T11:19:51: [INFO 2026-04-16T14:19:51.342Z] GET /fisica/
2026-04-16T11:19:52: [INFO 2026-04-16T14:19:52.496Z] GET /empresas/
2026-04-16T11:29:21: [INFO 2026-04-16T14:29:21.106Z] POST /empresas
2026-04-16T11:29:22: [INFO 2026-04-16T14:29:22.659Z] GET /empresas/
2026-04-16T11:30:46: [INFO 2026-04-16T14:30:46.371Z] POST /empresas
2026-04-16T11:30:47: [INFO 2026-04-16T14:30:47.889Z] GET /empresas/
2026-04-16T11:32:11: [INFO 2026-04-16T14:32:11.782Z] POST /empresas
2026-04-16T11:32:13: [INFO 2026-04-16T14:32:13.357Z] GET /empresas/
2026-04-16T11:33:37: [INFO 2026-04-16T14:33:37.260Z] POST /empresas
2026-04-16T11:33:38: [INFO 2026-04-16T14:33:38.824Z] GET /empresas/
2026-04-16T11:35:02: [INFO 2026-04-16T14:35:02.444Z] POST /empresas
2026-04-16T11:35:03: [INFO 2026-04-16T14:35:03.990Z] GET /empresas/
2026-04-16T11:36:04: [INFO 2026-04-16T14:36:04.521Z] GET /empresas/
2026-04-16T11:36:17: [INFO 2026-04-16T14:36:17.696Z] GET /empresas/
2026-04-16T11:37:29: [INFO 2026-04-16T14:37:29.811Z] POST /empresas
2026-04-16T11:37:31: [INFO 2026-04-16T14:37:31.358Z] GET /empresas/
2026-04-16T11:38:43: [INFO 2026-04-16T14:38:43.637Z] POST /empresas
2026-04-16T11:38:45: [INFO 2026-04-16T14:38:45.207Z] GET /empresas/
2026-04-16T11:39:57: [INFO 2026-04-16T14:39:57.663Z] POST /empresas
2026-04-16T11:39:59: [INFO 2026-04-16T14:39:59.242Z] GET /empresas/
2026-04-16T11:41:12: [INFO 2026-04-16T14:41:12.023Z] POST /empresas
2026-04-16T11:41:13: [INFO 2026-04-16T14:41:13.564Z] GET /empresas/
2026-04-16T11:42:24: [INFO 2026-04-16T14:42:24.815Z] POST /empresas
2026-04-16T11:42:26: [INFO 2026-04-16T14:42:26.362Z] GET /empresas/
2026-04-16T11:43:37: [INFO 2026-04-16T14:43:37.081Z] POST /empresas
2026-04-16T11:43:38: [INFO 2026-04-16T14:43:38.684Z] GET /empresas/
2026-04-16T11:44:51: [INFO 2026-04-16T14:44:51.372Z] POST /empresas
2026-04-16T11:44:52: [INFO 2026-04-16T14:44:52.968Z] GET /empresas/
2026-04-16T11:46:03: [INFO 2026-04-16T14:46:03.714Z] POST /empresas
2026-04-16T11:46:05: [INFO 2026-04-16T14:46:05.289Z] GET /empresas/
2026-04-16T11:47:18: [INFO 2026-04-16T14:47:18.573Z] POST /empresas
2026-04-16T11:47:20: [INFO 2026-04-16T14:47:20.155Z] GET /empresas/
2026-04-16T11:48:31: [INFO 2026-04-16T14:48:31.213Z] POST /empresas
2026-04-16T11:48:32: [INFO 2026-04-16T14:48:32.810Z] GET /empresas/
2026-04-16T11:49:43: [INFO 2026-04-16T14:49:43.734Z] POST /empresas
2026-04-16T11:49:45: [INFO 2026-04-16T14:49:45.311Z] GET /empresas/
2026-04-16T11:50:56: [INFO 2026-04-16T14:50:56.539Z] POST /empresas
2026-04-16T11:50:58: [INFO 2026-04-16T14:50:58.123Z] GET /empresas/
2026-04-16T11:51:22: [INFO 2026-04-16T14:51:22.611Z] POST /auth/login
2026-04-16T11:51:22: [INFO 2026-04-16T14:51:22.709Z] GET /empresas/
2026-04-16T11:51:22: [INFO 2026-04-16T14:51:22.711Z] GET /fisica/
2026-04-16T11:51:30: [INFO 2026-04-16T14:51:30.103Z] GET /empresas/
2026-04-16T11:52:37: [INFO 2026-04-16T14:52:37.334Z] POST /empresas
2026-04-16T11:52:38: [INFO 2026-04-16T14:52:38.907Z] GET /empresas/
2026-04-16T11:53:43: [INFO 2026-04-16T14:53:43.793Z] POST /empresas
2026-04-16T11:53:45: [INFO 2026-04-16T14:53:45.426Z] GET /empresas/
2026-04-16T11:54:50: [INFO 2026-04-16T14:54:50.377Z] POST /empresas
2026-04-16T11:54:51: [INFO 2026-04-16T14:54:51.921Z] GET /empresas/
2026-04-16T11:55:56: [INFO 2026-04-16T14:55:56.693Z] POST /empresas
2026-04-16T11:55:58: [INFO 2026-04-16T14:55:58.349Z] GET /empresas/
2026-04-16T11:57:03: [INFO 2026-04-16T14:57:03.225Z] POST /empresas
2026-04-16T11:57:04: [INFO 2026-04-16T14:57:04.766Z] GET /empresas/
2026-04-16T11:58:09: [INFO 2026-04-16T14:58:09.691Z] POST /empresas
2026-04-16T11:58:11: [INFO 2026-04-16T14:58:11.269Z] GET /empresas/
2026-04-16T11:59:16: [INFO 2026-04-16T14:59:16.340Z] POST /empresas
2026-04-16T11:59:17: [INFO 2026-04-16T14:59:17.866Z] GET /empresas/
2026-04-16T12:00:24: [INFO 2026-04-16T15:00:24.831Z] POST /empresas
2026-04-16T12:00:26: [INFO 2026-04-16T15:00:26.411Z] GET /empresas/
2026-04-16T12:01:31: [INFO 2026-04-16T15:01:31.482Z] POST /empresas
2026-04-16T12:01:33: [INFO 2026-04-16T15:01:33.046Z] GET /empresas/
2026-04-16T12:02:38: [INFO 2026-04-16T15:02:38.183Z] POST /empresas
2026-04-16T12:02:39: [INFO 2026-04-16T15:02:39.780Z] GET /empresas/
2026-04-16T12:03:45: [INFO 2026-04-16T15:03:45.018Z] POST /empresas
2026-04-16T12:03:46: [INFO 2026-04-16T15:03:46.611Z] GET /empresas/
2026-04-16T12:04:51: [INFO 2026-04-16T15:04:51.801Z] POST /empresas
2026-04-16T12:04:53: [INFO 2026-04-16T15:04:53.408Z] GET /empresas/
2026-04-16T12:05:58: [INFO 2026-04-16T15:05:58.802Z] POST /empresas
2026-04-16T12:06:00: [INFO 2026-04-16T15:06:00.405Z] GET /empresas/
2026-04-16T12:06:07: [INFO 2026-04-16T15:06:07.015Z] GET /empresas/
2026-04-16T12:07:10: [INFO 2026-04-16T15:07:10.155Z] GET /empresas/
2026-04-16T12:08:15: [INFO 2026-04-16T15:08:15.700Z] POST /empresas
2026-04-16T12:08:17: [INFO 2026-04-16T15:08:17.211Z] GET /empresas/
2026-04-16T12:09:22: [INFO 2026-04-16T15:09:22.734Z] POST /empresas
2026-04-16T12:09:24: [INFO 2026-04-16T15:09:24.284Z] GET /empresas/
2026-04-16T12:10:29: [INFO 2026-04-16T15:10:29.697Z] POST /empresas
2026-04-16T12:10:31: [INFO 2026-04-16T15:10:31.260Z] GET /empresas/
2026-04-16T12:11:36: [INFO 2026-04-16T15:11:36.769Z] POST /empresas
2026-04-16T12:11:38: [INFO 2026-04-16T15:11:38.365Z] GET /empresas/
2026-04-16T12:12:43: [INFO 2026-04-16T15:12:43.889Z] POST /empresas
2026-04-16T12:12:45: [INFO 2026-04-16T15:12:45.470Z] GET /empresas/
2026-04-16T12:13:51: [INFO 2026-04-16T15:13:51.042Z] POST /empresas
2026-04-16T12:13:52: [INFO 2026-04-16T15:13:52.618Z] GET /empresas/
2026-04-16T12:14:58: [INFO 2026-04-16T15:14:58.025Z] POST /empresas
2026-04-16T12:14:59: [INFO 2026-04-16T15:14:59.599Z] GET /empresas/
2026-04-16T12:16:05: [INFO 2026-04-16T15:16:05.529Z] POST /empresas
2026-04-16T12:16:07: [INFO 2026-04-16T15:16:07.070Z] GET /empresas/
2026-04-16T12:17:14: [INFO 2026-04-16T15:17:14.989Z] POST /empresas
2026-04-16T12:17:16: [INFO 2026-04-16T15:17:16.560Z] GET /empresas/
2026-04-16T12:18:22: [INFO 2026-04-16T15:18:22.174Z] POST /empresas
2026-04-16T12:18:23: [INFO 2026-04-16T15:18:23.749Z] GET /empresas/
2026-04-16T12:19:29: [INFO 2026-04-16T15:19:29.659Z] POST /empresas
2026-04-16T12:19:31: [INFO 2026-04-16T15:19:31.238Z] GET /empresas/
2026-04-16T12:20:37: [INFO 2026-04-16T15:20:37.028Z] POST /empresas
2026-04-16T12:20:38: [INFO 2026-04-16T15:20:38.786Z] GET /empresas/
2026-04-16T12:21:44: [INFO 2026-04-16T15:21:44.600Z] POST /empresas
2026-04-16T12:21:46: [INFO 2026-04-16T15:21:46.172Z] GET /empresas/
2026-04-16T12:22:11: [INFO 2026-04-16T15:22:11.458Z] POST /auth/login
2026-04-16T12:22:11: [INFO 2026-04-16T15:22:11.681Z] GET /empresas/
2026-04-16T12:22:11: [INFO 2026-04-16T15:22:11.684Z] GET /fisica/
2026-04-16T12:22:18: [INFO 2026-04-16T15:22:18.632Z] GET /empresas/
2026-04-16T12:23:27: [INFO 2026-04-16T15:23:27.315Z] GET /empresas/
2026-04-16T12:24:32: [INFO 2026-04-16T15:24:32.973Z] POST /empresas
2026-04-16T12:24:34: [INFO 2026-04-16T15:24:34.512Z] GET /empresas/
2026-04-16T12:25:42: [INFO 2026-04-16T15:25:42.534Z] POST /empresas
2026-04-16T12:25:44: [INFO 2026-04-16T15:25:44.066Z] GET /empresas/
2026-04-16T12:26:49: [INFO 2026-04-16T15:26:49.986Z] POST /empresas
2026-04-16T12:26:51: [INFO 2026-04-16T15:26:51.516Z] GET /empresas/
2026-04-16T12:27:57: [INFO 2026-04-16T15:27:57.709Z] POST /empresas
2026-04-16T12:27:59: [INFO 2026-04-16T15:27:59.239Z] GET /empresas/
2026-04-16T12:29:05: [INFO 2026-04-16T15:29:05.544Z] POST /empresas
2026-04-16T12:29:07: [INFO 2026-04-16T15:29:07.107Z] GET /empresas/
2026-04-16T12:30:12: [INFO 2026-04-16T15:30:12.664Z] POST /empresas
2026-04-16T12:30:14: [INFO 2026-04-16T15:30:14.228Z] GET /empresas/
2026-04-16T12:31:20: [INFO 2026-04-16T15:31:20.184Z] POST /empresas
2026-04-16T12:31:21: [INFO 2026-04-16T15:31:21.749Z] GET /empresas/
2026-04-16T12:32:27: [INFO 2026-04-16T15:32:27.662Z] POST /empresas
2026-04-16T12:32:29: [INFO 2026-04-16T15:32:29.250Z] GET /empresas/
2026-04-16T12:33:35: [INFO 2026-04-16T15:33:35.258Z] POST /empresas
2026-04-16T12:33:36: [INFO 2026-04-16T15:33:36.787Z] GET /empresas/
2026-04-16T12:34:43: [INFO 2026-04-16T15:34:43.141Z] POST /empresas
2026-04-16T12:34:44: [INFO 2026-04-16T15:34:44.672Z] GET /empresas/
2026-04-16T12:35:51: [INFO 2026-04-16T15:35:51.368Z] POST /empresas
2026-04-16T12:35:52: [INFO 2026-04-16T15:35:52.943Z] GET /empresas/
2026-04-16T12:36:05: [INFO 2026-04-16T15:36:05.104Z] GET /empresas/
2026-04-16T12:37:00: [INFO 2026-04-16T15:37:00.635Z] POST /empresas
2026-04-16T12:37:02: [INFO 2026-04-16T15:37:02.172Z] GET /empresas/
2026-04-16T12:38:08: [INFO 2026-04-16T15:38:08.448Z] POST /empresas
2026-04-16T12:38:09: [INFO 2026-04-16T15:38:09.993Z] GET /empresas/
2026-04-16T12:39:16: [INFO 2026-04-16T15:39:16.264Z] POST /empresas
2026-04-16T12:39:17: [INFO 2026-04-16T15:39:17.762Z] GET /empresas/
2026-04-16T12:40:26: [INFO 2026-04-16T15:40:26.092Z] POST /empresas
2026-04-16T12:40:27: [INFO 2026-04-16T15:40:27.656Z] GET /empresas/
2026-04-16T12:41:33: [INFO 2026-04-16T15:41:33.734Z] POST /empresas
2026-04-16T12:41:35: [INFO 2026-04-16T15:41:35.293Z] GET /empresas/
2026-04-16T12:42:43: [INFO 2026-04-16T15:42:43.949Z] POST /empresas
2026-04-16T12:42:45: [INFO 2026-04-16T15:42:45.539Z] GET /empresas/
2026-04-16T12:43:53: [INFO 2026-04-16T15:43:53.996Z] POST /empresas
2026-04-16T12:43:55: [INFO 2026-04-16T15:43:55.584Z] GET /empresas/
2026-04-16T12:45:04: [INFO 2026-04-16T15:45:04.075Z] POST /empresas
2026-04-16T12:45:05: [INFO 2026-04-16T15:45:05.601Z] GET /empresas/
2026-04-16T12:46:14: [INFO 2026-04-16T15:46:14.271Z] POST /empresas
2026-04-16T12:46:15: [INFO 2026-04-16T15:46:15.842Z] GET /empresas/
2026-04-16T12:47:24: [INFO 2026-04-16T15:47:24.617Z] POST /empresas
2026-04-16T12:47:26: [INFO 2026-04-16T15:47:26.192Z] GET /empresas/
2026-04-16T12:48:35: [INFO 2026-04-16T15:48:35.045Z] POST /empresas
2026-04-16T12:48:36: [INFO 2026-04-16T15:48:36.600Z] GET /empresas/
2026-04-16T12:49:45: [INFO 2026-04-16T15:49:45.843Z] POST /empresas
2026-04-16T12:49:47: [INFO 2026-04-16T15:49:47.418Z] GET /empresas/
2026-04-16T12:50:56: [INFO 2026-04-16T15:50:56.214Z] POST /empresas
2026-04-16T12:50:57: [INFO 2026-04-16T15:50:57.767Z] GET /empresas/
2026-04-16T12:51:04: [INFO 2026-04-16T15:51:04.325Z] GET /empresas/
2026-04-16T12:52:07: [INFO 2026-04-16T15:52:07.198Z] POST /empresas
2026-04-16T12:52:08: [INFO 2026-04-16T15:52:08.763Z] GET /empresas/
2026-04-16T12:53:17: [INFO 2026-04-16T15:53:17.688Z] POST /empresas
2026-04-16T12:53:45: [INFO 2026-04-16T15:53:45.112Z] POST /auth/login
2026-04-16T12:53:45: [INFO 2026-04-16T15:53:45.201Z] GET /empresas/
2026-04-16T12:53:45: [INFO 2026-04-16T15:53:45.207Z] GET /fisica/
2026-04-16T12:53:52: [INFO 2026-04-16T15:53:52.315Z] GET /empresas/
2026-04-16T12:55:01: [INFO 2026-04-16T15:55:01.201Z] POST /empresas
2026-04-16T12:55:02: [INFO 2026-04-16T15:55:02.705Z] GET /empresas/
2026-04-16T12:56:11: [INFO 2026-04-16T15:56:11.276Z] POST /empresas
2026-04-16T12:56:12: [INFO 2026-04-16T15:56:12.829Z] GET /empresas/
2026-04-16T12:57:21: [INFO 2026-04-16T15:57:21.945Z] POST /empresas
2026-04-16T12:57:23: [INFO 2026-04-16T15:57:23.488Z] GET /empresas/
2026-04-16T12:58:32: [INFO 2026-04-16T15:58:32.272Z] POST /empresas
2026-04-16T12:58:33: [INFO 2026-04-16T15:58:33.862Z] GET /empresas/
2026-04-16T12:59:41: [INFO 2026-04-16T15:59:41.147Z] POST /empresas
2026-04-16T12:59:42: [INFO 2026-04-16T15:59:42.684Z] GET /empresas/
2026-04-16T13:00:51: [INFO 2026-04-16T16:00:51.442Z] POST /empresas
2026-04-16T13:00:53: [INFO 2026-04-16T16:00:53.056Z] GET /empresas/
2026-04-16T13:01:59: [INFO 2026-04-16T16:01:59.781Z] POST /empresas
2026-04-16T13:02:01: [INFO 2026-04-16T16:02:01.324Z] GET /empresas/
2026-04-16T13:03:10: [INFO 2026-04-16T16:03:10.680Z] POST /empresas
2026-04-16T13:03:12: [INFO 2026-04-16T16:03:12.289Z] GET /empresas/
2026-04-16T13:04:21: [INFO 2026-04-16T16:04:21.145Z] POST /empresas
2026-04-16T13:04:22: [INFO 2026-04-16T16:04:22.719Z] GET /empresas/
2026-04-16T13:05:31: [INFO 2026-04-16T16:05:31.559Z] POST /empresas
2026-04-16T13:05:33: [INFO 2026-04-16T16:05:33.116Z] GET /empresas/
2026-04-16T13:06:05: [INFO 2026-04-16T16:06:05.115Z] GET /empresas/
2026-04-16T13:21:04: [INFO 2026-04-16T16:21:04.503Z] GET /empresas/
2026-04-16T13:23:02: [INFO 2026-04-16T16:23:02.976Z] GET /empresas/
2026-04-16T13:24:22: [INFO 2026-04-16T16:24:22.136Z] POST /empresas
2026-04-16T13:24:23: [INFO 2026-04-16T16:24:23.719Z] GET /empresas/
2026-04-16T13:24:52: [INFO 2026-04-16T16:24:52.824Z] POST /auth/login
2026-04-16T13:24:53: [INFO 2026-04-16T16:24:53.072Z] GET /empresas/
2026-04-16T13:24:53: [INFO 2026-04-16T16:24:53.073Z] GET /fisica/
2026-04-16T13:25:00: [INFO 2026-04-16T16:25:00.224Z] GET /empresas/
2026-04-16T13:26:06: [INFO 2026-04-16T16:26:06.421Z] POST /empresas
2026-04-16T13:26:07: [INFO 2026-04-16T16:26:07.954Z] GET /empresas/
2026-04-16T13:27:19: [INFO 2026-04-16T16:27:19.075Z] POST /empresas
2026-04-16T13:27:20: [INFO 2026-04-16T16:27:20.603Z] GET /empresas/
2026-04-16T13:36:04: [INFO 2026-04-16T16:36:04.265Z] GET /empresas/
2026-04-16T13:37:38: [INFO 2026-04-16T16:37:38.595Z] POST /empresas
2026-04-16T13:37:40: [INFO 2026-04-16T16:37:40.109Z] GET /empresas/
2026-04-16T13:38:51: [INFO 2026-04-16T16:38:51.303Z] POST /empresas
2026-04-16T13:38:52: [INFO 2026-04-16T16:38:52.811Z] GET /empresas/
2026-04-16T13:40:04: [INFO 2026-04-16T16:40:04.194Z] POST /empresas
2026-04-16T13:40:05: [INFO 2026-04-16T16:40:05.755Z] GET /empresas/
2026-04-16T13:41:15: [INFO 2026-04-16T16:41:15.324Z] POST /empresas
2026-04-16T13:41:16: [INFO 2026-04-16T16:41:16.890Z] GET /empresas/
2026-04-16T13:42:28: [INFO 2026-04-16T16:42:28.111Z] POST /empresas
2026-04-16T13:42:29: [INFO 2026-04-16T16:42:29.671Z] GET /empresas/
2026-04-16T13:43:34: [INFO 2026-04-16T16:43:34.643Z] POST /empresas
2026-04-16T13:43:36: [INFO 2026-04-16T16:43:36.187Z] GET /empresas/
2026-04-16T13:44:41: [INFO 2026-04-16T16:44:41.682Z] POST /empresas
2026-04-16T13:44:43: [INFO 2026-04-16T16:44:43.171Z] GET /empresas/
2026-04-16T13:45:49: [INFO 2026-04-16T16:45:49.836Z] POST /empresas
2026-04-16T13:45:51: [INFO 2026-04-16T16:45:51.469Z] GET /empresas/
2026-04-16T13:46:56: [INFO 2026-04-16T16:46:56.687Z] POST /empresas
2026-04-16T13:46:58: [INFO 2026-04-16T16:46:58.215Z] GET /empresas/
2026-04-16T13:48:03: [INFO 2026-04-16T16:48:03.413Z] POST /empresas
2026-04-16T13:48:04: [INFO 2026-04-16T16:48:04.969Z] GET /empresas/
2026-04-16T13:49:10: [INFO 2026-04-16T16:49:10.539Z] POST /empresas
2026-04-16T13:49:12: [INFO 2026-04-16T16:49:12.097Z] GET /empresas/
2026-04-16T13:50:17: [INFO 2026-04-16T16:50:17.789Z] POST /empresas
2026-04-16T13:50:19: [INFO 2026-04-16T16:50:19.320Z] GET /empresas/
2026-04-16T13:51:04: [INFO 2026-04-16T16:51:04.469Z] GET /empresas/
2026-04-16T13:51:26: [INFO 2026-04-16T16:51:26.651Z] GET /empresas/
2026-04-16T13:52:34: [INFO 2026-04-16T16:52:34.300Z] GET /empresas/
2026-04-16T13:53:39: [INFO 2026-04-16T16:53:39.813Z] POST /empresas
2026-04-16T13:53:41: [INFO 2026-04-16T16:53:41.293Z] GET /empresas/
2026-04-16T13:54:46: [INFO 2026-04-16T16:54:46.617Z] POST /empresas
2026-04-16T13:54:48: [INFO 2026-04-16T16:54:48.148Z] GET /empresas/
2026-04-16T13:55:53: [INFO 2026-04-16T16:55:53.637Z] POST /empresas
2026-04-16T13:55:55: [INFO 2026-04-16T16:55:55.166Z] GET /empresas/
2026-04-16T14:05:56: [INFO 2026-04-16T17:05:56.111Z] POST /auth/login
2026-04-16T14:05:56: [INFO 2026-04-16T17:05:56.249Z] GET /empresas/
2026-04-16T14:05:56: [INFO 2026-04-16T17:05:56.256Z] GET /fisica/
2026-04-16T14:06:03: [INFO 2026-04-16T17:06:03.559Z] GET /empresas/
2026-04-16T14:06:10: [INFO 2026-04-16T17:06:10.204Z] GET /empresas/
2026-04-16T14:07:12: [INFO 2026-04-16T17:07:12.846Z] POST /empresas
2026-04-16T14:07:14: [INFO 2026-04-16T17:07:14.357Z] GET /empresas/
2026-04-16T14:08:25: [INFO 2026-04-16T17:08:25.801Z] POST /empresas
2026-04-16T14:08:27: [INFO 2026-04-16T17:08:27.333Z] GET /empresas/
2026-04-16T14:09:38: [INFO 2026-04-16T17:09:38.823Z] POST /empresas
2026-04-16T14:09:40: [INFO 2026-04-16T17:09:40.423Z] GET /empresas/
2026-04-16T14:10:51: [INFO 2026-04-16T17:10:51.551Z] POST /empresas
2026-04-16T14:10:53: [INFO 2026-04-16T17:10:53.080Z] GET /empresas/
2026-04-16T14:11:58: [INFO 2026-04-16T17:11:58.587Z] POST /empresas
2026-04-16T14:12:00: [INFO 2026-04-16T17:12:00.135Z] GET /empresas/
2026-04-16T14:13:05: [INFO 2026-04-16T17:13:05.532Z] POST /empresas
2026-04-16T14:13:07: [INFO 2026-04-16T17:13:07.062Z] GET /empresas/
2026-04-16T14:14:12: [INFO 2026-04-16T17:14:12.560Z] POST /empresas
2026-04-16T14:14:14: [INFO 2026-04-16T17:14:14.065Z] GET /empresas/
2026-04-16T14:15:19: [INFO 2026-04-16T17:15:19.907Z] POST /empresas
2026-04-16T14:15:21: [INFO 2026-04-16T17:15:21.481Z] GET /empresas/
2026-04-16T14:16:27: [INFO 2026-04-16T17:16:27.226Z] POST /empresas
2026-04-16T14:16:28: [INFO 2026-04-16T17:16:28.790Z] GET /empresas/
2026-04-16T14:17:34: [INFO 2026-04-16T17:17:34.210Z] POST /empresas
2026-04-16T14:17:35: [INFO 2026-04-16T17:17:35.765Z] GET /empresas/
2026-04-16T14:18:41: [INFO 2026-04-16T17:18:41.295Z] POST /empresas
2026-04-16T14:18:42: [INFO 2026-04-16T17:18:42.870Z] GET /empresas/
2026-04-16T14:19:48: [INFO 2026-04-16T17:19:48.197Z] POST /empresas
2026-04-16T14:19:49: [INFO 2026-04-16T17:19:49.721Z] GET /empresas/
2026-04-16T14:20:55: [INFO 2026-04-16T17:20:55.033Z] POST /empresas
2026-04-16T14:20:56: [INFO 2026-04-16T17:20:56.567Z] GET /empresas/
2026-04-16T14:22:02: [INFO 2026-04-16T17:22:02.249Z] POST /empresas
2026-04-16T14:22:03: [INFO 2026-04-16T17:22:03.934Z] GET /empresas/
2026-04-16T14:23:09: [INFO 2026-04-16T17:23:09.450Z] POST /empresas
2026-04-16T14:23:10: [INFO 2026-04-16T17:23:10.996Z] GET /empresas/
2026-04-16T14:24:17: [INFO 2026-04-16T17:24:17.122Z] POST /empresas
2026-04-16T14:24:18: [INFO 2026-04-16T17:24:18.702Z] GET /empresas/
2026-04-16T14:25:24: [INFO 2026-04-16T17:25:24.540Z] POST /empresas
2026-04-16T14:25:26: [INFO 2026-04-16T17:25:26.098Z] GET /empresas/
2026-04-16T14:26:31: [INFO 2026-04-16T17:26:31.742Z] POST /empresas
2026-04-16T14:26:33: [INFO 2026-04-16T17:26:33.291Z] GET /empresas/
2026-04-16T14:27:38: [INFO 2026-04-16T17:27:38.663Z] POST /empresas
2026-04-16T14:27:40: [INFO 2026-04-16T17:27:40.153Z] GET /empresas/
2026-04-16T14:28:46: [INFO 2026-04-16T17:28:46.247Z] POST /empresas
2026-04-16T14:28:47: [INFO 2026-04-16T17:28:47.793Z] GET /empresas/
2026-04-16T14:29:53: [INFO 2026-04-16T17:29:53.934Z] POST /empresas
2026-04-16T14:29:55: [INFO 2026-04-16T17:29:55.506Z] GET /empresas/
2026-04-16T14:31:01: [INFO 2026-04-16T17:31:01.253Z] POST /empresas
2026-04-16T14:31:02: [INFO 2026-04-16T17:31:02.797Z] GET /empresas/
2026-04-16T14:32:08: [INFO 2026-04-16T17:32:08.542Z] POST /empresas
2026-04-16T14:32:10: [INFO 2026-04-16T17:32:10.063Z] GET /empresas/
2026-04-16T14:33:16: [INFO 2026-04-16T17:33:16.178Z] POST /empresas
2026-04-16T14:33:17: [INFO 2026-04-16T17:33:17.703Z] GET /empresas/
2026-04-16T14:34:23: [INFO 2026-04-16T17:34:23.560Z] POST /empresas
2026-04-16T14:34:25: [INFO 2026-04-16T17:34:25.124Z] GET /empresas/
2026-04-16T14:35:31: [INFO 2026-04-16T17:35:31.103Z] POST /empresas
2026-04-16T14:35:32: [INFO 2026-04-16T17:35:32.676Z] GET /empresas/
2026-04-16T14:36:05: [INFO 2026-04-16T17:36:05.280Z] GET /empresas/
2026-04-28T11:25:48: [SUCCESS 2026-04-28T14:25:48.648Z] Servidor rodando na porta 3000
2026-04-28T11:25:48: [SUCCESS 2026-04-28T14:25:48.762Z] MySQL Pool conectado com sucesso
2026-04-28T11:25:57: [INFO 2026-04-28T14:25:57.160Z] POST /auth/login
2026-04-28T11:25:57: [INFO 2026-04-28T14:25:57.503Z] GET /empresas/
2026-04-28T11:25:57: [INFO 2026-04-28T14:25:57.505Z] GET /fisica/
2026-05-05T08:56:32: [SUCCESS 2026-05-05T11:56:32.185Z] Servidor rodando na porta 3000
2026-05-05T08:56:32: [SUCCESS 2026-05-05T11:56:32.272Z] MySQL Pool conectado com sucesso
2026-05-05T08:56:46: [INFO 2026-05-05T11:56:46.102Z] POST /auth/login
2026-05-05T08:56:46: [INFO 2026-05-05T11:56:46.501Z] GET /empresas/
2026-05-05T08:56:46: [INFO 2026-05-05T11:56:46.511Z] GET /fisica/
2026-05-06T08:15:38: [SUCCESS 2026-05-06T11:15:38.854Z] Servidor rodando na porta 3000
2026-05-06T08:15:38: [SUCCESS 2026-05-06T11:15:38.915Z] MySQL Pool conectado com sucesso
2026-05-13T08:52:47: [SUCCESS 2026-05-13T11:52:47.428Z] Servidor rodando na porta 3000
2026-05-13T08:52:47: [SUCCESS 2026-05-13T11:52:47.674Z] MySQL Pool conectado com sucesso
2026-05-14T11:39:06: [SUCCESS 2026-05-14T14:39:06.580Z] Servidor rodando na porta 3000
2026-05-14T11:39:06: [SUCCESS 2026-05-14T14:39:06.849Z] MySQL Pool conectado com sucesso
2026-05-15T10:38:03: [SUCCESS 2026-05-15T13:38:03.409Z] Servidor rodando na porta 3000
2026-05-15T10:38:03: [SUCCESS 2026-05-15T13:38:03.462Z] MySQL Pool conectado com sucesso
2026-05-15T10:38:16: [INFO 2026-05-15T13:38:16.832Z] GET /fisica
2026-05-15T10:38:16: [INFO 2026-05-15T13:38:16.834Z] GET /empresas
2026-05-15T10:38:16: [INFO 2026-05-15T13:38:16.842Z] GET /fisica/
2026-05-15T10:38:16: [INFO 2026-05-15T13:38:16.843Z] GET /empresas/
2026-05-15T10:38:40: [SUCCESS 2026-05-15T13:38:40.247Z] Servidor rodando na porta 3000
2026-05-15T10:38:40: [SUCCESS 2026-05-15T13:38:40.297Z] MySQL Pool conectado com sucesso
2026-05-15T10:38:53: [INFO 2026-05-15T13:38:53.291Z] GET /fisica
2026-05-15T10:38:53: [INFO 2026-05-15T13:38:53.295Z] GET /empresas
2026-05-15T10:39:19: [INFO 2026-05-15T13:39:19.605Z] POST /auth/login
2026-05-15T10:39:19: [INFO 2026-05-15T13:39:19.783Z] GET /fisica/
2026-05-15T10:39:19: [INFO 2026-05-15T13:39:19.784Z] GET /empresas/
2026-05-20T17:33:10: [INFO 2026-05-20T20:33:10.923Z] POST /auth/login
2026-05-20T17:33:11: [INFO 2026-05-20T20:33:11.544Z] GET /empresas/
2026-05-20T17:33:11: [INFO 2026-05-20T20:33:11.571Z] GET /fisica/
2026-05-20T17:33:14: [INFO 2026-05-20T20:33:14.656Z] GET /usuarios
2026-05-20T17:33:14: [INFO 2026-05-20T20:33:14.670Z] GET /usuarios/
2026-05-29T09:10:15: [SUCCESS 2026-05-29T12:10:15.924Z] Servidor rodando na porta 3000
2026-05-29T09:10:16: [SUCCESS 2026-05-29T12:10:16.048Z] MySQL Pool conectado com sucesso
2026-06-25T15:57:35: [SUCCESS 2026-06-25T18:57:35.357Z] Servidor rodando na porta 3000
2026-06-25T15:57:35: [SUCCESS 2026-06-25T18:57:35.423Z] MySQL Pool conectado com sucesso
2026-06-25T15:57:43: [INFO 2026-06-25T18:57:43.601Z] POST /auth/login
2026-06-25T15:57:44: [INFO 2026-06-25T18:57:44.021Z] GET /empresas
2026-06-25T15:57:44: [INFO 2026-06-25T18:57:44.029Z] GET /fisica
2026-06-25T15:57:44: [INFO 2026-06-25T18:57:44.078Z] GET /empresas/
2026-06-25T15:57:44: [INFO 2026-06-25T18:57:44.082Z] GET /fisica/
2026-07-21T14:43:09: [SUCCESS 2026-07-21T17:43:09.764Z] Servidor rodando na porta 3000
2026-07-21T14:43:09: [SUCCESS 2026-07-21T17:43:09.862Z] MySQL Pool conectado com sucesso
2026-07-21T14:43:11: [INFO 2026-07-21T17:43:11.958Z] POST /auth/login
2026-07-21T14:43:12: [INFO 2026-07-21T17:43:12.134Z] GET /fisica
2026-07-21T14:43:12: [INFO 2026-07-21T17:43:12.136Z] GET /empresas
2026-07-21T14:43:12: [INFO 2026-07-21T17:43:12.145Z] GET /fisica/
2026-07-21T14:43:12: [INFO 2026-07-21T17:43:12.146Z] GET /empresas/
2026-07-21T14:43:23: [INFO 2026-07-21T17:43:23.802Z] GET /empresas/
2026-07-21T14:43:27: [INFO 2026-07-21T17:43:27.895Z] GET /empresas/
2026-07-21T14:44:20: [INFO 2026-07-21T17:44:20.762Z] GET /fisica/
2026-07-21T14:44:21: [INFO 2026-07-21T17:44:21.900Z] GET /fisica/
2026-07-21T14:44:36: [INFO 2026-07-21T17:44:36.418Z] GET /usuarios
2026-07-21T14:44:36: [INFO 2026-07-21T17:44:36.424Z] GET /usuarios/
2026-07-21T14:44:43: [INFO 2026-07-21T17:44:43.161Z] GET /empresas/
2026-07-21T14:44:43: [INFO 2026-07-21T17:44:43.162Z] GET /fisica/
2026-07-21T14:46:44: [INFO 2026-07-21T17:46:44.024Z] GET /empresas/
2026-07-21T14:46:44: [INFO 2026-07-21T17:46:44.026Z] GET /fisica/
2026-07-21T14:47:37: [INFO 2026-07-21T17:47:37.428Z] GET /empresas/
2026-07-21T14:47:37: [INFO 2026-07-21T17:47:37.430Z] GET /fisica/
2026-07-21T14:48:08: [INFO 2026-07-21T17:48:08.032Z] GET /empresas/
2026-07-21T14:48:08: [INFO 2026-07-21T17:48:08.033Z] GET /fisica/
2026-07-21T14:48:37: [INFO 2026-07-21T17:48:37.217Z] GET /empresas/
2026-07-21T14:48:37: [INFO 2026-07-21T17:48:37.217Z] GET /fisica/
2026-07-21T14:48:58: [INFO 2026-07-21T17:48:58.072Z] GET /empresas/
2026-07-21T14:48:58: [INFO 2026-07-21T17:48:58.072Z] GET /fisica/
2026-07-21T14:49:05: [INFO 2026-07-21T17:49:05.850Z] GET /empresas/
2026-07-21T14:49:05: [INFO 2026-07-21T17:49:05.851Z] GET /fisica/
2026-07-21T14:49:13: [INFO 2026-07-21T17:49:13.926Z] GET /empresas/
2026-07-21T14:49:13: [INFO 2026-07-21T17:49:13.927Z] GET /fisica/
2026-07-21T14:49:38: [INFO 2026-07-21T17:49:38.982Z] GET /empresas/
2026-07-21T14:49:38: [INFO 2026-07-21T17:49:38.983Z] GET /fisica/
2026-07-21T14:54:01: [INFO 2026-07-21T17:54:01.770Z] GET /empresas/
2026-07-21T14:54:01: [INFO 2026-07-21T17:54:01.771Z] GET /fisica/
2026-07-22T10:28:18: [SUCCESS 2026-07-22T13:28:18.851Z] Servidor rodando na porta 3000
2026-07-22T10:28:18: [SUCCESS 2026-07-22T13:28:18.909Z] MySQL Pool conectado com sucesso
2026-07-22T10:29:15: [INFO 2026-07-22T13:29:15.660Z] POST /auth/login
2026-07-22T10:29:16: [INFO 2026-07-22T13:29:16.050Z] GET /fisica
2026-07-22T10:29:16: [INFO 2026-07-22T13:29:16.107Z] GET /fisica/
2026-07-22T10:29:16: [INFO 2026-07-22T13:29:16.112Z] GET /empresas/
2026-07-22T10:29:22: [INFO 2026-07-22T13:29:22.939Z] GET /empresas/
2026-07-22T10:29:22: [INFO 2026-07-22T13:29:22.941Z] GET /fisica/
2026-07-22T10:31:04: [INFO 2026-07-22T13:31:04.178Z] GET /empresas/
2026-07-22T10:31:04: [INFO 2026-07-22T13:31:04.179Z] GET /fisica/
2026-07-22T10:31:07: [INFO 2026-07-22T13:31:07.704Z] GET /fisica/
2026-07-22T10:31:09: [INFO 2026-07-22T13:31:09.607Z] GET /fisica/
2026-07-22T10:31:11: [INFO 2026-07-22T13:31:11.011Z] GET /fisica/
2026-07-22T10:31:32: [INFO 2026-07-22T13:31:32.135Z] POST /fisica
2026-07-22T10:31:34: [INFO 2026-07-22T13:31:34.502Z] GET /fisica/
2026-07-22T10:31:36: [INFO 2026-07-22T13:31:36.382Z] GET /fisica/
2026-07-22T10:31:37: [INFO 2026-07-22T13:31:37.582Z] GET /fisica/
2026-07-22T10:31:57: [INFO 2026-07-22T13:31:57.630Z] POST /fisica
2026-07-22T10:31:59: [INFO 2026-07-22T13:31:59.526Z] POST /fisica
2026-07-22T10:31:59: [INFO 2026-07-22T13:31:59.710Z] POST /fisica
2026-07-22T10:31:59: [INFO 2026-07-22T13:31:59.901Z] POST /fisica
2026-07-22T10:32:00: [INFO 2026-07-22T13:32:00.129Z] POST /fisica
2026-07-22T10:32:06: [INFO 2026-07-22T13:32:06.865Z] POST /fisica
2026-07-22T10:32:07: [INFO 2026-07-22T13:32:07.786Z] POST /fisica
2026-07-22T10:32:07: [INFO 2026-07-22T13:32:07.984Z] POST /fisica
2026-07-22T10:32:08: [INFO 2026-07-22T13:32:08.183Z] POST /fisica
2026-07-22T10:32:08: [INFO 2026-07-22T13:32:08.369Z] POST /fisica
2026-07-22T10:32:08: [INFO 2026-07-22T13:32:08.584Z] POST /fisica
2026-07-22T10:32:08: [INFO 2026-07-22T13:32:08.776Z] POST /fisica
2026-07-22T10:32:08: [INFO 2026-07-22T13:32:08.997Z] POST /fisica
2026-07-22T10:32:16: [INFO 2026-07-22T13:32:16.247Z] POST /fisica
2026-07-22T10:32:17: [INFO 2026-07-22T13:32:17.809Z] GET /fisica/
2026-07-22T10:32:18: [INFO 2026-07-22T13:32:18.582Z] GET /fisica/
2026-07-22T10:32:19: [INFO 2026-07-22T13:32:19.497Z] GET /fisica/
2026-07-22T10:32:20: [INFO 2026-07-22T13:32:20.578Z] GET /fisica/
2026-07-22T10:32:21: [INFO 2026-07-22T13:32:21.336Z] GET /fisica/
2026-07-22T10:53:02: [INFO 2026-07-22T13:53:02.171Z] GET /fisica/
2026-07-22T10:59:40: [INFO 2026-07-22T13:59:40.935Z] GET /fisica/
2026-07-22T14:10:01: [SUCCESS 2026-07-22T17:10:01.670Z] Servidor rodando na porta 3000
2026-07-22T14:10:01: [SUCCESS 2026-07-22T17:10:01.733Z] MySQL Pool conectado com sucesso
2026-07-22T14:10:39: [INFO 2026-07-22T17:10:39.967Z] POST /auth/login
2026-07-22T14:10:40: [INFO 2026-07-22T17:10:40.343Z] GET /empresas/
2026-07-22T14:10:40: [INFO 2026-07-22T17:10:40.347Z] GET /fisica/
2026-07-22T14:10:43: [INFO 2026-07-22T17:10:43.773Z] GET /fisica/
2026-07-22T14:10:57: [INFO 2026-07-22T17:10:57.155Z] POST /fisica
2026-07-22T14:10:57: [INFO 2026-07-22T17:10:57.179Z] GET /fisica
2026-07-22T14:10:57: [INFO 2026-07-22T17:10:57.202Z] GET /fisica/
2026-07-22T14:10:57: [INFO 2026-07-22T17:10:57.217Z] GET /fisica/
2026-07-22T14:11:02: [INFO 2026-07-22T17:11:02.942Z] GET /empresas/
2026-07-22T14:11:33: [INFO 2026-07-22T17:11:33.310Z] POST /empresas
2026-07-22T14:11:33: [INFO 2026-07-22T17:11:33.325Z] GET /empresas
2026-07-22T14:11:33: [INFO 2026-07-22T17:11:33.342Z] GET /empresas/
2026-07-22T14:11:33: [INFO 2026-07-22T17:11:33.356Z] GET /empresas/
2026-07-22T14:11:39: [INFO 2026-07-22T17:11:39.233Z] GET /empresas/
2026-07-22T14:11:45: [INFO 2026-07-22T17:11:45.668Z] DELETE /empresas/1
2026-07-22T14:11:45: [INFO 2026-07-22T17:11:45.697Z] GET /empresas/
2026-07-28T17:32:00: [SUCCESS 2026-07-28T20:32:00.070Z] Servidor rodando na porta 3000
2026-07-28T17:32:00: [SUCCESS 2026-07-28T20:32:00.148Z] MySQL Pool conectado com sucesso
2026-07-29T08:31:20: [SUCCESS 2026-07-29T11:31:20.250Z] Servidor rodando na porta 3000
2026-07-29T08:31:20: [SUCCESS 2026-07-29T11:31:20.285Z] MySQL Pool conectado com sucesso
2026-07-29T08:31:30: [INFO 2026-07-29T11:31:30.570Z] POST /auth/login
2026-07-29T08:31:30: [INFO 2026-07-29T11:31:30.973Z] GET /empresas/
2026-07-29T08:31:30: [INFO 2026-07-29T11:31:30.978Z] GET /fisica/
2026-07-29T08:32:29: [INFO 2026-07-29T11:32:29.806Z] GET /empresas/
2026-07-29T08:32:29: [INFO 2026-07-29T11:32:29.809Z] GET /fisica/
2026-07-29T08:32:30: [INFO 2026-07-29T11:32:30.345Z] GET /empresas/
2026-07-29T08:32:30: [INFO 2026-07-29T11:32:30.346Z] GET /fisica/
2026-07-29T08:33:20: [INFO 2026-07-29T11:33:20.892Z] GET /empresas/
2026-07-29T08:53:37: [INFO 2026-07-29T11:53:37.161Z] GET /empresas/
2026-07-29T09:23:37: [INFO 2026-07-29T12:23:37.663Z] GET /empresas/
2026-07-31T16:41:30: [SUCCESS 2026-07-31T19:41:30.307Z] Servidor rodando na porta 3000
2026-07-31T16:41:30: [SUCCESS 2026-07-31T19:41:30.408Z] MySQL Pool conectado com sucesso
2026-07-31T16:41:59: [INFO 2026-07-31T19:41:59.054Z] POST /auth/login
2026-07-31T16:41:59: [INFO 2026-07-31T19:41:59.506Z] GET /empresas/
2026-07-31T16:41:59: [INFO 2026-07-31T19:41:59.511Z] GET /fisica/
2026-07-31T16:49:36: [INFO 2026-07-31T19:49:36.009Z] POST /auth/login
2026-07-31T16:49:36: [INFO 2026-07-31T19:49:36.098Z] GET /empresas/
2026-07-31T16:49:36: [INFO 2026-07-31T19:49:36.100Z] GET /fisica/
2026-07-31T16:49:47: [INFO 2026-07-31T19:49:47.401Z] GET /empresas/
2026-07-31T16:49:50: [INFO 2026-07-31T19:49:50.229Z] GET /empresas/
2026-08-06T10:31:25: [SUCCESS 2026-08-06T13:31:25.394Z] Servidor rodando na porta 3000
2026-08-06T10:31:25: [SUCCESS 2026-08-06T13:31:25.476Z] MySQL Pool conectado com sucesso
2026-08-06T10:32:30: [SUCCESS 2026-08-06T13:32:30.121Z] Servidor rodando na porta 3000
2026-08-06T10:32:30: [SUCCESS 2026-08-06T13:32:30.134Z] MySQL Pool conectado com sucesso
2026-08-06T10:33:37: [SUCCESS 2026-08-06T13:33:37.430Z] Servidor rodando na porta 3000
2026-08-06T10:33:37: [SUCCESS 2026-08-06T13:33:37.444Z] MySQL Pool conectado com sucesso
2026-08-06T10:38:06: [INFO 2026-08-06T13:38:06.582Z] POST /auth/login
2026-08-06T10:38:07: [INFO 2026-08-06T13:38:07.987Z] POST /auth/login
2026-08-06T10:38:19: [INFO 2026-08-06T13:38:19.236Z] POST /auth/login
2026-08-06T10:38:19: [INFO 2026-08-06T13:38:19.516Z] GET /empresas/
2026-08-06T10:38:19: [INFO 2026-08-06T13:38:19.518Z] GET /fisica/
2026-08-06T10:38:21: [INFO 2026-08-06T13:38:21.628Z] GET /empresas/
2026-08-06T10:38:36: [INFO 2026-08-06T13:38:36.458Z] POST /empresas
2026-08-06T10:38:36: [INFO 2026-08-06T13:38:36.481Z] GET /empresas
2026-08-06T10:38:36: [INFO 2026-08-06T13:38:36.485Z] GET /empresas/
2026-08-06T10:38:36: [INFO 2026-08-06T13:38:36.493Z] GET /empresas/
2026-08-06T10:39:19: [INFO 2026-08-06T13:39:19.251Z] GET /empresas/
2026-08-06T10:39:49: [INFO 2026-08-06T13:39:49.216Z] GET /empresas/
2026-08-06T10:40:18: [INFO 2026-08-06T13:40:18.910Z] GET /empresas/
2026-08-06T10:41:04: [INFO 2026-08-06T13:41:04.288Z] GET /empresas/
2026-08-06T10:41:50: [INFO 2026-08-06T13:41:50.323Z] GET /empresas/
2026-08-06T10:43:08: [INFO 2026-08-06T13:43:08.057Z] GET /empresas/
2026-08-06T10:44:08: [INFO 2026-08-06T13:44:08.198Z] GET /empresas/
2026-08-06T10:44:46: [INFO 2026-08-06T13:44:46.231Z] GET /empresas/
2026-08-06T10:45:04: [INFO 2026-08-06T13:45:04.634Z] GET /empresas/
2026-08-06T10:45:22: [INFO 2026-08-06T13:45:22.078Z] GET /empresas/
2026-08-06T10:45:56: [INFO 2026-08-06T13:45:56.711Z] GET /empresas/
2026-08-06T11:08:14: [SUCCESS 2026-08-06T14:08:14.812Z] Servidor rodando na porta 3000
2026-08-06T11:08:14: [SUCCESS 2026-08-06T14:08:14.832Z] MySQL Pool conectado com sucesso
2026-08-06T11:08:29: [INFO 2026-08-06T14:08:29.321Z] POST /auth/login
2026-08-06T11:08:39: [INFO 2026-08-06T14:08:39.716Z] POST /auth/login
2026-08-06T11:08:39: [INFO 2026-08-06T14:08:39.801Z] GET /empresas/
2026-08-06T11:08:39: [INFO 2026-08-06T14:08:39.803Z] GET /fisica/
2026-08-06T11:08:44: [INFO 2026-08-06T14:08:44.823Z] GET /empresas/
2026-08-06T11:08:48: [INFO 2026-08-06T14:08:48.137Z] GET /empresas/
2026-08-06T11:08:48: [INFO 2026-08-06T14:08:48.543Z] GET /empresas/
2026-08-06T11:08:48: [INFO 2026-08-06T14:08:48.972Z] GET /empresas/
2026-08-06T11:09:06: [INFO 2026-08-06T14:09:06.240Z] GET /fisica/
2026-08-06T11:09:07: [INFO 2026-08-06T14:09:07.394Z] GET /fisica/
2026-08-06T11:09:11: [INFO 2026-08-06T14:09:11.284Z] GET /fisica/
2026-08-06T11:09:14: [INFO 2026-08-06T14:09:14.404Z] GET /fisica/
2026-08-06T11:10:32: [INFO 2026-08-06T14:10:32.962Z] GET /empresas/
2026-08-06T11:10:33: [INFO 2026-08-06T14:10:33.983Z] GET /empresas/
2026-08-06T11:10:36: [INFO 2026-08-06T14:10:36.996Z] GET /fisica/
2026-08-06T11:10:38: [INFO 2026-08-06T14:10:38.181Z] GET /fisica/
2026-08-06T11:10:39: [INFO 2026-08-06T14:10:39.151Z] GET /fisica/
2026-08-06T11:10:50: [INFO 2026-08-06T14:10:50.603Z] GET /fisica/
2026-08-06T11:10:54: [INFO 2026-08-06T14:10:54.161Z] DELETE /fisica/2
2026-08-06T11:10:54: [INFO 2026-08-06T14:10:54.175Z] GET /fisica/
2026-08-06T11:11:01: [INFO 2026-08-06T14:11:01.150Z] POST /fisica
2026-08-06T11:11:03: [INFO 2026-08-06T14:11:03.248Z] POST /fisica
2026-08-06T11:11:05: [INFO 2026-08-06T14:11:05.115Z] GET /fisica/
2026-08-06T11:11:05: [INFO 2026-08-06T14:11:05.591Z] GET /fisica/
2026-08-06T11:11:06: [INFO 2026-08-06T14:11:06.639Z] GET /fisica/
2026-08-06T11:11:19: [INFO 2026-08-06T14:11:19.308Z] GET /fisica/
2026-08-06T11:11:29: [INFO 2026-08-06T14:11:29.598Z] POST /fisica
2026-08-06T11:11:30: [INFO 2026-08-06T14:11:30.210Z] POST /fisica
2026-08-06T11:11:30: [INFO 2026-08-06T14:11:30.386Z] POST /fisica
2026-08-06T11:11:30: [INFO 2026-08-06T14:11:30.561Z] POST /fisica
2026-08-06T11:11:31: [INFO 2026-08-06T14:11:31.175Z] GET /fisica/
2026-08-06T11:11:49: [INFO 2026-08-06T14:11:49.723Z] GET /fisica/
2026-08-06T11:11:52: [INFO 2026-08-06T14:11:52.375Z] GET /fisica/
2026-08-06T11:11:56: [INFO 2026-08-06T14:11:56.917Z] GET /fisica/
2026-08-06T11:12:00: [INFO 2026-08-06T14:12:00.551Z] GET /fisica/
2026-08-06T11:12:02: [INFO 2026-08-06T14:12:02.514Z] GET /fisica/
2026-08-06T11:12:04: [INFO 2026-08-06T14:12:04.539Z] GET /fisica/
2026-08-06T11:12:06: [INFO 2026-08-06T14:12:06.610Z] GET /fisica/
2026-08-06T11:12:09: [INFO 2026-08-06T14:12:09.214Z] GET /fisica/
2026-08-06T11:12:13: [INFO 2026-08-06T14:12:13.068Z] GET /fisica/
2026-08-06T11:12:14: [INFO 2026-08-06T14:12:14.931Z] GET /fisica/
2026-08-06T11:12:16: [INFO 2026-08-06T14:12:16.990Z] GET /fisica/
2026-08-06T11:12:19: [INFO 2026-08-06T14:12:19.060Z] GET /fisica/
2026-08-06T11:12:20: [INFO 2026-08-06T14:12:20.936Z] GET /fisica/
2026-08-06T11:12:26: [INFO 2026-08-06T14:12:26.852Z] GET /fisica/
2026-08-06T11:12:29: [INFO 2026-08-06T14:12:29.282Z] GET /fisica/
2026-08-06T11:12:37: [INFO 2026-08-06T14:12:37.211Z] POST /fisica
2026-08-06T11:12:38: [INFO 2026-08-06T14:12:38.386Z] GET /fisica/
2026-08-06T11:12:39: [INFO 2026-08-06T14:12:39.724Z] GET /fisica/
2026-08-06T11:12:44: [SUCCESS 2026-08-06T14:12:44.282Z] Servidor rodando na porta 3000
2026-08-06T11:12:44: [SUCCESS 2026-08-06T14:12:44.299Z] MySQL Pool conectado com sucesso
2026-08-06T11:12:44: [INFO 2026-08-06T14:12:44.300Z] GET /fisica/
2026-08-06T11:12:44: [INFO 2026-08-06T14:12:44.890Z] GET /fisica/
2026-08-06T11:12:47: [INFO 2026-08-06T14:12:47.695Z] GET /fisica/
2026-08-06T11:12:54: [INFO 2026-08-06T14:12:54.964Z] POST /fisica
2026-08-06T11:12:54: [INFO 2026-08-06T14:12:54.982Z] GET /fisica
2026-08-06T11:12:54: [INFO 2026-08-06T14:12:54.992Z] GET /fisica/
2026-08-06T11:12:55: [INFO 2026-08-06T14:12:55.002Z] GET /fisica/
2026-08-06T11:13:03: [INFO 2026-08-06T14:13:03.338Z] GET /fisica/
2026-08-06T11:13:06: [INFO 2026-08-06T14:13:06.931Z] DELETE /fisica/2
2026-08-06T11:13:06: [INFO 2026-08-06T14:13:06.955Z] GET /fisica/
2026-08-06T11:13:10: [INFO 2026-08-06T14:13:10.725Z] DELETE /fisica/1
2026-08-06T11:13:10: [INFO 2026-08-06T14:13:10.742Z] GET /fisica/
2026-08-06T11:13:17: [INFO 2026-08-06T14:13:17.349Z] POST /fisica
2026-08-06T11:13:17: [INFO 2026-08-06T14:13:17.362Z] GET /fisica
2026-08-06T11:13:17: [INFO 2026-08-06T14:13:17.365Z] GET /fisica/
2026-08-06T11:13:17: [INFO 2026-08-06T14:13:17.369Z] GET /fisica/
2026-08-06T11:13:26: [INFO 2026-08-06T14:13:26.207Z] POST /fisica
2026-08-06T11:13:26: [INFO 2026-08-06T14:13:26.221Z] GET /fisica
2026-08-06T11:13:26: [INFO 2026-08-06T14:13:26.226Z] GET /fisica/
2026-08-06T11:13:26: [INFO 2026-08-06T14:13:26.233Z] GET /fisica/
2026-08-06T11:13:29: [INFO 2026-08-06T14:13:29.864Z] GET /fisica/
2026-08-06T11:13:32: [INFO 2026-08-06T14:13:32.824Z] DELETE /fisica/3
2026-08-06T11:13:32: [INFO 2026-08-06T14:13:32.843Z] DELETE /fisica/4
2026-08-06T11:13:32: [INFO 2026-08-06T14:13:32.861Z] GET /fisica/
2026-08-06T11:23:22: [INFO 2026-08-06T14:23:22.743Z] GET /fisica/
2026-08-06T11:23:23: [INFO 2026-08-06T14:23:23.326Z] GET /fisica/
2026-08-06T11:23:30: [INFO 2026-08-06T14:23:30.132Z] POST /fisica
2026-08-06T11:23:30: [INFO 2026-08-06T14:23:30.141Z] GET /fisica
2026-08-06T11:23:30: [INFO 2026-08-06T14:23:30.143Z] GET /fisica/
2026-08-06T11:23:30: [INFO 2026-08-06T14:23:30.149Z] GET /fisica/
2026-08-06T11:23:33: [INFO 2026-08-06T14:23:33.314Z] GET /empresas/
2026-08-06T11:23:35: [INFO 2026-08-06T14:23:35.596Z] GET /empresas/
2026-08-06T11:23:36: [INFO 2026-08-06T14:23:36.861Z] GET /empresas/
2026-08-06T11:23:37: [INFO 2026-08-06T14:23:37.513Z] GET /empresas/
2026-08-06T11:23:59: [INFO 2026-08-06T14:23:59.034Z] POST /empresas
2026-08-06T11:23:59: [INFO 2026-08-06T14:23:59.045Z] GET /empresas
2026-08-06T11:23:59: [INFO 2026-08-06T14:23:59.048Z] GET /empresas/
2026-08-06T11:23:59: [INFO 2026-08-06T14:23:59.053Z] GET /empresas/
2026-08-06T11:24:14: [INFO 2026-08-06T14:24:14.658Z] POST /empresas
2026-08-06T11:24:20: [INFO 2026-08-06T14:24:20.314Z] POST /empresas
2026-08-06T11:24:20: [INFO 2026-08-06T14:24:20.326Z] GET /empresas
2026-08-06T11:24:20: [INFO 2026-08-06T14:24:20.330Z] GET /empresas/
2026-08-06T11:24:20: [INFO 2026-08-06T14:24:20.337Z] GET /empresas/
2026-08-06T11:24:55: [INFO 2026-08-06T14:24:55.032Z] GET /empresas/
2026-08-06T11:24:59: [INFO 2026-08-06T14:24:59.476Z] DELETE /empresas/3
2026-08-06T11:24:59: [INFO 2026-08-06T14:24:59.490Z] DELETE /empresas/5
2026-08-06T11:24:59: [INFO 2026-08-06T14:24:59.502Z] GET /empresas/
2026-08-06T11:25:30: [INFO 2026-08-06T14:25:30.849Z] GET /empresas/
2026-08-06T11:25:30: [INFO 2026-08-06T14:25:30.850Z] GET /fisica/
2026-08-06T11:25:34: [INFO 2026-08-06T14:25:34.655Z] GET /empresas/
2026-08-06T11:25:35: [INFO 2026-08-06T14:25:35.829Z] GET /empresas/
2026-08-06T11:25:35: [INFO 2026-08-06T14:25:35.830Z] GET /fisica/
2026-08-06T11:26:37: [INFO 2026-08-06T14:26:37.842Z] GET /empresas/
2026-08-06T11:26:37: [INFO 2026-08-06T14:26:37.844Z] GET /fisica/
2026-08-06T11:26:39: [INFO 2026-08-06T14:26:39.081Z] GET /empresas/
2026-08-06T11:26:39: [INFO 2026-08-06T14:26:39.082Z] GET /fisica/
2026-08-06T11:26:42: [INFO 2026-08-06T14:26:42.719Z] GET /empresas/
2026-08-06T11:26:42: [INFO 2026-08-06T14:26:42.720Z] GET /fisica/
2026-08-06T11:26:48: [INFO 2026-08-06T14:26:48.236Z] GET /empresas/
2026-08-06T11:26:48: [INFO 2026-08-06T14:26:48.237Z] GET /fisica/
2026-08-06T11:26:58: [INFO 2026-08-06T14:26:58.285Z] GET /empresas/
2026-08-06T11:26:58: [INFO 2026-08-06T14:26:58.286Z] GET /fisica/
2026-08-06T11:29:08: [INFO 2026-08-06T14:29:08.048Z] GET /empresas/
2026-08-06T11:29:08: [INFO 2026-08-06T14:29:08.049Z] GET /fisica/
2026-08-06T11:48:55: [INFO 2026-08-06T14:48:55.776Z] GET /empresas/
2026-08-06T11:48:55: [INFO 2026-08-06T14:48:55.777Z] GET /fisica/
2026-08-06T11:48:55: [INFO 2026-08-06T14:48:55.962Z] GET /empresas/
2026-08-06T11:48:55: [INFO 2026-08-06T14:48:55.963Z] GET /fisica/
2026-08-06T12:18:55: [INFO 2026-08-06T15:18:55.980Z] GET /empresas/
2026-08-06T12:18:55: [INFO 2026-08-06T15:18:55.981Z] GET /fisica/
2026-08-06T12:48:55: [INFO 2026-08-06T15:48:55.847Z] GET /empresas/
2026-08-06T12:48:55: [INFO 2026-08-06T15:48:55.848Z] GET /fisica/
2026-08-06T18:01:19: [INFO 2026-08-06T21:01:19.036Z] POST /auth/login
2026-08-06T18:01:19: [INFO 2026-08-06T21:01:19.402Z] GET /empresas/
2026-08-06T18:01:19: [INFO 2026-08-06T21:01:19.405Z] GET /fisica/
